source_queue	volume	page	line	token_index	source_token	proposed_target	candidate_family	context_excerpt	evidence	confidence	suggested_action	block_reason	score	score_explanation
corrected_text_scan	wts_9_m	4	15	3	$	ś	guarded_dollar_to_sacute	Iranistik 19, $. 109-122.	guarded_dollar_scan	low	defer	artifact_or_numeric_noise	0	Dollar token lacks a clean alphabetic Tibetan-transliteration shape.
corrected_text_scan	wts_9_m	9	83	5	$	ś	guarded_dollar_to_sacute	"bisun mo ... 0?7/$ — dga’ nas ""seine beiden Ge-"	guarded_dollar_scan	low	defer	artifact_or_numeric_noise	0	Dollar token lacks a clean alphabetic Tibetan-transliteration shape.
corrected_text_scan	wts_9_m	10	12	3	$1284	ś1284	guarded_dollar_to_sacute	"ten hat"" ($1284 b3); siom pa — bskyed de"	guarded_dollar_scan	low	defer	artifact_or_numeric_noise	0	Dollar token lacks a clean alphabetic Tibetan-transliteration shape.
corrected_text_scan	wts_9_m	11	85	7	$	ś	guarded_dollar_to_sacute	(Vdk-M 157,2); bu 9)7/$ dwa ru — bZag dan	guarded_dollar_scan	low	defer	artifact_or_numeric_noise	0	Dollar token lacks a clean alphabetic Tibetan-transliteration shape.
corrected_text_scan	wts_9_m	11	87	7	$	ś	guarded_dollar_to_sacute	"sen zurück!"" (gZer 609,5); tha /$/)/9 — bsriel"	guarded_dollar_scan	low	defer	artifact_or_numeric_noise	0	Dollar token lacks a clean alphabetic Tibetan-transliteration shape.
corrected_text_scan	wts_9_m	15	53	5	$	ś	guarded_dollar_to_sacute	"lteba'i dkyil du bu ༡// {$ } srog thag daṅ —"" sñiñ"	guarded_dollar_scan	low	defer	artifact_or_numeric_noise	0	Dollar token lacks a clean alphabetic Tibetan-transliteration shape.
corrected_text_scan	wts_9_m	19	37	4	$	ś	guarded_dollar_to_sacute	"spyan ldan yons $// mya an 'das ""Anirud-"	guarded_dollar_scan	low	defer	artifact_or_numeric_noise	0	Dollar token lacks a clean alphabetic Tibetan-transliteration shape.
corrected_text_scan	wts_9_m	19	79	3	$	ś	guarded_dollar_to_sacute	babs bźi . .. $?7/7 ma la pha brgyud (r. rgyud)	guarded_dollar_scan	low	defer	artifact_or_numeric_noise	0	Dollar token lacks a clean alphabetic Tibetan-transliteration shape.
corrected_text_scan	wts_9_m	20	79	4	$	ś	guarded_dollar_to_sacute	"4428); — 9/7/$ = dvav aniyatan ""zwei un-"	guarded_dollar_scan	low	defer	artifact_or_numeric_noise	0	Dollar token lacks a clean alphabetic Tibetan-transliteration shape.
corrected_text_scan	wts_9_m	21	11	3	$5	ś5	guarded_dollar_to_sacute	"Lex. — 07/$5 = dviv aniyatan ""die beiden un-"	guarded_dollar_scan	low	defer	artifact_or_numeric_noise	0	Dollar token lacks a clean alphabetic Tibetan-transliteration shape.
corrected_text_scan	wts_9_m	29	50	3	$	ś	guarded_dollar_to_sacute	"na ka $ / manidzu Sri dzñā na ""die dreizehn"	guarded_dollar_scan	low	defer	artifact_or_numeric_noise	0	Dollar token lacks a clean alphabetic Tibetan-transliteration shape.
corrected_text_scan	wts_9_m	31	80	9	$	ś	guarded_dollar_to_sacute	"mischt"" (Hipp 193,19); — ru rta a rc ($)(2༡///"	guarded_dollar_scan	low	defer	artifact_or_numeric_noise	0	Dollar token lacks a clean alphabetic Tibetan-transliteration shape.
corrected_text_scan	wts_9_m	33	23	2	$	ś	guarded_dollar_to_sacute	ma $/?////	guarded_dollar_scan	low	defer	artifact_or_numeric_noise	0	Dollar token lacks a clean alphabetic Tibetan-transliteration shape.
corrected_text_scan	wts_9_m	33	32	9	$	ś	guarded_dollar_to_sacute	225); tshas nan na / ma pani ni! mtsho ?/$ brun	guarded_dollar_scan	low	defer	artifact_or_numeric_noise	0	Dollar token lacks a clean alphabetic Tibetan-transliteration shape.
corrected_text_scan	wts_9_m	36	83	3	$	ś	guarded_dollar_to_sacute	— ni khra ¡$ 'ishal / 'ur prug ni thani la gram	guarded_dollar_scan	low	defer	artifact_or_numeric_noise	0	Dollar token lacks a clean alphabetic Tibetan-transliteration shape.
corrected_text_scan	wts_9_m	39	63	3	$	ś	guarded_dollar_to_sacute	"— la sgos $// sdani po byed mi ""Nachbarn, die"	guarded_dollar_scan	low	defer	artifact_or_numeric_noise	0	Dollar token lacks a clean alphabetic Tibetan-transliteration shape.
corrected_text_scan	wts_9_m	40	25	7	$	ś	guarded_dollar_to_sacute	35,15); ben grüis 0)7/$ 'gyur ~~ 7 / lo geig na	guarded_dollar_scan	low	defer	artifact_or_numeric_noise	0	Dollar token lacks a clean alphabetic Tibetan-transliteration shape.
corrected_text_scan	wts_9_m	44	77	10	$	ś	guarded_dollar_to_sacute	"Nutzen sein"" (Tär 159,15); dus ma ?0/1($) pa"	guarded_dollar_scan	low	defer	artifact_or_numeric_noise	0	Dollar token lacks a clean alphabetic Tibetan-transliteration shape.
corrected_text_scan	wts_9_m	45	4	3	$	ś	guarded_dollar_to_sacute	"Zeiten"" (Dagy); ?/ (///$ = anāgatakālah ""zu-"	guarded_dollar_scan	low	defer	artifact_or_numeric_noise	0	Dollar token lacks a clean alphabetic Tibetan-transliteration shape.
corrected_text_scan	wts_9_m	46	5	3	$	ś	guarded_dollar_to_sacute	"134,8); /$/)/// —s sdug bsṅal bar gyur ta re ""es"	guarded_dollar_scan	low	defer	artifact_or_numeric_noise	0	Dollar token lacks a clean alphabetic Tibetan-transliteration shape.
corrected_text_scan	wts_9_m	47	2	2	$	ś	guarded_dollar_to_sacute	མཱ་ར་སྙེང་ཟ་ *་ mära $/7//? za ...	guarded_dollar_scan	low	defer	artifact_or_numeric_noise	0	Dollar token lacks a clean alphabetic Tibetan-transliteration shape.
corrected_text_scan	wts_9_m	47	17	2	$	ś	guarded_dollar_to_sacute	"11661); ///$ ) // — chas Zugs (metr.) ""sein Kör-"	guarded_dollar_scan	low	defer	artifact_or_numeric_noise	0	Dollar token lacks a clean alphabetic Tibetan-transliteration shape.
corrected_text_scan	wts_9_m	56	21	3	$	ś	guarded_dollar_to_sacute	2. Imtsho $)7/)? ma ha de wa.	guarded_dollar_scan	low	defer	artifact_or_numeric_noise	0	Dollar token lacks a clean alphabetic Tibetan-transliteration shape.
corrected_text_scan	wts_9_m	57	78	3	$	ś	guarded_dollar_to_sacute	"bZin du $?7/7? rje rje skad du hu'o ""wie ci-"	guarded_dollar_scan	low	defer	artifact_or_numeric_noise	0	Dollar token lacks a clean alphabetic Tibetan-transliteration shape.
corrected_text_scan	wts_9_m	65	78	8	9$5	9ś5	guarded_dollar_to_sacute	"genstände"" (gNas 4,7); phyi nani 7/9$5 pa"	guarded_dollar_scan	low	defer	artifact_or_numeric_noise	0	Dollar token lacks a clean alphabetic Tibetan-transliteration shape.
corrected_text_scan	wts_9_m	66	29	4	$	ś	guarded_dollar_to_sacute	"489); da royal $ Zn 07// phyin ril bgyis ""da"	guarded_dollar_scan	low	defer	artifact_or_numeric_noise	0	Dollar token lacks a clean alphabetic Tibetan-transliteration shape.
corrected_text_scan	wts_9_m	66	31	6	$	ś	guarded_dollar_to_sacute	"dern"" (PT1288 23); da royal ~$ / mtsho"	guarded_dollar_scan	low	defer	artifact_or_numeric_noise	0	Dollar token lacks a clean alphabetic Tibetan-transliteration shape.
corrected_text_scan	wts_9_m	66	32	5	$0	ś0	guarded_dollar_to_sacute	nag ston rur / rgya $0'// den pan dan / nol	guarded_dollar_scan	low	defer	artifact_or_numeric_noise	0	Dollar token lacks a clean alphabetic Tibetan-transliteration shape.
corrected_text_scan	wts_9_m	67	16	10	$	ś	guarded_dollar_to_sacute	"heißt es"" (Tär 99,7); royal po tu ruska ~$"	guarded_dollar_scan	low	defer	artifact_or_numeric_noise	0	Dollar token lacks a clean alphabetic Tibetan-transliteration shape.
corrected_text_scan	wts_9_m	69	70	6	5$	5ś	guarded_dollar_to_sacute	(Akhr2 100,13); 9)7/5$ kyani — so byas na gsum	guarded_dollar_scan	low	defer	artifact_or_numeric_noise	0	Dollar token lacks a clean alphabetic Tibetan-transliteration shape.
corrected_text_scan	wts_9_m	74	72	3	$	ś	guarded_dollar_to_sacute	lho phyogs $?10// po — 'phren ba rgyus (metr.)	guarded_dollar_scan	low	defer	artifact_or_numeric_noise	0	Dollar token lacks a clean alphabetic Tibetan-transliteration shape.
corrected_text_scan	wts_9_m	75	5	3	$	ś	guarded_dollar_to_sacute	stod las $// ... bar gi gnas 0/7/5 ... Man	guarded_dollar_scan	low	defer	artifact_or_numeric_noise	0	Dollar token lacks a clean alphabetic Tibetan-transliteration shape.
corrected_text_scan	wts_9_m	77	76	5	$	ś	guarded_dollar_to_sacute	"""Myrobalanen-Öl ist 51[1[$, kühl und schwer"""	guarded_dollar_scan	low	defer	artifact_or_numeric_noise	0	Dollar token lacks a clean alphabetic Tibetan-transliteration shape.
corrected_text_scan	wts_9_m	78	5	5	$	ś	guarded_dollar_to_sacute	"reicht"" (PT1287 461); — gsegs $// gsol ""komm"	guarded_dollar_scan	low	defer	artifact_or_numeric_noise	0	Dollar token lacks a clean alphabetic Tibetan-transliteration shape.
corrected_text_scan	wts_9_m	78	72	6	$	ś	guarded_dollar_to_sacute	"yar gyi ben 0)7/$ ///5 dan 'thab (metr.) ""das srog"	guarded_dollar_scan	low	defer	artifact_or_numeric_noise	0	Dollar token lacks a clean alphabetic Tibetan-transliteration shape.
corrected_text_scan	wts_9_m	78	73	8	$	ś	guarded_dollar_to_sacute	des sechsten [Jahres] nach unten und das ///$	guarded_dollar_scan	low	defer	artifact_or_numeric_noise	0	Dollar token lacks a clean alphabetic Tibetan-transliteration shape.
corrected_text_scan	wts_9_m	79	25	4	$	ś	guarded_dollar_to_sacute	"nmam tsha ba' ~$ btso (metr.) ""sindhira,"	guarded_dollar_scan	low	defer	artifact_or_numeric_noise	0	Dollar token lacks a clean alphabetic Tibetan-transliteration shape.
corrected_text_scan	wts_9_m	82	63	7	$	ś	guarded_dollar_to_sacute	"keinerlei innere Erfahrungen"" (Mil 74,5); ~$"	guarded_dollar_scan	low	defer	artifact_or_numeric_noise	0	Dollar token lacks a clean alphabetic Tibetan-transliteration shape.
corrected_text_scan	wts_9_m	83	48	2	$	ś	guarded_dollar_to_sacute	— bäin ... $?/ //??/ chags dbani gis 'jig ci (metr.)	guarded_dollar_scan	low	defer	artifact_or_numeric_noise	0	Dollar token lacks a clean alphabetic Tibetan-transliteration shape.
corrected_text_scan	wts_9_m	88	54	6	$77	ś77	guarded_dollar_to_sacute	45,17); śa Jam — nangi/ $77/77 thub gdun senis	guarded_dollar_scan	low	defer	artifact_or_numeric_noise	0	Dollar token lacks a clean alphabetic Tibetan-transliteration shape.
corrected_text_scan	wts_9_m	90	30	10	$	ś	guarded_dollar_to_sacute	"Pracht wird nie beschädigt"" (Int O0 +); 3//// 0?7/$"	guarded_dollar_scan	low	defer	artifact_or_numeric_noise	0	Dollar token lacks a clean alphabetic Tibetan-transliteration shape.
corrected_text_scan	wts_9_m	91	39	6	0$	0ś	guarded_dollar_to_sacute	"pas yun rin die — ""tsho 0$//7? skad ""es heißt, er"	guarded_dollar_scan	low	defer	artifact_or_numeric_noise	0	Dollar token lacks a clean alphabetic Tibetan-transliteration shape.
corrected_text_scan	wts_9_m	95	86	4	$	ś	guarded_dollar_to_sacute	2.4.73c); nad med ~$ kyani cun zad bt	guarded_dollar_scan	low	defer	artifact_or_numeric_noise	0	Dollar token lacks a clean alphabetic Tibetan-transliteration shape.
corrected_text_scan	wts_9_m	95	89	6	$	ś	guarded_dollar_to_sacute	rin dag ni bor nas $/¢ / sar pa gian dag —	guarded_dollar_scan	low	defer	artifact_or_numeric_noise	0	Dollar token lacks a clean alphabetic Tibetan-transliteration shape.
corrected_text_scan	wts_9_m	96	66	3	$	ś	guarded_dollar_to_sacute	"23); lha — $/)7//?/ ris mo nan ""in dem allge-"	guarded_dollar_scan	low	defer	artifact_or_numeric_noise	0	Dollar token lacks a clean alphabetic Tibetan-transliteration shape.
corrected_text_scan	wts_9_m	97	3	6	$	ś	guarded_dollar_to_sacute	u. ö.); rkari 0)7/$ pa (brDa); rkan grüis pa'i 'gro	guarded_dollar_scan	low	defer	artifact_or_numeric_noise	0	Dollar token lacks a clean alphabetic Tibetan-transliteration shape.
corrected_text_scan	wts_9_m	100	19	5	$	ś	guarded_dollar_to_sacute	sran nag / /7//7?$ nag / ram bu / sgog pa /	guarded_dollar_scan	low	defer	artifact_or_numeric_noise	0	Dollar token lacks a clean alphabetic Tibetan-transliteration shape.
corrected_text_scan	wts_9_m	102	49	1	$	ś	guarded_dollar_to_sacute	$ ; .	guarded_dollar_scan	low	defer	artifact_or_numeric_noise	0	Dollar token lacks a clean alphabetic Tibetan-transliteration shape.
corrected_text_scan	wts_9_m	104	42	9	$	ś	guarded_dollar_to_sacute	69,8); med du mi run rdel 077/$ te / mi 'gyur	guarded_dollar_scan	low	defer	artifact_or_numeric_noise	0	Dollar token lacks a clean alphabetic Tibetan-transliteration shape.
corrected_text_scan	wts_9_m	107	48	4	$77	ś77	guarded_dollar_to_sacute	10); sku la $77//?? dan sbrib skyems (r. skyem)	guarded_dollar_scan	low	defer	artifact_or_numeric_noise	0	Dollar token lacks a clean alphabetic Tibetan-transliteration shape.
corrected_text_scan	wts_9_m	108	18	3	$	ś	guarded_dollar_to_sacute	"Lex. lha $/)7//'/ min ""allgemeine Bezeichnung"	guarded_dollar_scan	low	defer	artifact_or_numeric_noise	0	Dollar token lacks a clean alphabetic Tibetan-transliteration shape.
corrected_text_scan	wts_9_m	108	61	7	$	ś	guarded_dollar_to_sacute	vgl. SWTT 5. v. Abrha, BHSD $. v. avrba.	guarded_dollar_scan	low	defer	artifact_or_numeric_noise	0	Dollar token lacks a clean alphabetic Tibetan-transliteration shape.
corrected_text_scan	wts_9_m	110	38	9	$	ś	guarded_dollar_to_sacute	2. Bez. für die Welt, vgl. BHSD: 588 $.	guarded_dollar_scan	low	defer	artifact_or_numeric_noise	0	Dollar token lacks a clean alphabetic Tibetan-transliteration shape.
corrected_text_scan	wts_9_m	111	69	1	$	ś	guarded_dollar_to_sacute	"~$ bsniens pa mi mna' ba ""infolge der vier"	guarded_dollar_scan	low	defer	artifact_or_numeric_noise	0	Dollar token lacks a clean alphabetic Tibetan-transliteration shape.
corrected_text_scan	wts_9_m	112	14	5	$751	ś751	guarded_dollar_to_sacute	"scher für die Menschen"" ($751 35b2); gnam"	guarded_dollar_scan	low	defer	artifact_or_numeric_noise	0	Dollar token lacks a clean alphabetic Tibetan-transliteration shape.
corrected_text_scan	wts_9_m	118	50	8	$	ś	guarded_dollar_to_sacute	55,11); spyod pa thams cad — rjes $// mthim	guarded_dollar_scan	low	defer	artifact_or_numeric_noise	0	Dollar token lacks a clean alphabetic Tibetan-transliteration shape.
corrected_text_scan	wts_9_m	120	87	9	$	ś	guarded_dollar_to_sacute	"phyugs nad la sogs pa'i bkra mi 6/$ pa ""Unheil"	guarded_dollar_scan	low	defer	artifact_or_numeric_noise	0	Dollar token lacks a clean alphabetic Tibetan-transliteration shape.
corrected_text_scan	wts_9_m	125	25	1	$	ś	guarded_dollar_to_sacute	"~$ btsugs (metr.) ""in die ger-Gesänge des"	guarded_dollar_scan	low	defer	artifact_or_numeric_noise	0	Dollar token lacks a clean alphabetic Tibetan-transliteration shape.
corrected_text_scan	wts_9_m	125	90	1	$	ś	guarded_dollar_to_sacute	"[©$ gewährt worden"" (MTH3/5/28 21)."	guarded_dollar_scan	low	defer	artifact_or_numeric_noise	0	Dollar token lacks a clean alphabetic Tibetan-transliteration shape.
corrected_text_scan	wts_9_m	126	80	6	$	ś	guarded_dollar_to_sacute	Lex. yi dwags kyi rigs $// gtogs pa' serns can ig	guarded_dollar_scan	low	defer	artifact_or_numeric_noise	0	Dollar token lacks a clean alphabetic Tibetan-transliteration shape.
corrected_text_scan	wts_9_m	127	43	3	$	ś	guarded_dollar_to_sacute	mihu rtags $// ... — dṅos su bkug pa sogs ...	guarded_dollar_scan	low	defer	artifact_or_numeric_noise	0	Dollar token lacks a clean alphabetic Tibetan-transliteration shape.
corrected_text_scan	wts_9_m	127	55	1	$	ś	guarded_dollar_to_sacute	$ ///// go byed du blon ran gi — brgyud bcas	guarded_dollar_scan	low	defer	artifact_or_numeric_noise	0	Dollar token lacks a clean alphabetic Tibetan-transliteration shape.
corrected_text_scan	wts_9_m	130	31	5	$	ś	guarded_dollar_to_sacute	phyi nan 0)7/$ kar gi lha'i rdo sku — tsam pa	guarded_dollar_scan	low	defer	artifact_or_numeric_noise	0	Dollar token lacks a clean alphabetic Tibetan-transliteration shape.
corrected_text_scan	wts_9_m	132	8	3	$	ś	guarded_dollar_to_sacute	2012: 1520 $. ¥, mi zad); skt. vyaya (JAcoBI	guarded_dollar_scan	low	defer	artifact_or_numeric_noise	0	Dollar token lacks a clean alphabetic Tibetan-transliteration shape.
corrected_text_scan	wts_9_m	132	24	7	$	ś	guarded_dollar_to_sacute	chub sems dpa'i gzuns beu 077/$ kyi miṅ).	guarded_dollar_scan	low	defer	artifact_or_numeric_noise	0	Dollar token lacks a clean alphabetic Tibetan-transliteration shape.
corrected_text_scan	wts_9_m	138	7	9	$	ś	guarded_dollar_to_sacute	nan 'gro rnams las rin / mi yi rigs $// skye	guarded_dollar_scan	low	defer	artifact_or_numeric_noise	0	Dollar token lacks a clean alphabetic Tibetan-transliteration shape.
corrected_text_scan	wts_9_m	138	31	5	$	ś	guarded_dollar_to_sacute	"do ma') myi rigs $/7/)7 dags gyi myi rigs ""es"	guarded_dollar_scan	low	defer	artifact_or_numeric_noise	0	Dollar token lacks a clean alphabetic Tibetan-transliteration shape.
corrected_text_scan	wts_9_m	139	46	3	$	ś	guarded_dollar_to_sacute	མི་རུས་ mirus Kurzf. [, ༡/// ༡// ?//$ /)¢¿ Menschen-	guarded_dollar_scan	low	defer	artifact_or_numeric_noise	0	Dollar token lacks a clean alphabetic Tibetan-transliteration shape.
corrected_text_scan	wts_9_m	140	60	3	70$	70ś	guarded_dollar_to_sacute	rlag ste /70$ la khad pa la / byur dan —'i chu	guarded_dollar_scan	low	defer	artifact_or_numeric_noise	0	Dollar token lacks a clean alphabetic Tibetan-transliteration shape.
corrected_text_scan	wts_9_m	145	32	4	$	ś	guarded_dollar_to_sacute	"io ""hr ba $// yis bstan (metr.) ""wer hat dem"	guarded_dollar_scan	low	defer	artifact_or_numeric_noise	0	Dollar token lacks a clean alphabetic Tibetan-transliteration shape.
corrected_text_scan	wts_9_m	146	14	11	$	ś	guarded_dollar_to_sacute	"nes Yaks"" (KunK 32,7); ni zla rnam 0/7/$ gsal"	guarded_dollar_scan	low	defer	artifact_or_numeric_noise	0	Dollar token lacks a clean alphabetic Tibetan-transliteration shape.
corrected_text_scan	wts_9_m	147	66	8	$	ś	guarded_dollar_to_sacute	"heiten ohne Augen"" (Rgs 7.1c); gari tsbe ¢$"	guarded_dollar_scan	low	defer	artifact_or_numeric_noise	0	Dollar token lacks a clean alphabetic Tibetan-transliteration shape.
corrected_text_scan	wts_9_m	149	69	5	$	ś	guarded_dollar_to_sacute	"Lex. nuiggi nos 077/$ /03// 2//?- ""Winkelan beiden"	guarded_dollar_scan	low	defer	artifact_or_numeric_noise	0	Dollar token lacks a clean alphabetic Tibetan-transliteration shape.
corrected_text_scan	wts_9_m	158	11	9	$	ś	guarded_dollar_to_sacute	(1?)7///90 4); vgl. Schun 2012: 1521 $. ¥. mig	guarded_dollar_scan	low	defer	artifact_or_numeric_noise	0	Dollar token lacks a clean alphabetic Tibetan-transliteration shape.
corrected_text_scan	wts_9_m	160	20	4	$	ś	guarded_dollar_to_sacute	dan smigrgyu dan $,07/// ma'i pha rol tu phyin	guarded_dollar_scan	low	defer	artifact_or_numeric_noise	0	Dollar token lacks a clean alphabetic Tibetan-transliteration shape.
corrected_text_scan	wts_9_m	160	32	6	$07	ś07	guarded_dollar_to_sacute	Lex. pratibhāsah (Mvy 2821, Abt. $07/// ma la	guarded_dollar_scan	low	defer	artifact_or_numeric_noise	0	Dollar token lacks a clean alphabetic Tibetan-transliteration shape.
corrected_text_scan	wts_9_m	162	10	6	$	ś	guarded_dollar_to_sacute	"dpag pa'i sku skye'am sprul $/0//""/ min can"	guarded_dollar_scan	low	defer	artifact_or_numeric_noise	0	Dollar token lacks a clean alphabetic Tibetan-transliteration shape.
corrected_text_scan	wts_9_m	163	1	1	$	ś	guarded_dollar_to_sacute	"$ "",',"	guarded_dollar_scan	low	defer	artifact_or_numeric_noise	0	Dollar token lacks a clean alphabetic Tibetan-transliteration shape.
corrected_text_scan	wts_9_m	164	86	5	$	ś	guarded_dollar_to_sacute	"Welt"" (Mvy 6558); — rjes $// brtags pa = nd-"	guarded_dollar_scan	low	defer	artifact_or_numeric_noise	0	Dollar token lacks a clean alphabetic Tibetan-transliteration shape.
corrected_text_scan	wts_9_m	166	59	3	$	ś	guarded_dollar_to_sacute	mchod 97/$ 'gani can min du thogs pa yod	guarded_dollar_scan	low	defer	artifact_or_numeric_noise	0	Dollar token lacks a clean alphabetic Tibetan-transliteration shape.
corrected_text_scan	wts_9_m	167	4	3	$	ś	guarded_dollar_to_sacute	2012: 1521 $. ¥ mir gzugs.	guarded_dollar_scan	low	defer	artifact_or_numeric_noise	0	Dollar token lacks a clean alphabetic Tibetan-transliteration shape.
corrected_text_scan	wts_9_m	168	19	6	$	ś	guarded_dollar_to_sacute	"worden ist"" (Prav 109,24); ~$ de la dris pa"	guarded_dollar_scan	low	defer	artifact_or_numeric_noise	0	Dollar token lacks a clean alphabetic Tibetan-transliteration shape.
corrected_text_scan	wts_9_m	168	30	7	$	ś	guarded_dollar_to_sacute	dral po ni — (Liś 23,6); ~$ bsruns pa= bhra-	guarded_dollar_scan	low	defer	artifact_or_numeric_noise	0	Dollar token lacks a clean alphabetic Tibetan-transliteration shape.
corrected_text_scan	wts_9_m	169	83	4	$	ś	guarded_dollar_to_sacute	"oder auch 1, $, ¥, gegessen"" (brDa); — pa"	guarded_dollar_scan	low	defer	artifact_or_numeric_noise	0	Dollar token lacks a clean alphabetic Tibetan-transliteration shape.
corrected_text_scan	wts_9_m	170	24	2	$	ś	guarded_dollar_to_sacute	"rjes $// yani ldog yani zas pas so ""wie Rinder"	guarded_dollar_scan	low	defer	artifact_or_numeric_noise	0	Dollar token lacks a clean alphabetic Tibetan-transliteration shape.
corrected_text_scan	wts_9_m	170	28	4	$	ś	guarded_dollar_to_sacute	"sogs ltar 77/$ ldad rgyag pa ""wie Rinder usw.,"	guarded_dollar_scan	low	defer	artifact_or_numeric_noise	0	Dollar token lacks a clean alphabetic Tibetan-transliteration shape.
corrected_text_scan	wts_9_m	171	44	7	$	ś	guarded_dollar_to_sacute	"od geweiht"" (Mvup 4.20d); lag pa ¿$ cher"	guarded_dollar_scan	low	defer	artifact_or_numeric_noise	0	Dollar token lacks a clean alphabetic Tibetan-transliteration shape.
corrected_text_scan	wts_9_m	172	18	1	$	ś	guarded_dollar_to_sacute	$[, $	guarded_dollar_scan	low	defer	artifact_or_numeric_noise	0	Dollar token lacks a clean alphabetic Tibetan-transliteration shape.
corrected_text_scan	wts_9_m	172	18	2	$	ś	guarded_dollar_to_sacute	$[, $	guarded_dollar_scan	low	defer	artifact_or_numeric_noise	0	Dollar token lacks a clean alphabetic Tibetan-transliteration shape.
corrected_text_scan	wts_9_m	176	37	4	$	ś	guarded_dollar_to_sacute	མིའི་ལུས་ 7 lus Tomi ///$.	guarded_dollar_scan	low	defer	artifact_or_numeric_noise	0	Dollar token lacks a clean alphabetic Tibetan-transliteration shape.
corrected_text_scan	wts_9_m	184	22	3	$01	ś01	guarded_dollar_to_sacute	"heißt, dies $01 77a leibs und via phyis"" (brDa)."	guarded_dollar_scan	low	defer	artifact_or_numeric_noise	0	Dollar token lacks a clean alphabetic Tibetan-transliteration shape.
corrected_text_scan	wts_9_m	184	58	5	$	ś	guarded_dollar_to_sacute	"de Mönch"" (Nel 3b3); ~$ ... khira sna'i lhi"	guarded_dollar_scan	low	defer	artifact_or_numeric_noise	0	Dollar token lacks a clean alphabetic Tibetan-transliteration shape.
corrected_text_scan	wts_9_m	185	11	1	$	ś	guarded_dollar_to_sacute	"~$ btab nas rgyal po la phul te ""nachdem er"	guarded_dollar_scan	low	defer	artifact_or_numeric_noise	0	Dollar token lacks a clean alphabetic Tibetan-transliteration shape.
corrected_text_scan	wts_9_m	185	42	2	$	ś	guarded_dollar_to_sacute	pa $/07 po'i min —'am mu to ba Zes pa'ani	guarded_dollar_scan	low	defer	artifact_or_numeric_noise	0	Dollar token lacks a clean alphabetic Tibetan-transliteration shape.
corrected_text_scan	wts_9_m	191	10	6	$	ś	guarded_dollar_to_sacute	yol med dan 0)7/$ ka yin min gyi mu lta bu	guarded_dollar_scan	low	defer	artifact_or_numeric_noise	0	Dollar token lacks a clean alphabetic Tibetan-transliteration shape.
corrected_text_scan	wts_9_m	193	35	4	$	ś	guarded_dollar_to_sacute	vel. aber BHSD $. v. musära.	guarded_dollar_scan	low	defer	artifact_or_numeric_noise	0	Dollar token lacks a clean alphabetic Tibetan-transliteration shape.
corrected_text_scan	wts_9_m	193	49	7	$	ś	guarded_dollar_to_sacute	myari tsen cu dan /phaspunpo — 007/$ m dku	guarded_dollar_scan	low	defer	artifact_or_numeric_noise	0	Dollar token lacks a clean alphabetic Tibetan-transliteration shape.
corrected_text_scan	wts_9_m	194	14	6	$	ś	guarded_dollar_to_sacute	"Lex. g.yo zol ↑ gaṅ gi ~$ rari nyid bslu ""be-"	guarded_dollar_scan	low	defer	artifact_or_numeric_noise	0	Dollar token lacks a clean alphabetic Tibetan-transliteration shape.
corrected_text_scan	wts_9_m	198	9	10	$	ś	guarded_dollar_to_sacute	6); yi ge ka lta bu gcig sam 6©$ pas kyari ka	guarded_dollar_scan	low	defer	artifact_or_numeric_noise	0	Dollar token lacks a clean alphabetic Tibetan-transliteration shape.
corrected_text_scan	wts_9_m	199	11	3	$	ś	guarded_dollar_to_sacute	byan phyogs $// dpag tshad geig broya dan	guarded_dollar_scan	low	defer	artifact_or_numeric_noise	0	Dollar token lacks a clean alphabetic Tibetan-transliteration shape.
corrected_text_scan	wts_9_m	202	23	9	$	ś	guarded_dollar_to_sacute	"die Nüstern angeht"" (Hipp 172,9); — 9/7/$"	guarded_dollar_scan	low	defer	artifact_or_numeric_noise	0	Dollar token lacks a clean alphabetic Tibetan-transliteration shape.
corrected_text_scan	wts_9_m	204	13	1	$	ś	guarded_dollar_to_sacute	"~$ bsregs te ""die Klöster brannte man weitge-"	guarded_dollar_scan	low	defer	artifact_or_numeric_noise	0	Dollar token lacks a clean alphabetic Tibetan-transliteration shape.
corrected_text_scan	wts_9_m	204	80	10	$	ś	guarded_dollar_to_sacute	"dig"" (SākNth 27,3); sku gdun rari by gi ~$"	guarded_dollar_scan	low	defer	artifact_or_numeric_noise	0	Dollar token lacks a clean alphabetic Tibetan-transliteration shape.
corrected_text_scan	wts_9_m	205	18	5	$	ś	guarded_dollar_to_sacute	"(MTH3/5/10 47); ~$ chu skol ""mit Veuer"	guarded_dollar_scan	low	defer	artifact_or_numeric_noise	0	Dollar token lacks a clean alphabetic Tibetan-transliteration shape.
corrected_text_scan	wts_9_m	205	68	2	70$	70ś	guarded_dollar_to_sacute	"rol /70$ la rtog byed pa / ""di grüis dug gi —"	guarded_dollar_scan	low	defer	artifact_or_numeric_noise	0	Dollar token lacks a clean alphabetic Tibetan-transliteration shape.
corrected_text_scan	wts_9_m	208	69	3	$07	ś07	guarded_dollar_to_sacute	rus so $07/ bla $/?? mi / sgo'am ji — pai	guarded_dollar_scan	low	defer	artifact_or_numeric_noise	0	Dollar token lacks a clean alphabetic Tibetan-transliteration shape.
corrected_text_scan	wts_9_m	208	69	5	$	ś	guarded_dollar_to_sacute	rus so $07/ bla $/?? mi / sgo'am ji — pai	guarded_dollar_scan	low	defer	artifact_or_numeric_noise	0	Dollar token lacks a clean alphabetic Tibetan-transliteration shape.
corrected_text_scan	wts_9_m	221	47	7	$	ś	guarded_dollar_to_sacute	"se, Lepra [usw.]"" (Ahs 1.4.18a); 77///$ khrag"	guarded_dollar_scan	low	defer	artifact_or_numeric_noise	0	Dollar token lacks a clean alphabetic Tibetan-transliteration shape.
corrected_text_scan	wts_9_m	221	74	3	$	ś	guarded_dollar_to_sacute	"Lex. iha $/)7//""/ min mi sbyin skyes Zes pa'ani"	guarded_dollar_scan	low	defer	artifact_or_numeric_noise	0	Dollar token lacks a clean alphabetic Tibetan-transliteration shape.
corrected_text_scan	wts_9_m	221	77	1	$	ś	guarded_dollar_to_sacute	$//༡/// min (Dagy).	guarded_dollar_scan	low	defer	artifact_or_numeric_noise	0	Dollar token lacks a clean alphabetic Tibetan-transliteration shape.
corrected_text_scan	wts_9_m	231	15	6	$	ś	guarded_dollar_to_sacute	"(Mvy 1889); ""dini ... 0/1/$ su byar — cin tha mi"	guarded_dollar_scan	low	defer	artifact_or_numeric_noise	0	Dollar token lacks a clean alphabetic Tibetan-transliteration shape.
corrected_text_scan	wts_9_m	232	51	7	$	ś	guarded_dollar_to_sacute	"śes rnam par śes pa rdzas $// yod dam ~ ""gibt"	guarded_dollar_scan	low	defer	artifact_or_numeric_noise	0	Dollar token lacks a clean alphabetic Tibetan-transliteration shape.
corrected_text_scan	wts_9_m	233	52	1	$	ś	guarded_dollar_to_sacute	"— ///$ can khyod (metr.) ""du mit makel-"	guarded_dollar_scan	low	defer	artifact_or_numeric_noise	0	Dollar token lacks a clean alphabetic Tibetan-transliteration shape.
corrected_text_scan	wts_9_m	234	10	9	$	ś	guarded_dollar_to_sacute	rtagpa Zes bya ba'i / rgyu niciyali — ces 05//??$	guarded_dollar_scan	low	defer	artifact_or_numeric_noise	0	Dollar token lacks a clean alphabetic Tibetan-transliteration shape.
corrected_text_scan	wts_9_m	234	33	4	$	ś	guarded_dollar_to_sacute	"(sBa 59,6); $)7/?7 po gan yari — ""es hat keiner-"	guarded_dollar_scan	low	defer	artifact_or_numeric_noise	0	Dollar token lacks a clean alphabetic Tibetan-transliteration shape.
corrected_text_scan	wts_9_m	234	62	7	$	ś	guarded_dollar_to_sacute	"Zweiheit"" (Mvy 1717); 'dini 9)7/$ su — des"	guarded_dollar_scan	low	defer	artifact_or_numeric_noise	0	Dollar token lacks a clean alphabetic Tibetan-transliteration shape.
corrected_text_scan	wts_9_m	235	8	4	$	ś	guarded_dollar_to_sacute	~ rdel 0?7/$ ni / kha yan ... gani babs (metr.)	guarded_dollar_scan	low	defer	artifact_or_numeric_noise	0	Dollar token lacks a clean alphabetic Tibetan-transliteration shape.
corrected_text_scan	wts_9_m	235	54	4	$	ś	guarded_dollar_to_sacute	bka' drin 07//$ // / / phyi nani myed par / phyogs	guarded_dollar_scan	low	defer	artifact_or_numeric_noise	0	Dollar token lacks a clean alphabetic Tibetan-transliteration shape.
corrected_text_scan	wts_9_m	238	60	7	$	ś	guarded_dollar_to_sacute	rgun 'brum bdal pa lta bu ///$ serns 0)7/$ ka —	guarded_dollar_scan	low	defer	artifact_or_numeric_noise	0	Dollar token lacks a clean alphabetic Tibetan-transliteration shape.
corrected_text_scan	wts_9_m	238	60	11	$	ś	guarded_dollar_to_sacute	rgun 'brum bdal pa lta bu ///$ serns 0)7/$ ka —	guarded_dollar_scan	low	defer	artifact_or_numeric_noise	0	Dollar token lacks a clean alphabetic Tibetan-transliteration shape.
corrected_text_scan	wts_9_m	239	58	4	$	ś	guarded_dollar_to_sacute	"ba"" (PT1288 16); ~$ bram ze'i khye'u 'dPi"	guarded_dollar_scan	low	defer	artifact_or_numeric_noise	0	Dollar token lacks a clean alphabetic Tibetan-transliteration shape.
corrected_text_scan	wts_9_m	243	92	3	$	ś	guarded_dollar_to_sacute	"ma ... Ag $/0/7 — la rgyu Zin 'dug nas ""ei-"	guarded_dollar_scan	low	defer	artifact_or_numeric_noise	0	Dollar token lacks a clean alphabetic Tibetan-transliteration shape.
corrected_text_scan	wts_9_m	244	73	2	$	ś	guarded_dollar_to_sacute	"="" (7. ~$) phyogs bcur g.yab pas ""er wedel-"	guarded_dollar_scan	low	defer	artifact_or_numeric_noise	0	Dollar token lacks a clean alphabetic Tibetan-transliteration shape.
corrected_text_scan	wts_9_m	244	85	7	$	ś	guarded_dollar_to_sacute	468); dpal gi lha mo chen ~$ / ... sprul te	guarded_dollar_scan	low	defer	artifact_or_numeric_noise	0	Dollar token lacks a clean alphabetic Tibetan-transliteration shape.
corrected_text_scan	wts_9_m	244	87	7	$	ś	guarded_dollar_to_sacute	"gische Weise"" (Liy2 56); chu dron ~$ ""mit"	guarded_dollar_scan	low	defer	artifact_or_numeric_noise	0	Dollar token lacks a clean alphabetic Tibetan-transliteration shape.
corrected_text_scan	wts_9_m	245	3	1	$	ś	guarded_dollar_to_sacute	"~$ ""inschweren Eisenketten"" (K3 ja 231b2);"	guarded_dollar_scan	low	defer	artifact_or_numeric_noise	0	Dollar token lacks a clean alphabetic Tibetan-transliteration shape.
corrected_text_scan	wts_9_m	245	84	7	$	ś	guarded_dollar_to_sacute	"Pramäna usw."" (Bu-śz 88,4); smad '/$/90)? ma"	guarded_dollar_scan	low	defer	artifact_or_numeric_noise	0	Dollar token lacks a clean alphabetic Tibetan-transliteration shape.
corrected_text_scan	wts_9_m	246	76	8	$5	ś5	guarded_dollar_to_sacute	mthun gi bris daṅ 'dra 09)7/$5 'di don ltar Ii	guarded_dollar_scan	low	defer	artifact_or_numeric_noise	0	Dollar token lacks a clean alphabetic Tibetan-transliteration shape.
corrected_text_scan	wts_9_m	249	29	9	$	ś	guarded_dollar_to_sacute	jd, b, dz, w, 2, z, 'a, y, $ und s, das Präfix	guarded_dollar_scan	low	defer	artifact_or_numeric_noise	0	Dollar token lacks a clean alphabetic Tibetan-transliteration shape.
corrected_text_scan	wts_9_m	255	70	2	$	ś	guarded_dollar_to_sacute	na '¡ $??? mo Zig kyani / 2//? po rje 'iga na 'dug	guarded_dollar_scan	low	defer	artifact_or_numeric_noise	0	Dollar token lacks a clean alphabetic Tibetan-transliteration shape.
corrected_text_scan	wts_9_m	265	17	7	$	ś	guarded_dollar_to_sacute	"""stage of zealous conduct"" (BHSD 14 $. ¥."	guarded_dollar_scan	low	defer	artifact_or_numeric_noise	0	Dollar token lacks a clean alphabetic Tibetan-transliteration shape.
corrected_text_scan	wts_9_m	265	61	6	$	ś	guarded_dollar_to_sacute	"weise erkennen"" (Bu 735,2); /$/)/// ston so so"	guarded_dollar_scan	low	defer	artifact_or_numeric_noise	0	Dollar token lacks a clean alphabetic Tibetan-transliteration shape.
corrected_text_scan	wts_9_m	266	38	5	$0	ś0	guarded_dollar_to_sacute	77:77 thos so $0'/ min); mon gal, mon gal gyi	guarded_dollar_scan	low	defer	artifact_or_numeric_noise	0	Dollar token lacks a clean alphabetic Tibetan-transliteration shape.
corrected_text_scan	wts_9_m	266	45	7	$	ś	guarded_dollar_to_sacute	"= ston pa'i mchog zur 0/7/$ kyi nari tshan ""ei-"	guarded_dollar_scan	low	defer	artifact_or_numeric_noise	0	Dollar token lacks a clean alphabetic Tibetan-transliteration shape.
corrected_text_scan	wts_9_m	268	61	7	$	ś	guarded_dollar_to_sacute	"gegangen war"" (Tär 34,5); dbyins $// mya ran"	guarded_dollar_scan	low	defer	artifact_or_numeric_noise	0	Dollar token lacks a clean alphabetic Tibetan-transliteration shape.
corrected_text_scan	wts_9_m	268	86	5	$	ś	guarded_dollar_to_sacute	das pa'i rjes su $/0/// bkod pa maṅ po bstan	guarded_dollar_scan	low	defer	artifact_or_numeric_noise	0	Dollar token lacks a clean alphabetic Tibetan-transliteration shape.
corrected_text_scan	wts_9_m	273	21	11	$	ś	guarded_dollar_to_sacute	smra bcad sems chos kyi sgoms gra bcu 0/7/$	guarded_dollar_scan	low	defer	artifact_or_numeric_noise	0	Dollar token lacks a clean alphabetic Tibetan-transliteration shape.
corrected_text_scan	wts_9_m	281	69	4	$	ś	guarded_dollar_to_sacute	"bran mo yani $/7//? — te 'ons nas ""die Dienerin"	guarded_dollar_scan	low	defer	artifact_or_numeric_noise	0	Dollar token lacks a clean alphabetic Tibetan-transliteration shape.
corrected_text_scan	wts_9_m	284	68	6	$750	ś750	guarded_dollar_to_sacute	"genheiten zu den Mywa begab"" ($750 97)."	guarded_dollar_scan	low	defer	artifact_or_numeric_noise	0	Dollar token lacks a clean alphabetic Tibetan-transliteration shape.
corrected_text_scan	wts_9_m	286	75	7	$54	ś54	guarded_dollar_to_sacute	"mee nach Keṅ-śi führen würden"" (Inl $54);"	guarded_dollar_scan	low	defer	artifact_or_numeric_noise	0	Dollar token lacks a clean alphabetic Tibetan-transliteration shape.
corrected_text_scan	wts_9_m	289	59	6	$750	ś750	guarded_dollar_to_sacute	"ken geführt hatten, kehrten zurück"" ($750"	guarded_dollar_scan	low	defer	artifact_or_numeric_noise	0	Dollar token lacks a clean alphabetic Tibetan-transliteration shape.
corrected_text_scan	wts_9_m	290	78	6	$8212	ś8212	guarded_dollar_to_sacute	"vernements von rMa[-chi] ernannt"" ($8212"	guarded_dollar_scan	low	defer	artifact_or_numeric_noise	0	Dollar token lacks a clean alphabetic Tibetan-transliteration shape.
corrected_text_scan	wts_9_m	296	37	4	$	ś	guarded_dollar_to_sacute	"2.2.13c); dbari po ~$ ... dkyil ""khor bsgom"	guarded_dollar_scan	low	defer	artifact_or_numeric_noise	0	Dollar token lacks a clean alphabetic Tibetan-transliteration shape.
corrected_text_scan	wts_9_m	297	24	4	$	ś	guarded_dollar_to_sacute	"isbig (metr.) ""Gib ©$ mir!' Das sind die Wor-"	guarded_dollar_scan	low	defer	artifact_or_numeric_noise	0	Dollar token lacks a clean alphabetic Tibetan-transliteration shape.
corrected_text_scan	wts_9_m	297	83	1	$	ś	guarded_dollar_to_sacute	— $?20/7 songibyan sems yin zerba sogs mari na	guarded_dollar_scan	low	defer	artifact_or_numeric_noise	0	Dollar token lacks a clean alphabetic Tibetan-transliteration shape.
corrected_text_scan	wts_9_m	301	87	4	$	ś	guarded_dollar_to_sacute	stod lun pa — $@ kya mu ni dan gsum /	guarded_dollar_scan	low	defer	artifact_or_numeric_noise	0	Dollar token lacks a clean alphabetic Tibetan-transliteration shape.
corrected_text_scan	wts_9_m	304	64	6	$	ś	guarded_dollar_to_sacute	1.750); 'phren (v.l. phreri) ba ~$ rriam par	guarded_dollar_scan	low	defer	artifact_or_numeric_noise	0	Dollar token lacks a clean alphabetic Tibetan-transliteration shape.
corrected_text_scan	wts_9_m	307	40	5	$	ś	guarded_dollar_to_sacute	"ma'; — beu 0/7/$ sgrub ste ""als Bußabgabe"	guarded_dollar_scan	low	defer	artifact_or_numeric_noise	0	Dollar token lacks a clean alphabetic Tibetan-transliteration shape.
corrected_text_scan	wts_9_m	308	11	5	$	ś	guarded_dollar_to_sacute	= skya res 0?7/$ pa (?) (Dagy).	guarded_dollar_scan	low	defer	artifact_or_numeric_noise	0	Dollar token lacks a clean alphabetic Tibetan-transliteration shape.
corrected_text_scan	wts_9_m	311	62	2	$	ś	guarded_dollar_to_sacute	"00//$ phyogs ri tsbe — de'i phyir ""weil man"	guarded_dollar_scan	low	defer	artifact_or_numeric_noise	0	Dollar token lacks a clean alphabetic Tibetan-transliteration shape.
corrected_text_scan	wts_9_m	311	82	5	$	ś	guarded_dollar_to_sacute	"sofort"" (Tär 180,2); ~$ bsrun ""khor mzdad"	guarded_dollar_scan	low	defer	artifact_or_numeric_noise	0	Dollar token lacks a clean alphabetic Tibetan-transliteration shape.
corrected_text_scan	wts_9_m	312	70	1	$	ś	guarded_dollar_to_sacute	$, v.älambana-pratyaya), eine dervier Bedin-	guarded_dollar_scan	low	defer	artifact_or_numeric_noise	0	Dollar token lacks a clean alphabetic Tibetan-transliteration shape.
corrected_text_scan	wts_9_m	316	37	2	$7	ś7	guarded_dollar_to_sacute	"liche $7?://-5 61] und rkyan-Seil zerschnitten"""	guarded_dollar_scan	low	defer	artifact_or_numeric_noise	0	Dollar token lacks a clean alphabetic Tibetan-transliteration shape.
corrected_text_scan	wts_9_m	319	10	5	$	ś	guarded_dollar_to_sacute	"stag tsab 0)7/$ / dme' byun ""[zwischen] dem"	guarded_dollar_scan	low	defer	artifact_or_numeric_noise	0	Dollar token lacks a clean alphabetic Tibetan-transliteration shape.
corrected_text_scan	wts_9_m	323	8	6	$	ś	guarded_dollar_to_sacute	brgyad), vgl. Tserax RIGZIn 2003 $. ¥, dal ba	guarded_dollar_scan	low	defer	artifact_or_numeric_noise	0	Dollar token lacks a clean alphabetic Tibetan-transliteration shape.
corrected_text_scan	wts_9_m	323	59	7	$0'1	ś0'1	guarded_dollar_to_sacute	(In5 W39); khrin imyi — bar bka' $0'1 tshigs	guarded_dollar_scan	low	defer	artifact_or_numeric_noise	0	Dollar token lacks a clean alphabetic Tibetan-transliteration shape.
corrected_text_scan	wts_9_m	325	20	7	$7	ś7	guarded_dollar_to_sacute	"re"" (Bu-śz 52,2); chag lo /$7 ba / zaris dkar"	guarded_dollar_scan	low	defer	artifact_or_numeric_noise	0	Dollar token lacks a clean alphabetic Tibetan-transliteration shape.
corrected_text_scan	wts_9_m	326	26	3	$	ś	guarded_dollar_to_sacute	"mdze can ///$ ni lus — (metr.) ""sein aussät-"	guarded_dollar_scan	low	defer	artifact_or_numeric_noise	0	Dollar token lacks a clean alphabetic Tibetan-transliteration shape.
corrected_text_scan	wts_9_m	327	4	4	$	ś	guarded_dollar_to_sacute	"verheilten Wunde"" (brDa); / //$ kyi rma drag"	guarded_dollar_scan	low	defer	artifact_or_numeric_noise	0	Dollar token lacks a clean alphabetic Tibetan-transliteration shape.
corrected_text_scan	wts_9_m	329	38	4	$750	ś750	guarded_dollar_to_sacute	"rMa-tshe wiederum ein"" ($750 229)."	guarded_dollar_scan	low	defer	artifact_or_numeric_noise	0	Dollar token lacks a clean alphabetic Tibetan-transliteration shape.
corrected_text_scan	wts_9_m	333	16	4	$	ś	guarded_dollar_to_sacute	"'khor le 977/$ pa bskor te ""der Erhabene hat (135"	guarded_dollar_scan	low	defer	artifact_or_numeric_noise	0	Dollar token lacks a clean alphabetic Tibetan-transliteration shape.
corrected_text_scan	wts_9_m	336	16	3	$9	ś9	guarded_dollar_to_sacute	"rnams kyis — $9//905 la ""ihr Schüler, achtet auf"	guarded_dollar_scan	low	defer	artifact_or_numeric_noise	0	Dollar token lacks a clean alphabetic Tibetan-transliteration shape.
corrected_text_scan	wts_9_m	337	37	5	$	ś	guarded_dollar_to_sacute	"aus"" (Lokn 124,4); ~$ beud pa'i klu (metr.)"	guarded_dollar_scan	low	defer	artifact_or_numeric_noise	0	Dollar token lacks a clean alphabetic Tibetan-transliteration shape.
corrected_text_scan	wts_9_m	339	63	11	$	ś	guarded_dollar_to_sacute	ma gsal ba ste gti mug gi char gtogs pa ///$ sems	guarded_dollar_scan	low	defer	artifact_or_numeric_noise	0	Dollar token lacks a clean alphabetic Tibetan-transliteration shape.
corrected_text_scan	wts_9_m	340	59	10	$	ś	guarded_dollar_to_sacute	Lex. btsog pa dme 'bam rul ba'i don 1, $, \.	guarded_dollar_scan	low	defer	artifact_or_numeric_noise	0	Dollar token lacks a clean alphabetic Tibetan-transliteration shape.
corrected_text_scan	wts_9_m	340	80	8	$	ś	guarded_dollar_to_sacute	25,1); dmar ?7/ gsar rin sogs $// rten gsum rali	guarded_dollar_scan	low	defer	artifact_or_numeric_noise	0	Dollar token lacks a clean alphabetic Tibetan-transliteration shape.
corrected_text_scan	wts_9_m	342	6	2	$977	ś977	guarded_dollar_to_sacute	"Lex. $977/ — dam rta'igon — ltabu ""Schwanz-"	guarded_dollar_scan	low	defer	artifact_or_numeric_noise	0	Dollar token lacks a clean alphabetic Tibetan-transliteration shape.
corrected_text_scan	wts_9_m	343	79	2	$	ś	guarded_dollar_to_sacute	"ku $// / // pa'i spran po — pa (metr.) ""der Ku-"	guarded_dollar_scan	low	defer	artifact_or_numeric_noise	0	Dollar token lacks a clean alphabetic Tibetan-transliteration shape.
corrected_text_scan	wts_9_m	345	45	1	$	ś	guarded_dollar_to_sacute	"~$ byis pa dag ni de skad smra (metr.) ""die"	guarded_dollar_scan	low	defer	artifact_or_numeric_noise	0	Dollar token lacks a clean alphabetic Tibetan-transliteration shape.
corrected_text_scan	wts_9_m	345	49	5	$	ś	guarded_dollar_to_sacute	"se verkauft"" (Samv 8.96); ~$ brtags pa gani"	guarded_dollar_scan	low	defer	artifact_or_numeric_noise	0	Dollar token lacks a clean alphabetic Tibetan-transliteration shape.
corrected_text_scan	wts_9_m	349	65	6	$	ś	guarded_dollar_to_sacute	1. unten, hinten; kbog —, ro —, ///$ kyi —	guarded_dollar_scan	low	defer	artifact_or_numeric_noise	0	Dollar token lacks a clean alphabetic Tibetan-transliteration shape.
corrected_text_scan	wts_9_m	350	45	2	$	ś	guarded_dollar_to_sacute	luns $// stod kyi gnas bZi / bargyi gnas 07/$ / —	guarded_dollar_scan	low	defer	artifact_or_numeric_noise	0	Dollar token lacks a clean alphabetic Tibetan-transliteration shape.
corrected_text_scan	wts_9_m	350	45	10	$	ś	guarded_dollar_to_sacute	luns $// stod kyi gnas bZi / bargyi gnas 07/$ / —	guarded_dollar_scan	low	defer	artifact_or_numeric_noise	0	Dollar token lacks a clean alphabetic Tibetan-transliteration shape.
corrected_text_scan	wts_9_m	351	7	7	$5	ś5	guarded_dollar_to_sacute	9765 977/5 stod — 09)7/$5 su ges (Gl. nas stod	guarded_dollar_scan	low	defer	artifact_or_numeric_noise	0	Dollar token lacks a clean alphabetic Tibetan-transliteration shape.
corrected_text_scan	wts_9_m	351	32	4	$8212	ś8212	guarded_dollar_to_sacute	"der chinesische Herrscher"" ($8212 49); dgun"	guarded_dollar_scan	low	defer	artifact_or_numeric_noise	0	Dollar token lacks a clean alphabetic Tibetan-transliteration shape.
corrected_text_scan	wts_9_m	352	1	1	$7777	ś7777	guarded_dollar_to_sacute	སྤད་ $7777	guarded_dollar_scan	low	defer	artifact_or_numeric_noise	0	Dollar token lacks a clean alphabetic Tibetan-transliteration shape.
corrected_text_scan	wts_9_m	355	69	3	$	ś	guarded_dollar_to_sacute	20445); dbus $// badnd rtsi — de gZag (metr.)	guarded_dollar_scan	low	defer	artifact_or_numeric_noise	0	Dollar token lacks a clean alphabetic Tibetan-transliteration shape.
corrected_text_scan	wts_9_m	358	60	4	$	ś	guarded_dollar_to_sacute	rten 0/7/$ kar — gdags dan / 'jig rten las m 'da'	guarded_dollar_scan	low	defer	artifact_or_numeric_noise	0	Dollar token lacks a clean alphabetic Tibetan-transliteration shape.
corrected_text_scan	wts_9_m	361	69	2	$	ś	guarded_dollar_to_sacute	sprul $/0// — yab sras 'jam dbyans dṅos byon	guarded_dollar_scan	low	defer	artifact_or_numeric_noise	0	Dollar token lacks a clean alphabetic Tibetan-transliteration shape.
corrected_text_scan	wts_9_m	362	26	1	$	ś	guarded_dollar_to_sacute	$ nad ni bsal ba'i phyir / mi Zig la mi	guarded_dollar_scan	low	defer	artifact_or_numeric_noise	0	Dollar token lacks a clean alphabetic Tibetan-transliteration shape.
corrected_text_scan	wts_9_m	364	43	1	$	ś	guarded_dollar_to_sacute	"~$ sman drans lags nas ""nachdem der soman"	guarded_dollar_scan	low	defer	artifact_or_numeric_noise	0	Dollar token lacks a clean alphabetic Tibetan-transliteration shape.
corrected_text_scan	wts_9_m	368	18	1	MS$	MSŚ	guarded_dollar_to_sacute	(MS$ 37,19); seyn ma — dari ni chu yi zla ba	sigla_registry_or_shape	policy	defer_to_sigla_policy	registered_or_possible_siglum	0	Dollar token has registered or likely siglum shape; handle in the sigla policy queue.
corrected_text_scan	wts_9_m	370	56	8	$	ś	guarded_dollar_to_sacute	"gZan ran (metr.) ""bei bra sie und $??//// drug"	guarded_dollar_scan	low	defer	artifact_or_numeric_noise	0	Dollar token lacks a clean alphabetic Tibetan-transliteration shape.
corrected_text_scan	wts_9_m	376	29	7	$	ś	guarded_dollar_to_sacute	sme'n zan; einige sagen zwar, (13[$ es mar	guarded_dollar_scan	low	defer	artifact_or_numeric_noise	0	Dollar token lacks a clean alphabetic Tibetan-transliteration shape.
corrected_text_scan	wts_9_m	376	42	1	$	ś	guarded_dollar_to_sacute	སྨད་ $///0¢	guarded_dollar_scan	low	defer	artifact_or_numeric_noise	0	Dollar token lacks a clean alphabetic Tibetan-transliteration shape.
corrected_text_scan	wts_9_m	378	38	2	$	ś	guarded_dollar_to_sacute	"5002 $/0// ni — (metr.) ""derjenige, der Wasser"	guarded_dollar_scan	low	defer	artifact_or_numeric_noise	0	Dollar token lacks a clean alphabetic Tibetan-transliteration shape.
corrected_text_scan	wts_9_m	378	45	5	7$	7ś	guarded_dollar_to_sacute	Lex. gsun 0/0)7$ beyis pa / gros dris pa / bgro	guarded_dollar_scan	low	defer	artifact_or_numeric_noise	0	Dollar token lacks a clean alphabetic Tibetan-transliteration shape.
corrected_text_scan	wts_9_m	378	60	3	$$	śś	guarded_dollar_to_sacute	"smon nas $$ pas brtags te ""danach trat Yasas in"	guarded_dollar_scan	low	defer	artifact_or_numeric_noise	0	Dollar token lacks a clean alphabetic Tibetan-transliteration shape.
corrected_text_scan	wts_9_m	380	25	5	$	ś	guarded_dollar_to_sacute	nen Vorsatz formulieren, bestrebt $ 0111,	guarded_dollar_scan	low	defer	artifact_or_numeric_noise	0	Dollar token lacks a clean alphabetic Tibetan-transliteration shape.
corrected_text_scan	wts_9_m	381	42	1	$7	ś7	guarded_dollar_to_sacute	སློས་ $7??0$	guarded_dollar_scan	low	defer	artifact_or_numeric_noise	0	Dollar token lacks a clean alphabetic Tibetan-transliteration shape.
corrected_text_scan	wts_9_m	381	42	2	0$	0ś	guarded_dollar_to_sacute	སློས་ $7??0$	guarded_dollar_scan	low	defer	artifact_or_numeric_noise	0	Dollar token lacks a clean alphabetic Tibetan-transliteration shape.
corrected_text_scan	wts_9_m	381	68	1	$	ś	guarded_dollar_to_sacute	སྨྲས་ $///705.	guarded_dollar_scan	low	defer	artifact_or_numeric_noise	0	Dollar token lacks a clean alphabetic Tibetan-transliteration shape.
corrected_text_scan	wts_9_m	384	31	5	$7772770	ś7772770	guarded_dollar_to_sacute	སྤྱན་ཀ་ smyanka auch smyari ka, $7772770/9¢/ Hei-	guarded_dollar_scan	low	defer	artifact_or_numeric_noise	0	Dollar token lacks a clean alphabetic Tibetan-transliteration shape.
corrected_text_scan	wts_9_m	385	53	2	$	ś	guarded_dollar_to_sacute	"pa'i ~$ ni (metr.) ""mit mahāmadhu[-Salbe]"	guarded_dollar_scan	low	defer	artifact_or_numeric_noise	0	Dollar token lacks a clean alphabetic Tibetan-transliteration shape.
corrected_text_scan	wts_9_m	385	63	4	$	ś	guarded_dollar_to_sacute	"rohr"" (Mvy 5900); $??/7/// gu = ༡// ge pa' smyu"	guarded_dollar_scan	low	defer	artifact_or_numeric_noise	0	Dollar token lacks a clean alphabetic Tibetan-transliteration shape.
corrected_text_scan	wts_9_m	385	72	3	7$	7ś	guarded_dollar_to_sacute	holz, vgl. 7$/7//9.	guarded_dollar_scan	low	defer	artifact_or_numeric_noise	0	Dollar token lacks a clean alphabetic Tibetan-transliteration shape.
corrected_text_scan	wts_9_m	386	19	6	$	ś	guarded_dollar_to_sacute	smyig ma' zur chag ste $ ~ (TTC);	guarded_dollar_scan	low	defer	artifact_or_numeric_noise	0	Dollar token lacks a clean alphabetic Tibetan-transliteration shape.
corrected_text_scan	wts_9_m	386	44	4	$	ś	guarded_dollar_to_sacute	"00/7 7795 ... $// /7// 5/07/0)/ ""Bodhisattvas werden"	guarded_dollar_scan	low	defer	artifact_or_numeric_noise	0	Dollar token lacks a clean alphabetic Tibetan-transliteration shape.
corrected_text_scan	wts_9_m	387	1	1	2$	2ś	guarded_dollar_to_sacute	སྤྲུང་ 2$?777////?	guarded_dollar_scan	low	defer	artifact_or_numeric_noise	0	Dollar token lacks a clean alphabetic Tibetan-transliteration shape.
corrected_text_scan	wts_9_m	387	3	6	$	ś	guarded_dollar_to_sacute	1. schmal, spitz zulaufend; vgl. །$/7///7.	guarded_dollar_scan	low	defer	artifact_or_numeric_noise	0	Dollar token lacks a clean alphabetic Tibetan-transliteration shape.
corrected_text_scan	wts_9_m	387	9	5	$	ś	guarded_dollar_to_sacute	2. Ahle, Nadel; vgl. [$)7//? bu.	guarded_dollar_scan	low	defer	artifact_or_numeric_noise	0	Dollar token lacks a clean alphabetic Tibetan-transliteration shape.
corrected_text_scan	wts_9_m	387	58	6	$	ś	guarded_dollar_to_sacute	"nisschwund"" (Ahs 1.1.45c); dug dan — / ///$"	guarded_dollar_scan	low	defer	artifact_or_numeric_noise	0	Dollar token lacks a clean alphabetic Tibetan-transliteration shape.
corrected_text_scan	wts_9_m	390	17	7	$	ś	guarded_dollar_to_sacute	"kommen"" (gZer 736,4); mtbu rtags $// kham"	guarded_dollar_scan	low	defer	artifact_or_numeric_noise	0	Dollar token lacks a clean alphabetic Tibetan-transliteration shape.
corrected_text_scan	wts_9_m	392	1	2	$	ś	guarded_dollar_to_sacute	"a ""$ mra"	guarded_dollar_scan	low	defer	artifact_or_numeric_noise	0	Dollar token lacks a clean alphabetic Tibetan-transliteration shape.
corrected_text_scan	wts_9_m	393	52	7	$	ś	guarded_dollar_to_sacute	jayin Vairatiputra* (K6 da 516); den $¢ 'od	guarded_dollar_scan	low	defer	artifact_or_numeric_noise	0	Dollar token lacks a clean alphabetic Tibetan-transliteration shape.
corrected_text_scan	wts_9_m	398	23	1	$	ś	guarded_dollar_to_sacute	$ so zes — / ma mthon bar mthon no Zes	guarded_dollar_scan	low	defer	artifact_or_numeric_noise	0	Dollar token lacks a clean alphabetic Tibetan-transliteration shape.
corrected_text_scan	wts_9_m	399	38	9	$	ś	guarded_dollar_to_sacute	mams la — pa / Ses ldan dag dmag 'di $//?/	guarded_dollar_scan	low	defer	artifact_or_numeric_noise	0	Dollar token lacks a clean alphabetic Tibetan-transliteration shape.
corrected_text_scan	wts_9_m	400	10	1	$	ś	guarded_dollar_to_sacute	སྨྲ་ $///7©0.	guarded_dollar_scan	low	defer	artifact_or_numeric_noise	0	Dollar token lacks a clean alphabetic Tibetan-transliteration shape.
corrected_text_scan	wts_9_m	400	43	6	5$	5ś	guarded_dollar_to_sacute	"Wehklagen [usw.|"" (Käsy 91,15); 5$)7/2 rje'i"	guarded_dollar_scan	low	defer	artifact_or_numeric_noise	0	Dollar token lacks a clean alphabetic Tibetan-transliteration shape.
