tibetan_syllable	source_variant	source_signature	proposed_target	hypothetical_target	candidate_count	old_categories	new_categories	compatible_accepted_target_count	compatible_competing_forms	incompatible_dotted_forms_excluded	damage_count	volumes
ཁང	kban	kba<FINAL_NASAL>	kbaṅ		1	not_emitted_by_legacy_global_target:1	source_compatible_structure_mismatch:1	4		khaṅ:89	0	wts_1_34
སྙིང	sin	si<FINAL_NASAL>	siṅ		13	competing_latin_forms:13	source_compatible_structure_mismatch:13	3		sāiṅ:1; sñiṅ:1; stiṅ:1	0	wts_1_34
འཕྲང	phran	phra<FINAL_NASAL>	phraṅ		1	competing_latin_forms:1	source_compatible_marker_attached:1	3		phaṅ:2; plraṅ:1; siṅ:1	0	wts_35_51
གདང	gdon	gdo<FINAL_NASAL>	gdoṅ		2	not_emitted_by_legacy_global_target:2	source_compatible_structure_mismatch:2	2		gdaṅ:11; ggdaṅ:2	0	wts_1_34
ཀློང	gron	gro<FINAL_NASAL>	groṅ		1	not_emitted_by_legacy_global_target:1	source_compatible_structure_mismatch:1	2		kloṅ:22	0	wts_1_34
མེང	min	mi<FINAL_NASAL>	miṅ		1	competing_latin_forms:1	source_compatible_structure_mismatch:1	2		maṅ:1	0	wts_1_34
འཕྲང	phan	pha<FINAL_NASAL>	phaṅ		1	not_emitted_by_legacy_global_target:1	source_compatible_structure_mismatch:1	2		phraṅ:3; plraṅ:1; siṅ:1	0	wts_35_51
རྱོང	myon	myo<FINAL_NASAL>	myoṅ		1	competing_latin_forms:1	source_compatible_structure_mismatch:1	2		mmyoṅ:1	0	wts_1_34
སྤང	spyah	spya<FINAL_NASAL>	spyaṅ		1	not_emitted_by_legacy_global_target:1	source_compatible_structure_mismatch:1	2		spaṅ:29; sbaṅ:5; smaṅ:1	0	wts_35_51
དྲང	dran	dra<FINAL_NASAL>	draṅ		45	not_emitted_by_legacy_global_target:45	source_compatible_single_anchor:43; source_compatible_damaged_context:2	1		raṅ:1	2	wts_1_34
ཁོང	khon	kho<FINAL_NASAL>	khoṅ		28	competing_latin_forms:27; damaged_context:1	source_compatible_single_anchor:27; source_compatible_damaged_context:1	1		kboṅ:1	1	wts_1_34
ཀང	kan	ka<FINAL_NASAL>	kaṅ		21	insufficient_consensus:20; damaged_context:1	source_compatible_single_anchor:20; source_compatible_damaged_context:1	1			1	wts_1_34
ཏིང	tin	ti<FINAL_NASAL>	tiṅ		16	competing_latin_forms:16	source_compatible_single_anchor:16	1		dziṅ:1	0	wts_1_34;wts_8_b
འབྱང	byun	byu<FINAL_NASAL>	byuṅ		15	not_emitted_by_legacy_global_target:15	source_compatible_structure_mismatch:15	1		byaṅ:1	0	wts_1_34
སྲོང	sron	sro<FINAL_NASAL>	sroṅ		15	not_emitted_by_legacy_global_target:15	source_compatible_single_anchor:15	1		spoṅ:2	0	wts_1_34
སློང	slon	slo<FINAL_NASAL>	sloṅ		15	competing_latin_forms:15	source_compatible_single_anchor:15	1		slonṅ:1	0	wts_1_34
ཅང	can	ca<FINAL_NASAL>	caṅ		13	insufficient_consensus:11; damaged_context:2	source_compatible_single_anchor:11; source_compatible_damaged_context:2	1			2	wts_1_34
བྱང	byun	byu<FINAL_NASAL>	byuṅ		13	not_emitted_by_legacy_global_target:13	source_compatible_structure_mismatch:13	1		byaṅ:88; bbyaṅ:2	0	wts_1_34
གླེང	glen	gle<FINAL_NASAL>	gleṅ		12	competing_latin_forms:11; damaged_context:1	source_compatible_single_anchor:11; source_compatible_damaged_context:1	1		gliṅ:1	1	wts_1_34
གཏང	gtan	gta<FINAL_NASAL>	gtaṅ		10	insufficient_consensus:9; damaged_context:1	source_compatible_single_anchor:9; source_compatible_damaged_context:1	1			1	wts_1_34
དགུང	dgun	dgu<FINAL_NASAL>	dguṅ		10	insufficient_consensus:9; damaged_context:1	source_compatible_single_anchor:9; source_compatible_damaged_context:1	1			1	wts_1_34;wts_35_51
སྒོང	sgon	sgo<FINAL_NASAL>	sgoṅ		10	not_emitted_by_legacy_global_target:10	source_compatible_single_anchor:9; source_compatible_damaged_context:1	1		skyoṅ:1	1	wts_1_34
གྱོང	gyon	gyo<FINAL_NASAL>	gyoṅ		8	insufficient_consensus:8	source_compatible_single_anchor:8	1			0	wts_1_34
བགྲང	bgran	bgra<FINAL_NASAL>	bgraṅ		8	insufficient_consensus:8	source_compatible_single_anchor:8	1			0	wts_1_34
ཀྱོང	gyon	gyo<FINAL_NASAL>	gyoṅ		7	insufficient_consensus:7	source_compatible_single_anchor:7	1			0	wts_1_34
འཆེང	chin	chi<FINAL_NASAL>	chiṅ		7	insufficient_consensus:7	source_compatible_structure_mismatch:7	1			0	wts_1_34
རུང	run	ru<FINAL_NASAL>	ruṅ		6	insufficient_consensus:6	source_compatible_single_anchor:6	1			0	wts_1_34
ཞེང	Zen	Ze<FINAL_NASAL>	Zeṅ		4	competing_latin_forms:4	source_compatible_single_anchor:4	1		zeṅ:1; Ziṅ:1; ziṅ:1	0	wts_1_34
རང	rin	ri<FINAL_NASAL>	riṅ		4	not_emitted_by_legacy_global_target:4	source_compatible_structure_mismatch:4	1		raṅ:14	0	wts_1_34
ཤང	sin	si<FINAL_NASAL>	siṅ		4	not_emitted_by_legacy_global_target:4	source_compatible_structure_mismatch:4	1		Saṅ:1	0	wts_1_34
ངང	han	ha<FINAL_NASAL>	haṅ		3	not_emitted_by_legacy_global_target:3	source_compatible_single_anchor:3	1		daṅ:2	0	wts_1_34
བྲང	than	tha<FINAL_NASAL>	thaṅ		3	not_emitted_by_legacy_global_target:3	source_compatible_structure_mismatch:3	1		braṅ:31; byuṅ:1; byaṅ:1	0	wts_1_34
ལྟོང	lton	lto<FINAL_NASAL>	ltoṅ		3	not_emitted_by_legacy_global_target:3	source_compatible_single_anchor:3	1		koṅ:1	0	wts_1_34
གཡང	g.yan	g.ya<FINAL_NASAL>	g.yaṅ		2	insufficient_consensus:2	source_compatible_single_anchor:2	1			0	wts_35_51;wts_9_m
ང	khan	kha<FINAL_NASAL>	khaṅ		2	not_emitted_by_legacy_global_target:2	source_compatible_single_anchor:2	1		naṅ:3; boṅ:3; byaṅ:3; ldoṅ:2; byuṅ:2; gduṅ:1; ldiṅ:1; snaṅ:1; dpuṅ:1; phuṅ:1; siṅ:1; braṅ:1; smyuṅ:1	0	wts_1_34
བློང	blon	blo<FINAL_NASAL>	bloṅ		2	insufficient_consensus:2	source_compatible_single_anchor:2	1			0	wts_8_b
མཇིང	mjin	mji<FINAL_NASAL>	mjiṅ		2	insufficient_consensus:2	source_compatible_single_anchor:2	1			0	wts_1_34
མདོང	mdon	mdo<FINAL_NASAL>	mdoṅ		2	insufficient_consensus:2	source_compatible_single_anchor:2	1			0	wts_1_34
ཞང	Zan	Za<FINAL_NASAL>	Zaṅ		2	insufficient_consensus:2	source_compatible_single_anchor:2	1			0	wts_1_34
འདིང	din	di<FINAL_NASAL>	diṅ		2	insufficient_consensus:2	source_compatible_single_anchor:2	1			0	wts_1_34
འཕྱོང	phyon	phyo<FINAL_NASAL>	phyoṅ		2	insufficient_consensus:2	source_compatible_single_anchor:2	1			0	wts_35_51
འཚང	tshan	tsha<FINAL_NASAL>	tshaṅ		2	competing_latin_forms:2	source_compatible_single_anchor:2	1		shaṅ:1	0	wts_1_34
ཤང	San	Sa<FINAL_NASAL>	Saṅ		2	competing_latin_forms:2	source_compatible_single_anchor:2	1		siṅ:1	0	wts_1_34
སྲང	srun	sru<FINAL_NASAL>	sruṅ		2	competing_latin_forms:2	source_compatible_structure_mismatch:2	1		ssdaṅ:1; seruṅ:1; sriṅ:1	0	wts_1_34
ཧང	han	ha<FINAL_NASAL>	haṅ		2	insufficient_consensus:2	source_compatible_single_anchor:2	1			0	wts_1_34
ཀྱང	byan	bya<FINAL_NASAL>	byaṅ		1	not_emitted_by_legacy_global_target:1	source_compatible_single_anchor:1	1		kyaṅ:7; gyaṅ:1	0	wts_8_b
ཁོང	kbon	kbo<FINAL_NASAL>	kboṅ		1	not_emitted_by_legacy_global_target:1	source_compatible_single_anchor:1	1		khoṅ:1	0	wts_1_34
གཅུང	gcun	gcu<FINAL_NASAL>	gcuṅ		1	insufficient_consensus:1	source_compatible_single_anchor:1	1			0	wts_1_34
གླིང	elin	eli<FINAL_NASAL>	eliṅ		1	not_emitted_by_legacy_global_target:1	source_compatible_single_anchor:1	1		gliṅ:51; ciṅ:1	0	wts_1_34
ཆུང	run	ru<FINAL_NASAL>	ruṅ		1	not_emitted_by_legacy_global_target:1	source_compatible_single_anchor:1	1		chuṅ:130	0	wts_1_34
ནིང	nin	ni<FINAL_NASAL>	niṅ		1	competing_latin_forms:1	source_compatible_single_anchor:1	1		miṅ:1	0	wts_1_34
པྲང	bran	bra<FINAL_NASAL>	braṅ		1	insufficient_consensus:1	source_compatible_single_anchor:1	1			0	wts_1_34
བབཟུང	bzun	bzu<FINAL_NASAL>	bzuṅ		1	insufficient_consensus:1	source_compatible_single_anchor:1	1			0	wts_1_34
བསྐྱེང	bskyen	bskye<FINAL_NASAL>	bskyeṅ		1	insufficient_consensus:1	source_compatible_single_anchor:1	1			0	wts_1_34
བསླང	bslan	bsla<FINAL_NASAL>	bslaṅ		1	not_emitted_by_legacy_global_target:1	source_compatible_single_anchor:1	1		bskyuṅ:1	0	wts_1_34
མཐང	mthon	mtho<FINAL_NASAL>	mthoṅ		1	insufficient_consensus:1	source_compatible_structure_mismatch:1	1			0	wts_1_34
མྐྱོང	myon	myo<FINAL_NASAL>	myoṅ		1	insufficient_consensus:1	source_compatible_single_anchor:1	1			0	wts_1_34
འགང	gon	go<FINAL_NASAL>	goṅ		1	insufficient_consensus:1	source_compatible_structure_mismatch:1	1			0	wts_1_34
རྐྱོང	rkyon	rkyo<FINAL_NASAL>	rkyoṅ		1	insufficient_consensus:1	source_compatible_single_anchor:1	1			0	wts_1_34
རྣང	rnan	rna<FINAL_NASAL>	rnaṅ		1	not_emitted_by_legacy_global_target:1	source_compatible_single_anchor:1	1		maṅ:2	0	wts_35_51
ལྗང	lan	la<FINAL_NASAL>	laṅ		1	not_emitted_by_legacy_global_target:1	source_compatible_single_anchor:1	1		daṅ:1; ldaṅ:1	0	wts_1_34
ལྗང	ldan	lda<FINAL_NASAL>	ldaṅ		1	not_emitted_by_legacy_global_target:1	source_compatible_single_anchor:1	1		daṅ:1; laṅ:1	0	wts_1_34
སིང	sin	si<FINAL_NASAL>	siṅ		1	insufficient_consensus:1	source_compatible_single_anchor:1	1			0	wts_1_34
སྙིང	sñiń	sñi<FINAL_NASAL>	sñiṅ		1	not_emitted_by_legacy_global_target:1	source_compatible_structure_mismatch:1	1		siṅ:3; sāiṅ:1; stiṅ:1	0	wts_35_51
སྟང	ston	sto<FINAL_NASAL>	stoṅ		1	not_emitted_by_legacy_global_target:1	source_compatible_structure_mismatch:1	1		staṅ:4; snaṅ:1	0	wts_1_34
སྡིང	sdih	sdi<FINAL_NASAL>	sdiṅ		1	insufficient_consensus:1	source_compatible_single_anchor:1	1			0	wts_35_51
སྡེང	sden	sde<FINAL_NASAL>	sdeṅ		1	insufficient_consensus:1	source_compatible_single_anchor:1	1			0	wts_1_34
སྤྲང	smran	smra<FINAL_NASAL>	smraṅ		1	not_emitted_by_legacy_global_target:1	source_compatible_single_anchor:1	1		sbraṅ:12; spraṅ:9; spyaṅ:1; sgaṅ:1; smyuṅ:1	0	wts_9_m
སྲོང	sroh	sro<FINAL_NASAL>	sroṅ		1	not_emitted_by_legacy_global_target:1	source_compatible_single_anchor:1	1		spoṅ:2	0	wts_35_51
ངང	nan	na<FINAL_NASAL>		naṅ	14	not_emitted_by_legacy_global_target:14	source_compatible_no_anchor:14	0		daṅ:2; haṅ:1	0	wts_1_34
ཀེང	ken	ke<FINAL_NASAL>		keṅ	12	not_emitted_by_legacy_global_target:12	source_compatible_no_anchor:12	0		koṅ:1	0	wts_1_34
ཏང	tin	ti<FINAL_NASAL>		tiṅ	12	not_emitted_by_legacy_global_target:12	source_compatible_structure_mismatch:12	0		taṅ:5	0	wts_1_34
ཀོང	gon	go<FINAL_NASAL>		goṅ	8	not_emitted_by_legacy_global_target:8	source_compatible_no_anchor:8	0		koṅ:53; caṅ:1	0	wts_1_34
མཐང	mthan	mtha<FINAL_NASAL>		mthaṅ	6	not_emitted_by_legacy_global_target:6	source_compatible_no_anchor:5; source_compatible_damaged_context:1	0		mthoṅ:1	1	wts_1_34;wts_8_b
ཤེང	sen	se<FINAL_NASAL>		seṅ	6	not_emitted_by_legacy_global_target:6	source_compatible_no_anchor:6	0		Siṅ:1; Seṅ:1	0	wts_1_34
ཀྱོང	kyon	kyo<FINAL_NASAL>		kyoṅ	5	not_emitted_by_legacy_global_target:5	source_compatible_no_anchor:5	0		gyoṅ:1	0	wts_1_34
དང	dun	du<FINAL_NASAL>		duṅ	5	not_emitted_by_legacy_global_target:5	source_compatible_structure_mismatch:5	0		daṅ:118; rkaṅ:1	0	wts_1_34
བགྲང	beran	bera<FINAL_NASAL>		beraṅ	5	not_emitted_by_legacy_global_target:5	source_compatible_no_anchor:5	0		bgraṅ:1	0	wts_1_34
ལྗང	han	ha<FINAL_NASAL>		haṅ	5	not_emitted_by_legacy_global_target:5	source_compatible_no_anchor:5	0		daṅ:1; ldaṅ:1; laṅ:1	0	wts_1_34
ཤང	Sin	Si<FINAL_NASAL>		Siṅ	5	not_emitted_by_legacy_global_target:5	source_compatible_structure_mismatch:5	0		Saṅ:1; siṅ:1	0	wts_1_34
སྔོང	sdon	sdo<FINAL_NASAL>		sdoṅ	5	not_emitted_by_legacy_global_target:5	source_compatible_no_anchor:5	0		sbyoṅ:1	0	wts_1_34
སྙིང	snin	sni<FINAL_NASAL>		sniṅ	5	not_emitted_by_legacy_global_target:5	source_compatible_structure_mismatch:5	0		siṅ:3; sāiṅ:1; sñiṅ:1; stiṅ:1	0	wts_1_34
གདང	gdun	gdu<FINAL_NASAL>		gduṅ	4	not_emitted_by_legacy_global_target:4	source_compatible_structure_mismatch:4	0		gdaṅ:11; ggdaṅ:2; gdoṅ:2	0	wts_1_34
འབུང	thun	thu<FINAL_NASAL>		thuṅ	4	not_emitted_by_legacy_global_target:4	source_compatible_no_anchor:4	0		Duṅ:1; buṅ:1; baṅ:1	0	wts_1_34
སང	sen	se<FINAL_NASAL>		seṅ	4	not_emitted_by_legacy_global_target:4	source_compatible_structure_mismatch:4	0		saṅ:9; siṅ:1; sdaṅ:1	0	wts_1_34
སྙང	sin	si<FINAL_NASAL>		siṅ	4	not_emitted_by_legacy_global_target:4	source_compatible_structure_mismatch:4	0		snaṅ:2	0	wts_1_34
སྙིང	shin	shi<FINAL_NASAL>		shiṅ	4	not_emitted_by_legacy_global_target:4	source_compatible_structure_mismatch:4	0		siṅ:3; sāiṅ:1; sñiṅ:1; stiṅ:1	0	wts_1_34
ཁང	khrun	khru<FINAL_NASAL>		khruṅ	3	not_emitted_by_legacy_global_target:3	source_compatible_structure_mismatch:3	0		khaṅ:89; kbaṅ:4	0	wts_1_34
ཁྱུང	khrun	khru<FINAL_NASAL>		khruṅ	3	not_emitted_by_legacy_global_target:3	source_compatible_structure_mismatch:3	0		khyuṅ:4	0	wts_1_34
གཏང	gtin	gti<FINAL_NASAL>		gtiṅ	3	not_emitted_by_legacy_global_target:3	source_compatible_structure_mismatch:3	0		gtaṅ:1	0	wts_1_34
ཕྱང	phyun	phyu<FINAL_NASAL>		phyuṅ	3	not_emitted_by_legacy_global_target:3	source_compatible_structure_mismatch:3	0		phyaṅ:9; pyaṅ:1; pphyaṅ:1	0	wts_1_34
བང	khan	kha<FINAL_NASAL>		khaṅ	3	not_emitted_by_legacy_global_target:3	source_compatible_no_anchor:3	0		baṅ:14; dbaṅ:4; bahṅ:1; buṅ:1; byaṅ:1; byiṅ:1	0	wts_1_34
ལྗང	ljan	lja<FINAL_NASAL>		ljaṅ	3	not_emitted_by_legacy_global_target:3	source_compatible_no_anchor:3	0		daṅ:1; ldaṅ:1; laṅ:1	0	wts_1_34
སྙིང	sAin	sAi<FINAL_NASAL>		sAiṅ	3	not_emitted_by_legacy_global_target:3	source_compatible_structure_mismatch:3	0		siṅ:3; sāiṅ:1; sñiṅ:1; stiṅ:1	0	wts_1_34
ཁང	khon	kho<FINAL_NASAL>		khoṅ	2	not_emitted_by_legacy_global_target:2	source_compatible_structure_mismatch:2	0		khaṅ:89; kbaṅ:4	0	wts_1_34
ཁང	khun	khu<FINAL_NASAL>		khuṅ	2	not_emitted_by_legacy_global_target:2	source_compatible_structure_mismatch:2	0		khaṅ:89; kbaṅ:4	0	wts_1_34
ཁུང	khrun	khru<FINAL_NASAL>		khruṅ	2	not_emitted_by_legacy_global_target:2	source_compatible_no_anchor:2	0		khuṅ:36; kbuṅ:1	0	wts_1_34
གང	gun	gu<FINAL_NASAL>		guṅ	2	not_emitted_by_legacy_global_target:2	source_compatible_structure_mismatch:2	0		gaṅ:75	0	wts_1_34
གླང	gran	gra<FINAL_NASAL>		graṅ	2	not_emitted_by_legacy_global_target:2	source_compatible_structure_mismatch:2	0		glaṅ:53	0	wts_1_34
ང	glin	gli<FINAL_NASAL>		gliṅ	2	not_emitted_by_legacy_global_target:2	source_compatible_structure_mismatch:2	0		naṅ:3; boṅ:3; byaṅ:3; ldoṅ:2; byuṅ:2; khaṅ:1; gduṅ:1; ldiṅ:1; snaṅ:1; dpuṅ:1; phuṅ:1; siṅ:1; braṅ:1; smyuṅ:1	0	wts_1_34
ང	klun	klu<FINAL_NASAL>		kluṅ	2	not_emitted_by_legacy_global_target:2	source_compatible_structure_mismatch:2	0		naṅ:3; boṅ:3; byaṅ:3; ldoṅ:2; byuṅ:2; khaṅ:1; gduṅ:1; ldiṅ:1; snaṅ:1; dpuṅ:1; phuṅ:1; siṅ:1; braṅ:1; smyuṅ:1	0	wts_1_34
ངང	dun	du<FINAL_NASAL>		duṅ	2	not_emitted_by_legacy_global_target:2	source_compatible_structure_mismatch:2	0		daṅ:2; haṅ:1	0	wts_1_34
ངང	man	ma<FINAL_NASAL>		maṅ	2	not_emitted_by_legacy_global_target:2	source_compatible_no_anchor:2	0		daṅ:2; haṅ:1	0	wts_1_34
བཏང	btun	btu<FINAL_NASAL>		btuṅ	2	not_emitted_by_legacy_global_target:2	source_compatible_structure_mismatch:2	0		btaṅ:24	0	wts_1_34
བོང	thon	tho<FINAL_NASAL>		thoṅ	2	not_emitted_by_legacy_global_target:2	source_compatible_no_anchor:2	0		boṅ:25; borṅ:1; bboṅ:1	0	wts_1_34
མདང	mdun	mdu<FINAL_NASAL>		mduṅ	2	not_emitted_by_legacy_global_target:2	source_compatible_structure_mismatch:2	0		mdaṅ:2; indaṅ:1	0	wts_1_34
རྐྱང	rgyan	rgya<FINAL_NASAL>		rgyaṅ	2	not_emitted_by_legacy_global_target:2	source_compatible_no_anchor:2	0		rkyaṅ:25; rkaṅ:1	0	wts_1_34
རྒྱང	rgyon	rgyo<FINAL_NASAL>		rgyoṅ	2	not_emitted_by_legacy_global_target:2	source_compatible_structure_mismatch:2	0		rgyaṅ:13	0	wts_1_34
སང	sran	sra<FINAL_NASAL>		sraṅ	2	not_emitted_by_legacy_global_target:2	source_compatible_no_anchor:2	0		saṅ:9; siṅ:1; sdaṅ:1	0	wts_1_34
སྔང	san	sa<FINAL_NASAL>		saṅ	2	not_emitted_by_legacy_global_target:2	source_compatible_no_anchor:2	0		sdaṅ:2	0	wts_1_34
སྙིང	sun	su<FINAL_NASAL>		suṅ	2	not_emitted_by_legacy_global_target:2	source_compatible_structure_mismatch:2	0		siṅ:3; sāiṅ:1; sñiṅ:1; stiṅ:1	0	wts_1_34
ཀྱང	Ryan	Rya<FINAL_NASAL>		Ryaṅ	1	not_emitted_by_legacy_global_target:1	source_compatible_no_anchor:1	0		kyaṅ:7; gyaṅ:1; byaṅ:1	0	wts_1_34
ཀྱང	byun	byu<FINAL_NASAL>		byuṅ	1	not_emitted_by_legacy_global_target:1	source_compatible_structure_mismatch:1	0		kyaṅ:7; gyaṅ:1; byaṅ:1	0	wts_1_34
ཀྱང	khyun	khyu<FINAL_NASAL>		khyuṅ	1	not_emitted_by_legacy_global_target:1	source_compatible_structure_mismatch:1	0		kyaṅ:7; gyaṅ:1; byaṅ:1	0	wts_1_34
ཀྲོང	gron	gro<FINAL_NASAL>		groṅ	1	not_emitted_by_legacy_global_target:1	source_compatible_no_anchor:1	0		kroṅ:5	0	wts_1_34
ཀླང	klon	klo<FINAL_NASAL>		kloṅ	1	not_emitted_by_legacy_global_target:1	source_compatible_structure_mismatch:1	0		kluṅ:8	0	wts_1_34
ཀླང	krun	kru<FINAL_NASAL>		kruṅ	1	not_emitted_by_legacy_global_target:1	source_compatible_structure_mismatch:1	0		kluṅ:8	0	wts_1_34
ཁང	Eingangsbereich	Eingangsbereic<FINAL_NASAL>		Eingangsbereicṅ	1	not_emitted_by_legacy_global_target:1	source_compatible_structure_mismatch:1	0		khaṅ:89; kbaṅ:4	0	wts_1_34
ཁང	kan	ka<FINAL_NASAL>		kaṅ	1	not_emitted_by_legacy_global_target:1	source_compatible_structure_mismatch:1	0		khaṅ:89; kbaṅ:4	0	wts_1_34
ཁང	than	tha<FINAL_NASAL>		thaṅ	1	not_emitted_by_legacy_global_target:1	source_compatible_structure_mismatch:1	0		khaṅ:89; kbaṅ:4	0	wts_1_34
ཁུང	Felsh	Fels<FINAL_NASAL>		Felsṅ	1	not_emitted_by_legacy_global_target:1	source_compatible_structure_mismatch:1	0		khuṅ:36; kbuṅ:1	0	wts_8_b
ཁུང	Rhun	Rhu<FINAL_NASAL>		Rhuṅ	1	not_emitted_by_legacy_global_target:1	source_compatible_no_anchor:1	0		khuṅ:36; kbuṅ:1	0	wts_1_34
ཁུང	khyun	khyu<FINAL_NASAL>		khyuṅ	1	not_emitted_by_legacy_global_target:1	source_compatible_no_anchor:1	0		khuṅ:36; kbuṅ:1	0	wts_1_34
ཁོང	Khon	Kho<FINAL_NASAL>		Khoṅ	1	competing_latin_forms:1	source_compatible_no_anchor:1	0		khoṅ:1; kboṅ:1	0	wts_1_34
ཁོང	ikhon	ikho<FINAL_NASAL>		ikhoṅ	1	not_emitted_by_legacy_global_target:1	source_compatible_no_anchor:1	0		khoṅ:1; kboṅ:1	0	wts_1_34
ཁྱུང	kbyun	kbyu<FINAL_NASAL>		kbyuṅ	1	not_emitted_by_legacy_global_target:1	source_compatible_no_anchor:1	0		khyuṅ:4	0	wts_1_34
གང	Mannsh	Manns<FINAL_NASAL>		Mannsṅ	1	not_emitted_by_legacy_global_target:1	source_compatible_no_anchor:1	0		gaṅ:75	0	wts_9_m
གང	gon	go<FINAL_NASAL>		goṅ	1	not_emitted_by_legacy_global_target:1	source_compatible_structure_mismatch:1	0		gaṅ:75	0	wts_1_34
གཅུང	geun	geu<FINAL_NASAL>		geuṅ	1	not_emitted_by_legacy_global_target:1	source_compatible_no_anchor:1	0		gcuṅ:1	0	wts_1_34
གཏང	gran	gra<FINAL_NASAL>		graṅ	1	not_emitted_by_legacy_global_target:1	source_compatible_no_anchor:1	0		gtaṅ:1	0	wts_1_34
གཏང	gron	gro<FINAL_NASAL>		groṅ	1	not_emitted_by_legacy_global_target:1	source_compatible_structure_mismatch:1	0		gtaṅ:1	0	wts_1_34
གཏང	gton	gto<FINAL_NASAL>		gtoṅ	1	not_emitted_by_legacy_global_target:1	source_compatible_structure_mismatch:1	0		gtaṅ:1	0	wts_1_34
གཏང	gun	gu<FINAL_NASAL>		guṅ	1	not_emitted_by_legacy_global_target:1	source_compatible_structure_mismatch:1	0		gtaṅ:1	0	wts_1_34
གཏིང	gein	gei<FINAL_NASAL>		geiṅ	1	not_emitted_by_legacy_global_target:1	source_compatible_no_anchor:1	0		gtiṅ:16	0	wts_1_34
གཏོང	vernich	vernic<FINAL_NASAL>		vernicṅ	1	not_emitted_by_legacy_global_target:1	source_compatible_structure_mismatch:1	0		gtoṅ:38; Warnuṅ:1	0	wts_1_34
གདུང	gun	gu<FINAL_NASAL>		guṅ	1	not_emitted_by_legacy_global_target:1	source_compatible_no_anchor:1	0		gduṅ:30; voṅ:1; gdunṅ:1	0	wts_1_34
གདུང	odun	odu<FINAL_NASAL>		oduṅ	1	not_emitted_by_legacy_global_target:1	source_compatible_no_anchor:1	0		gduṅ:30; voṅ:1; gdunṅ:1	0	wts_35_51
གདོང	can	ca<FINAL_NASAL>		caṅ	1	not_emitted_by_legacy_global_target:1	source_compatible_structure_mismatch:1	0		gdoṅ:45; edoṅ:1; ggdoṅ:1	0	wts_1_34
གཞུང	gun	gu<FINAL_NASAL>		guṅ	1	not_emitted_by_legacy_global_target:1	source_compatible_no_anchor:1	0		gZuṅ:1	0	wts_1_34
གཞུང	gzun	gzu<FINAL_NASAL>		gzuṅ	1	insufficient_consensus:1	source_compatible_no_anchor:1	0		gZuṅ:1	0	wts_1_34
གཞུང	gźuń	gźu<FINAL_NASAL>		gźuṅ	1	not_emitted_by_legacy_global_target:1	source_compatible_no_anchor:1	0		gZuṅ:1	0	wts_35_51
གསུང	gsuṅń	gsuṅ<FINAL_NASAL>		gsuṅṅ	1	not_emitted_by_legacy_global_target:1	source_compatible_no_anchor:1	0		gsuṅ:9	0	wts_35_51
གོང	dgon	dgo<FINAL_NASAL>		dgoṅ	1	not_emitted_by_legacy_global_target:1	source_compatible_damaged_context:1	0		goṅ:54	1	wts_1_34
གོང	in	i<FINAL_NASAL>		iṅ	1	not_emitted_by_legacy_global_target:1	source_compatible_structure_mismatch:1	0		goṅ:54	0	wts_1_34
གྱང	gyun	gyu<FINAL_NASAL>		gyuṅ	1	not_emitted_by_legacy_global_target:1	source_compatible_structure_mismatch:1	0		gaṅ:1	0	wts_1_34
གྲང	gron	gro<FINAL_NASAL>		groṅ	1	not_emitted_by_legacy_global_target:1	source_compatible_structure_mismatch:1	0		graṅ:16	0	wts_1_34
གྲང	oran	ora<FINAL_NASAL>		oraṅ	1	not_emitted_by_legacy_global_target:1	source_compatible_no_anchor:1	0		graṅ:16	0	wts_1_34
གྲུང	glan	gla<FINAL_NASAL>		glaṅ	1	not_emitted_by_legacy_global_target:1	source_compatible_structure_mismatch:1	0		gruṅ:1	0	wts_1_34
གྲོང	grorn	gror<FINAL_NASAL>		grorṅ	1	not_emitted_by_legacy_global_target:1	source_compatible_no_anchor:1	0		groṅ:31; goṅ:1	0	wts_1_34
གླང	glin	gli<FINAL_NASAL>		gliṅ	1	not_emitted_by_legacy_global_target:1	source_compatible_structure_mismatch:1	0		glaṅ:53	0	wts_1_34
གླེང	khan	kha<FINAL_NASAL>		khaṅ	1	not_emitted_by_legacy_global_target:1	source_compatible_structure_mismatch:1	0		gleṅ:1; gliṅ:1	0	wts_1_34
གློང	glon	glo<FINAL_NASAL>		gloṅ	1	not_emitted_by_legacy_global_target:1	source_compatible_no_anchor:1	0		groṅ:1	0	wts_1_34
ང	bźin	bźi<FINAL_NASAL>		bźiṅ	1	not_emitted_by_legacy_global_target:1	source_compatible_structure_mismatch:1	0		naṅ:3; boṅ:3; byaṅ:3; ldoṅ:2; byuṅ:2; khaṅ:1; gduṅ:1; ldiṅ:1; snaṅ:1; dpuṅ:1; phuṅ:1; siṅ:1; braṅ:1; smyuṅ:1	0	wts_1_34
ང	chan	cha<FINAL_NASAL>		chaṅ	1	not_emitted_by_legacy_global_target:1	source_compatible_no_anchor:1	0		naṅ:3; boṅ:3; byaṅ:3; ldoṅ:2; byuṅ:2; khaṅ:1; gduṅ:1; ldiṅ:1; snaṅ:1; dpuṅ:1; phuṅ:1; siṅ:1; braṅ:1; smyuṅ:1	0	wts_1_34
ང	dan	da<FINAL_NASAL>		daṅ	1	not_emitted_by_legacy_global_target:1	source_compatible_no_anchor:1	0		naṅ:3; boṅ:3; byaṅ:3; ldoṅ:2; byuṅ:2; khaṅ:1; gduṅ:1; ldiṅ:1; snaṅ:1; dpuṅ:1; phuṅ:1; siṅ:1; braṅ:1; smyuṅ:1	0	wts_1_34
ང	gan	ga<FINAL_NASAL>		gaṅ	1	not_emitted_by_legacy_global_target:1	source_compatible_no_anchor:1	0		naṅ:3; boṅ:3; byaṅ:3; ldoṅ:2; byuṅ:2; khaṅ:1; gduṅ:1; ldiṅ:1; snaṅ:1; dpuṅ:1; phuṅ:1; siṅ:1; braṅ:1; smyuṅ:1	0	wts_1_34
ང	gcon	gco<FINAL_NASAL>		gcoṅ	1	not_emitted_by_legacy_global_target:1	source_compatible_structure_mismatch:1	0		naṅ:3; boṅ:3; byaṅ:3; ldoṅ:2; byuṅ:2; khaṅ:1; gduṅ:1; ldiṅ:1; snaṅ:1; dpuṅ:1; phuṅ:1; siṅ:1; braṅ:1; smyuṅ:1	0	wts_1_34
ང	kan	ka<FINAL_NASAL>		kaṅ	1	not_emitted_by_legacy_global_target:1	source_compatible_no_anchor:1	0		naṅ:3; boṅ:3; byaṅ:3; ldoṅ:2; byuṅ:2; khaṅ:1; gduṅ:1; ldiṅ:1; snaṅ:1; dpuṅ:1; phuṅ:1; siṅ:1; braṅ:1; smyuṅ:1	0	wts_1_34
ང	klon	klo<FINAL_NASAL>		kloṅ	1	not_emitted_by_legacy_global_target:1	source_compatible_structure_mismatch:1	0		naṅ:3; boṅ:3; byaṅ:3; ldoṅ:2; byuṅ:2; khaṅ:1; gduṅ:1; ldiṅ:1; snaṅ:1; dpuṅ:1; phuṅ:1; siṅ:1; braṅ:1; smyuṅ:1	0	wts_1_34
ང	kon	ko<FINAL_NASAL>		koṅ	1	not_emitted_by_legacy_global_target:1	source_compatible_structure_mismatch:1	0		naṅ:3; boṅ:3; byaṅ:3; ldoṅ:2; byuṅ:2; khaṅ:1; gduṅ:1; ldiṅ:1; snaṅ:1; dpuṅ:1; phuṅ:1; siṅ:1; braṅ:1; smyuṅ:1	0	wts_1_34
ང	kun	ku<FINAL_NASAL>		kuṅ	1	not_emitted_by_legacy_global_target:1	source_compatible_structure_mismatch:1	0		naṅ:3; boṅ:3; byaṅ:3; ldoṅ:2; byuṅ:2; khaṅ:1; gduṅ:1; ldiṅ:1; snaṅ:1; dpuṅ:1; phuṅ:1; siṅ:1; braṅ:1; smyuṅ:1	0	wts_1_34
ང	lcan	lca<FINAL_NASAL>		lcaṅ	1	not_emitted_by_legacy_global_target:1	source_compatible_no_anchor:1	0		naṅ:3; boṅ:3; byaṅ:3; ldoṅ:2; byuṅ:2; khaṅ:1; gduṅ:1; ldiṅ:1; snaṅ:1; dpuṅ:1; phuṅ:1; siṅ:1; braṅ:1; smyuṅ:1	0	wts_1_34
ང	rkon	rko<FINAL_NASAL>		rkoṅ	1	not_emitted_by_legacy_global_target:1	source_compatible_structure_mismatch:1	0		naṅ:3; boṅ:3; byaṅ:3; ldoṅ:2; byuṅ:2; khaṅ:1; gduṅ:1; ldiṅ:1; snaṅ:1; dpuṅ:1; phuṅ:1; siṅ:1; braṅ:1; smyuṅ:1	0	wts_1_34
ང	skun	sku<FINAL_NASAL>		skuṅ	1	not_emitted_by_legacy_global_target:1	source_compatible_structure_mismatch:1	0		naṅ:3; boṅ:3; byaṅ:3; ldoṅ:2; byuṅ:2; khaṅ:1; gduṅ:1; ldiṅ:1; snaṅ:1; dpuṅ:1; phuṅ:1; siṅ:1; braṅ:1; smyuṅ:1	0	wts_1_34
ང	skyun	skyu<FINAL_NASAL>		skyuṅ	1	not_emitted_by_legacy_global_target:1	source_compatible_structure_mismatch:1	0		naṅ:3; boṅ:3; byaṅ:3; ldoṅ:2; byuṅ:2; khaṅ:1; gduṅ:1; ldiṅ:1; snaṅ:1; dpuṅ:1; phuṅ:1; siṅ:1; braṅ:1; smyuṅ:1	0	wts_1_34
ང	stan	sta<FINAL_NASAL>		staṅ	1	not_emitted_by_legacy_global_target:1	source_compatible_no_anchor:1	0		naṅ:3; boṅ:3; byaṅ:3; ldoṅ:2; byuṅ:2; khaṅ:1; gduṅ:1; ldiṅ:1; snaṅ:1; dpuṅ:1; phuṅ:1; siṅ:1; braṅ:1; smyuṅ:1	0	wts_1_34
ང	thon	tho<FINAL_NASAL>		thoṅ	1	not_emitted_by_legacy_global_target:1	source_compatible_structure_mismatch:1	0		naṅ:3; boṅ:3; byaṅ:3; ldoṅ:2; byuṅ:2; khaṅ:1; gduṅ:1; ldiṅ:1; snaṅ:1; dpuṅ:1; phuṅ:1; siṅ:1; braṅ:1; smyuṅ:1	0	wts_1_34
ང	vollkommen	vollkomme<FINAL_NASAL>		vollkommeṅ	1	not_emitted_by_legacy_global_target:1	source_compatible_structure_mismatch:1	0		naṅ:3; boṅ:3; byaṅ:3; ldoṅ:2; byuṅ:2; khaṅ:1; gduṅ:1; ldiṅ:1; snaṅ:1; dpuṅ:1; phuṅ:1; siṅ:1; braṅ:1; smyuṅ:1	0	wts_1_34
ང	ykan	yka<FINAL_NASAL>		ykaṅ	1	not_emitted_by_legacy_global_target:1	source_compatible_no_anchor:1	0		naṅ:3; boṅ:3; byaṅ:3; ldoṅ:2; byuṅ:2; khaṅ:1; gduṅ:1; ldiṅ:1; snaṅ:1; dpuṅ:1; phuṅ:1; siṅ:1; braṅ:1; smyuṅ:1	0	wts_1_34
ངང	nah	na<FINAL_NASAL>		naṅ	1	not_emitted_by_legacy_global_target:1	source_compatible_no_anchor:1	0		daṅ:2; haṅ:1	0	wts_1_34
ངང	thun	thu<FINAL_NASAL>		thuṅ	1	not_emitted_by_legacy_global_target:1	source_compatible_structure_mismatch:1	0		daṅ:2; haṅ:1	0	wts_1_34
ཅང	con	co<FINAL_NASAL>		coṅ	1	not_emitted_by_legacy_global_target:1	source_compatible_structure_mismatch:1	0		caṅ:1	0	wts_1_34
ཆུང	ch	c<FINAL_NASAL>		cṅ	1	not_emitted_by_legacy_global_target:1	source_compatible_structure_mismatch:1	0		chuṅ:130; ruṅ:1	0	wts_1_34
ཆུང	sge’n	sge’<FINAL_NASAL>		sge’ṅ	1	not_emitted_by_legacy_global_target:1	source_compatible_structure_mismatch:1	0		chuṅ:130; ruṅ:1	0	wts_1_34
ཉུང	nun	nu<FINAL_NASAL>		nuṅ	1	not_emitted_by_legacy_global_target:1	source_compatible_no_anchor:1	0		ñuṅ:4	0	wts_1_34
ཉུང	run	ru<FINAL_NASAL>		ruṅ	1	not_emitted_by_legacy_global_target:1	source_compatible_no_anchor:1	0		ñuṅ:4	0	wts_1_34
ཏིང	tun	tu<FINAL_NASAL>		tuṅ	1	not_emitted_by_legacy_global_target:1	source_compatible_structure_mismatch:1	0		tiṅ:1; dziṅ:1	0	wts_1_34
ཐང	Ithon	Itho<FINAL_NASAL>		Ithoṅ	1	not_emitted_by_legacy_global_target:1	source_compatible_marker_attached:1	0		thaṅ:91	0	wts_1_34
ཐང	lhan	lha<FINAL_NASAL>		lhaṅ	1	not_emitted_by_legacy_global_target:1	source_compatible_no_anchor:1	0		thaṅ:91	0	wts_1_34
ཐང	thin	thi<FINAL_NASAL>		thiṅ	1	not_emitted_by_legacy_global_target:1	source_compatible_structure_mismatch:1	0		thaṅ:91	0	wts_1_34
ཐང	thon	tho<FINAL_NASAL>		thoṅ	1	not_emitted_by_legacy_global_target:1	source_compatible_structure_mismatch:1	0		thaṅ:91	0	wts_1_34
དང	buddh	budd<FINAL_NASAL>		buddṅ	1	not_emitted_by_legacy_global_target:1	source_compatible_structure_mismatch:1	0		daṅ:118; rkaṅ:1	0	wts_1_34
དང	dangon	dango<FINAL_NASAL>		dangoṅ	1	not_emitted_by_legacy_global_target:1	source_compatible_structure_mismatch:1	0		daṅ:118; rkaṅ:1	0	wts_1_34
དཔང	dban	dba<FINAL_NASAL>		dbaṅ	1	not_emitted_by_legacy_global_target:1	source_compatible_no_anchor:1	0		dpaṅ:10	0	wts_1_34
དཔུང	dpuṅń	dpuṅ<FINAL_NASAL>		dpuṅṅ	1	not_emitted_by_legacy_global_target:1	source_compatible_no_anchor:1	0		dpuṅ:39; phuṅ:1	0	wts_35_51
དུང	drun	dru<FINAL_NASAL>		druṅ	1	not_emitted_by_legacy_global_target:1	source_compatible_no_anchor:1	0		duṅ:39	0	wts_1_34
དོང	Wildschwein	Wildschwei<FINAL_NASAL>		Wildschweiṅ	1	not_emitted_by_legacy_global_target:1	source_compatible_structure_mismatch:1	0		doṅ:23	0	wts_35_51
ནིང	manin	mani<FINAL_NASAL>		maniṅ	1	not_emitted_by_legacy_global_target:1	source_compatible_no_anchor:1	0		niṅ:1; miṅ:1	0	wts_9_m
པང	Daseinsbereichen	Daseinsbereiche<FINAL_NASAL>		Daseinsbereicheṅ	1	not_emitted_by_legacy_global_target:1	source_compatible_structure_mismatch:1	0		paṅ:6	0	wts_1_34
ཕང	pan	pa<FINAL_NASAL>		paṅ	1	not_emitted_by_legacy_global_target:1	source_compatible_no_anchor:1	0		phaṅ:7; pbaṅ:1; pphaṅ:1; phyuṅ:1	0	wts_9_m
ཕུང	ph	p<FINAL_NASAL>		pṅ	1	not_emitted_by_legacy_global_target:1	source_compatible_structure_mismatch:1	0		phuṅ:40; dpuṅ:2; pbuṅ:1	0	wts_35_51
ཕྱང	byan	bya<FINAL_NASAL>		byaṅ	1	not_emitted_by_legacy_global_target:1	source_compatible_no_anchor:1	0		phyaṅ:9; pyaṅ:1; pphyaṅ:1	0	wts_1_34
ཕྱིང	pyih	pyi<FINAL_NASAL>		pyiṅ	1	not_emitted_by_legacy_global_target:1	source_compatible_no_anchor:1	0		phyiṅ:15; ppyiṅ:1; pbyiṅ:1	0	wts_35_51
བང	Rhan	Rha<FINAL_NASAL>		Rhaṅ	1	not_emitted_by_legacy_global_target:1	source_compatible_no_anchor:1	0		baṅ:14; dbaṅ:4; bahṅ:1; buṅ:1; byaṅ:1; byiṅ:1	0	wts_1_34
བང	byun	byu<FINAL_NASAL>		byuṅ	1	not_emitted_by_legacy_global_target:1	source_compatible_structure_mismatch:1	0		baṅ:14; dbaṅ:4; bahṅ:1; buṅ:1; byaṅ:1; byiṅ:1	0	wts_8_b
བང	than	tha<FINAL_NASAL>		thaṅ	1	not_emitted_by_legacy_global_target:1	source_compatible_no_anchor:1	0		baṅ:14; dbaṅ:4; bahṅ:1; buṅ:1; byaṅ:1; byiṅ:1	0	wts_1_34
བང	thun	thu<FINAL_NASAL>		thuṅ	1	not_emitted_by_legacy_global_target:1	source_compatible_structure_mismatch:1	0		baṅ:14; dbaṅ:4; bahṅ:1; buṅ:1; byaṅ:1; byiṅ:1	0	wts_1_34
བངས	Tchan	Tcha<FINAL_NASAL>		Tchaṅ	1	not_emitted_by_legacy_global_target:1	source_compatible_marker_attached:1	0		phaṅs:1; baṅs:1; boṅs:1	0	wts_1_34
བཏུང	btin	bti<FINAL_NASAL>		btiṅ	1	not_emitted_by_legacy_global_target:1	source_compatible_structure_mismatch:1	0		btuṅ:1	0	wts_1_34
བཟུང	Tchan	Tcha<FINAL_NASAL>		Tchaṅ	1	not_emitted_by_legacy_global_target:1	source_compatible_marker_attached:1	0		bzuṅ:9	0	wts_1_34
བཟུང	von	vo<FINAL_NASAL>		voṅ	1	not_emitted_by_legacy_global_target:1	source_compatible_structure_mismatch:1	0		bzuṅ:9	0	wts_1_34
བསླང	bskan	bska<FINAL_NASAL>		bskaṅ	1	not_emitted_by_legacy_global_target:1	source_compatible_structure_mismatch:1	0		bskyuṅ:1; bslaṅ:1	0	wts_1_34
བསླང	bskun	bsku<FINAL_NASAL>		bskuṅ	1	not_emitted_by_legacy_global_target:1	source_compatible_structure_mismatch:1	0		bskyuṅ:1; bslaṅ:1	0	wts_1_34
བསླང	bsruh	bsru<FINAL_NASAL>		bsruṅ	1	not_emitted_by_legacy_global_target:1	source_compatible_structure_mismatch:1	0		bskyuṅ:1; bslaṅ:1	0	wts_1_34
བིང	thin	thi<FINAL_NASAL>		thiṅ	1	not_emitted_by_legacy_global_target:1	source_compatible_no_anchor:1	0		biṅ:1	0	wts_1_34
བྲང	bzan	bza<FINAL_NASAL>		bzaṅ	1	not_emitted_by_legacy_global_target:1	source_compatible_structure_mismatch:1	0		braṅ:31; byuṅ:1; thaṅ:1; byaṅ:1	0	wts_1_34
བྲེང	entzweien	entzweie<FINAL_NASAL>		entzweieṅ	1	not_emitted_by_legacy_global_target:1	source_compatible_structure_mismatch:1	0		breṅ:10	0	wts_8_b
བྲེང	rennen	renne<FINAL_NASAL>		renneṅ	1	not_emitted_by_legacy_global_target:1	source_compatible_no_anchor:1	0		breṅ:10	0	wts_8_b
མང	mon	mo<FINAL_NASAL>		moṅ	1	not_emitted_by_legacy_global_target:1	source_compatible_structure_mismatch:1	0		maṅ:60; miṅ:2; mmaṅ:1	0	wts_1_34
མངང	mdun	mdu<FINAL_NASAL>		mduṅ	1	not_emitted_by_legacy_global_target:1	source_compatible_structure_mismatch:1	0		maṅ:2; mdoṅ:1	0	wts_1_34
མཐང	mthin	mthi<FINAL_NASAL>		mthiṅ	1	not_emitted_by_legacy_global_target:1	source_compatible_structure_mismatch:1	0		mthoṅ:1	0	wts_1_34
མདང	mdon	mdo<FINAL_NASAL>		mdoṅ	1	not_emitted_by_legacy_global_target:1	source_compatible_structure_mismatch:1	0		mdaṅ:2; indaṅ:1	0	wts_1_34
མོང	dban	dba<FINAL_NASAL>		dbaṅ	1	not_emitted_by_legacy_global_target:1	source_compatible_structure_mismatch:1	0		moṅ:17	0	wts_1_34
མོང	mthon	mtho<FINAL_NASAL>		mthoṅ	1	not_emitted_by_legacy_global_target:1	source_compatible_no_anchor:1	0		moṅ:17	0	wts_1_34
མོང	thun	thu<FINAL_NASAL>		thuṅ	1	not_emitted_by_legacy_global_target:1	source_compatible_structure_mismatch:1	0		moṅ:17	0	wts_1_34
ཚང	ishah	isha<FINAL_NASAL>		ishaṅ	1	not_emitted_by_legacy_global_target:1	source_compatible_no_anchor:1	0		tshaṅ:21; tsbaṅ:1	0	wts_35_51
ཚོང	Tauschhan	Tauschha<FINAL_NASAL>		Tauschhaṅ	1	not_emitted_by_legacy_global_target:1	source_compatible_marker_attached:1	0		tshoṅ:3; ishoṅ:1	0	wts_1_34
ཝང	ldan	lda<FINAL_NASAL>		ldaṅ	1	not_emitted_by_legacy_global_target:1	source_compatible_no_anchor:1	0		waṅ:5	0	wts_1_34
ཞང	Zin	Zi<FINAL_NASAL>		Ziṅ	1	not_emitted_by_legacy_global_target:1	source_compatible_structure_mismatch:1	0		Zaṅ:1	0	wts_1_34
འགང	gah	ga<FINAL_NASAL>		gaṅ	1	not_emitted_by_legacy_global_target:1	source_compatible_no_anchor:1	0		goṅ:1	0	wts_1_34
འགྱང	byun	byu<FINAL_NASAL>		byuṅ	1	not_emitted_by_legacy_global_target:1	source_compatible_structure_mismatch:1	0		gaṅ:1	0	wts_1_34
འགྱངས	then	the<FINAL_NASAL>		theṅ	1	not_emitted_by_legacy_global_target:1	source_compatible_structure_mismatch:1	0		gyaṅs:1	0	wts_1_34
འཆང	bzun	bzu<FINAL_NASAL>		bzuṅ	1	not_emitted_by_legacy_global_target:1	source_compatible_structure_mismatch:1	0		chaṅ:18	0	wts_1_34
འཐུང	den	de<FINAL_NASAL>		deṅ	1	not_emitted_by_legacy_global_target:1	source_compatible_structure_mismatch:1	0		thuṅ:12	0	wts_1_34
འདེང	jmdn	jmd<FINAL_NASAL>		jmdṅ	1	not_emitted_by_legacy_global_target:1	source_compatible_structure_mismatch:1	0		deṅ:1	0	wts_1_34
འདྲེང	drin	dri<FINAL_NASAL>		driṅ	1	not_emitted_by_legacy_global_target:1	source_compatible_structure_mismatch:1	0		diṅ:1	0	wts_1_34
འཕུང	dpun	dpu<FINAL_NASAL>		dpuṅ	1	not_emitted_by_legacy_global_target:1	source_compatible_no_anchor:1	0		phuṅ:1	0	wts_9_m
འབུང	byun	byu<FINAL_NASAL>		byuṅ	1	not_emitted_by_legacy_global_target:1	source_compatible_no_anchor:1	0		Duṅ:1; buṅ:1; baṅ:1	0	wts_8_b
འབྲང	bren	bre<FINAL_NASAL>		breṅ	1	not_emitted_by_legacy_global_target:1	source_compatible_structure_mismatch:1	0		braṅ:11	0	wts_1_34
འབྲང	byun	byu<FINAL_NASAL>		byuṅ	1	not_emitted_by_legacy_global_target:1	source_compatible_structure_mismatch:1	0		braṅ:11	0	wts_35_51
འབྲིང	thin	thi<FINAL_NASAL>		thiṅ	1	not_emitted_by_legacy_global_target:1	source_compatible_structure_mismatch:1	0		briṅ:20	0	wts_1_34
འབྲེང	then	the<FINAL_NASAL>		theṅ	1	not_emitted_by_legacy_global_target:1	source_compatible_structure_mismatch:1	0		breṅ:11; briṅ:1	0	wts_1_34
འཚོང	ishoh	isho<FINAL_NASAL>		ishoṅ	1	not_emitted_by_legacy_global_target:1	source_compatible_no_anchor:1	0		tshoṅ:5; tsboṅ:4	0	wts_35_51
འོང	herbeikommen	herbeikomme<FINAL_NASAL>		herbeikommeṅ	1	not_emitted_by_legacy_global_target:1	source_compatible_structure_mismatch:1	0		oṅ:10	0	wts_1_34
ཡང	nun	nu<FINAL_NASAL>		nuṅ	1	not_emitted_by_legacy_global_target:1	source_compatible_structure_mismatch:1	0		yaṅ:30	0	wts_1_34
རང	spyan	spya<FINAL_NASAL>		spyaṅ	1	not_emitted_by_legacy_global_target:1	source_compatible_structure_mismatch:1	0		raṅ:14; riṅ:1	0	wts_35_51
རིང	Iderin	Ideri<FINAL_NASAL>		Ideriṅ	1	not_emitted_by_legacy_global_target:1	source_compatible_marker_attached:1	0		riṅ:47	0	wts_1_34
རུང	noch	noc<FINAL_NASAL>		nocṅ	1	not_emitted_by_legacy_global_target:1	source_compatible_structure_mismatch:1	0		ruṅ:1	0	wts_1_34
རེངས	auchmoren	auchmore<FINAL_NASAL>		auchmoreṅ	1	not_emitted_by_legacy_global_target:1	source_compatible_no_anchor:1	0		reṅs:2	0	wts_9_m
རྐང	bran	bra<FINAL_NASAL>		braṅ	1	not_emitted_by_legacy_global_target:1	source_compatible_no_anchor:1	0		rkaṅ:105; rkyaṅ:1	0	wts_1_34
རྐང	ran	ra<FINAL_NASAL>		raṅ	1	not_emitted_by_legacy_global_target:1	source_compatible_no_anchor:1	0		rkaṅ:105; rkyaṅ:1	0	wts_1_34
རྐྱང	Ryan	Rya<FINAL_NASAL>		Ryaṅ	1	not_emitted_by_legacy_global_target:1	source_compatible_no_anchor:1	0		rkyaṅ:25; rkaṅ:1	0	wts_1_34
རྒྱང	igyan	igya<FINAL_NASAL>		igyaṅ	1	not_emitted_by_legacy_global_target:1	source_compatible_structure_mismatch:1	0		rgyaṅ:13	0	wts_1_34
རྟིང	yein	yei<FINAL_NASAL>		yeiṅ	1	not_emitted_by_legacy_global_target:1	source_compatible_structure_mismatch:1	0		rtiṅ:8	0	wts_1_34
རྨང	rlun	rlu<FINAL_NASAL>		rluṅ	1	not_emitted_by_legacy_global_target:1	source_compatible_structure_mismatch:1	0		rmaṅ:5; maṅ:1	0	wts_1_34
ལང	lin	li<FINAL_NASAL>		liṅ	1	not_emitted_by_legacy_global_target:1	source_compatible_structure_mismatch:1	0		laṅ:25	0	wts_1_34
ལེང	phren	phre<FINAL_NASAL>		phreṅ	1	not_emitted_by_legacy_global_target:1	source_compatible_damaged_context:1	0		liṅ:1	1	wts_1_34
ལྔང	lan	la<FINAL_NASAL>		laṅ	1	not_emitted_by_legacy_global_target:1	source_compatible_no_anchor:1	0		ldaṅ:5; daṅ:1	0	wts_1_34
ལྔང	ljan	lja<FINAL_NASAL>		ljaṅ	1	not_emitted_by_legacy_global_target:1	source_compatible_no_anchor:1	0		ldaṅ:5; daṅ:1	0	wts_1_34
ལྕང	lcun	lcu<FINAL_NASAL>		lcuṅ	1	not_emitted_by_legacy_global_target:1	source_compatible_structure_mismatch:1	0		lcaṅ:9	0	wts_1_34
ལྗང	Dan	Da<FINAL_NASAL>		Daṅ	1	competing_latin_forms:1	source_compatible_no_anchor:1	0		daṅ:1; ldaṅ:1; laṅ:1	0	wts_1_34
ལྗང	Ijan	Ija<FINAL_NASAL>		Ijaṅ	1	not_emitted_by_legacy_global_target:1	source_compatible_marker_attached:1	0		daṅ:1; ldaṅ:1; laṅ:1	0	wts_1_34
ལྟོང	Iton	Ito<FINAL_NASAL>		Itoṅ	1	not_emitted_by_legacy_global_target:1	source_compatible_marker_attached:1	0		koṅ:1; ltoṅ:1	0	wts_1_34
ལྟོང	h	<FINAL_NASAL>		ṅ	1	not_emitted_by_legacy_global_target:1	source_compatible_structure_mismatch:1	0		koṅ:1; ltoṅ:1	0	wts_1_34
ལྤང	bon	bo<FINAL_NASAL>		boṅ	1	not_emitted_by_legacy_global_target:1	source_compatible_structure_mismatch:1	0		lbaṅ:2; waṅ:1	0	wts_35_51
ཤང	Sun	Su<FINAL_NASAL>		Suṅ	1	not_emitted_by_legacy_global_target:1	source_compatible_structure_mismatch:1	0		Saṅ:1; siṅ:1	0	wts_1_34
ཤེང	śen	śe<FINAL_NASAL>		śeṅ	1	not_emitted_by_legacy_global_target:1	source_compatible_no_anchor:1	0		Siṅ:1; Seṅ:1	0	wts_1_34
སང	Ton	To<FINAL_NASAL>		Toṅ	1	not_emitted_by_legacy_global_target:1	source_compatible_marker_attached:1	0		saṅ:9; siṅ:1; sdaṅ:1	0	wts_1_34
སང	srun	sru<FINAL_NASAL>		sruṅ	1	not_emitted_by_legacy_global_target:1	source_compatible_structure_mismatch:1	0		saṅ:9; siṅ:1; sdaṅ:1	0	wts_1_34
སྔོང	son	so<FINAL_NASAL>		soṅ	1	not_emitted_by_legacy_global_target:1	source_compatible_no_anchor:1	0		sbyoṅ:1	0	wts_8_b
སྔོང	ston	sto<FINAL_NASAL>		stoṅ	1	not_emitted_by_legacy_global_target:1	source_compatible_no_anchor:1	0		sbyoṅ:1	0	wts_1_34
སྙང	Min	Mi<FINAL_NASAL>		Miṅ	1	not_emitted_by_legacy_global_target:1	source_compatible_structure_mismatch:1	0		snaṅ:2	0	wts_1_34
སྙང	san	sa<FINAL_NASAL>		saṅ	1	not_emitted_by_legacy_global_target:1	source_compatible_structure_mismatch:1	0		snaṅ:2	0	wts_1_34
སྙང	sh	s<FINAL_NASAL>		sṅ	1	not_emitted_by_legacy_global_target:1	source_compatible_structure_mismatch:1	0		snaṅ:2	0	wts_1_34
སྙང	shan	sha<FINAL_NASAL>		shaṅ	1	not_emitted_by_legacy_global_target:1	source_compatible_structure_mismatch:1	0		snaṅ:2	0	wts_1_34
སྙིང	Irten	Irte<FINAL_NASAL>		Irteṅ	1	not_emitted_by_legacy_global_target:1	source_compatible_marker_attached:1	0		siṅ:3; sāiṅ:1; sñiṅ:1; stiṅ:1	0	wts_1_34
སྙིང	chn	ch<FINAL_NASAL>		chṅ	1	not_emitted_by_legacy_global_target:1	source_compatible_structure_mismatch:1	0		siṅ:3; sāiṅ:1; sñiṅ:1; stiṅ:1	0	wts_1_34
སྙིང	sh	s<FINAL_NASAL>		sṅ	1	not_emitted_by_legacy_global_target:1	source_compatible_structure_mismatch:1	0		siṅ:3; sāiṅ:1; sñiṅ:1; stiṅ:1	0	wts_1_34
སྙིང	sien	sie<FINAL_NASAL>		sieṅ	1	not_emitted_by_legacy_global_target:1	source_compatible_structure_mismatch:1	0		siṅ:3; sāiṅ:1; sñiṅ:1; stiṅ:1	0	wts_1_34
སྙིང	sth	st<FINAL_NASAL>		stṅ	1	not_emitted_by_legacy_global_target:1	source_compatible_structure_mismatch:1	0		siṅ:3; sāiṅ:1; sñiṅ:1; stiṅ:1	0	wts_35_51
སྙིང	szin	szi<FINAL_NASAL>		sziṅ	1	not_emitted_by_legacy_global_target:1	source_compatible_structure_mismatch:1	0		siṅ:3; sāiṅ:1; sñiṅ:1; stiṅ:1	0	wts_1_34
སྟངས	n	<FINAL_NASAL>		ṅ	1	not_emitted_by_legacy_global_target:1	source_compatible_no_anchor:1	0		staṅs:3	0	wts_1_34
སྟེང	Dach	Dac<FINAL_NASAL>		Dacṅ	1	not_emitted_by_legacy_global_target:1	source_compatible_structure_mismatch:1	0		steṅ:37; stoṅ:1	0	wts_35_51
སྤོང	nan	na<FINAL_NASAL>		naṅ	1	not_emitted_by_legacy_global_target:1	source_compatible_structure_mismatch:1	0		spoṅ:8	0	wts_1_34
སྤྲོང	halten	halte<FINAL_NASAL>		halteṅ	1	not_emitted_by_legacy_global_target:1	source_compatible_structure_mismatch:1	0		spoṅ:2; sbyoṅ:1	0	wts_35_51
སྲིང	shin	shi<FINAL_NASAL>		shiṅ	1	not_emitted_by_legacy_global_target:1	source_compatible_structure_mismatch:1	0		sriṅ:13	0	wts_1_34
སྲིང	sin	si<FINAL_NASAL>		siṅ	1	not_emitted_by_legacy_global_target:1	source_compatible_structure_mismatch:1	0		sriṅ:13	0	wts_1_34
སླང	skun	sku<FINAL_NASAL>		skuṅ	1	not_emitted_by_legacy_global_target:1	source_compatible_structure_mismatch:1	0		slaṅ:1	0	wts_1_34
སླང	span	spa<FINAL_NASAL>		spaṅ	1	not_emitted_by_legacy_global_target:1	source_compatible_structure_mismatch:1	0		slaṅ:1	0	wts_1_34
སློང	sgon	sgo<FINAL_NASAL>		sgoṅ	1	not_emitted_by_legacy_global_target:1	source_compatible_structure_mismatch:1	0		sloṅ:1; slonṅ:1	0	wts_1_34
