volume	page	line	token_index	tibetan_syllable	source_latin_token	proposed_latin_target	accepted_form_count	competing_form_counts	alignment_category	evidence_type	syllable_identity_guard	consensus_basis	damage_scope	confidence	suggested_action	context_excerpt	reason_for_deferral	accepted_total
wts_1_34	54	164	2	ཤང	San	Saṅ	1	siṅ:1	competing_latin_forms	positionally_aligned_corpus_consensus	exact_same_tibetan_syllable	non_dominant_accepted_forms	none	low	defer	ཀིམ་ཤང ཁོང་ཅོ kim San khon co, kim Sin kon co,	Accepted dotted forms do not yet establish a dominant internal consensus.	2
wts_1_34	569	95	3	ཤང	San	Saṅ	1	siṅ:1	competing_latin_forms	positionally_aligned_corpus_consensus	exact_same_tibetan_syllable	non_dominant_accepted_forms	none	low	defer	སྔོ་གྲོ་ཤང་རྩེ་ sho gro San rtse eine Pflanze, Oro-	Accepted dotted forms do not yet establish a dominant internal consensus.	2
wts_1_34	35	164	3	ཞང	Zan	Zaṅ	1		insufficient_consensus	positionally_aligned_corpus_consensus	exact_same_tibetan_syllable	single_accepted_attestation	none	low	defer	ཀ་ཅོག་ཞང་ ka cog Zan, auch ska cog Zan Kurzf. für	Only one accepted aligned target attestation is available.	1
wts_1_34	1117	21	3	ཞང	Zan	Zaṅ	1		insufficient_consensus	positionally_aligned_corpus_consensus	exact_same_tibetan_syllable	single_accepted_attestation	none	low	defer	དན་འབག་ཞང་པོ་ dan ’bag Zan po npr. eine in	Only one accepted aligned target attestation is available.	1
wts_1_34	36	79	3	བང	ban	baṅ	12	dbaṅ:4; bahṅ:1; buṅ:1; byaṅ:1; byiṅ:1	competing_latin_forms	positionally_aligned_corpus_consensus	exact_same_tibetan_syllable	non_dominant_accepted_forms	none	low	defer	ཀ་ཏ་བང་ཀ་ Ra ta ban ka eine Heilpflanze. - skt.	Accepted dotted forms do not yet establish a dominant internal consensus.	20
wts_1_34	89	167	2	བང	ban	baṅ	12	dbaṅ:4; bahṅ:1; buṅ:1; byaṅ:1; byiṅ:1	competing_latin_forms	positionally_aligned_corpus_consensus	exact_same_tibetan_syllable	non_dominant_accepted_forms	none	low	defer	ཀེ་བང་ ke ban, auch ke wan npr. eın chinesischer	Accepted dotted forms do not yet establish a dominant internal consensus.	20
wts_1_34	219	44	2	བགྲང	bgran	bgraṅ	1		insufficient_consensus	positionally_aligned_corpus_consensus	exact_same_tibetan_syllable	single_accepted_attestation	none	low	defer	སྐྱོན་བགྲང་ skyon bgran Kurzf. für skyon du bgran	Only one accepted aligned target attestation is available.	1
wts_1_34	219	127	3	བགྲང	bgran	bgraṅ	1		insufficient_consensus	positionally_aligned_corpus_consensus	exact_same_tibetan_syllable	single_accepted_attestation	none	low	defer	སྐྱོན་དུ་བགྲང་བ་ skyon du bgran ba Tskyon bgran.	Only one accepted aligned target attestation is available.	1
wts_1_34	424	82	1	བགྲང	bgran	bgraṅ	1		insufficient_consensus	positionally_aligned_corpus_consensus	exact_same_tibetan_syllable	single_accepted_attestation	none	low	defer	བགྲང་ bgran zählen, rechnen; ¬ du med uner-	Only one accepted aligned target attestation is available.	1
wts_1_34	424	141	1	བགྲང	bgran	bgraṅ	1		insufficient_consensus	positionally_aligned_corpus_consensus	exact_same_tibetan_syllable	single_accepted_attestation	none	low	defer	བགྲང་ཝྲེང་ bgran phren Gebetskette.	Only one accepted aligned target attestation is available.	1
wts_1_34	424	178	1	བགྲང	bgran	bgraṅ	1		insufficient_consensus	positionally_aligned_corpus_consensus	exact_same_tibetan_syllable	single_accepted_attestation	none	low	defer	བགྲང་ཡས་ bgran yas auch bgran yal eine hohe	Only one accepted aligned target attestation is available.	1
wts_1_34	424	188	1	བགྲང	bgran	bgraṅ	1		insufficient_consensus	positionally_aligned_corpus_consensus	exact_same_tibetan_syllable	single_accepted_attestation	none	low	defer	བགྲང་ཡོལ་ bgran yol eine hohe Zahl.	Only one accepted aligned target attestation is available.	1
wts_1_34	547	174	2	བགྲང	bgran	bgraṅ	1		insufficient_consensus	positionally_aligned_corpus_consensus	exact_same_tibetan_syllable	single_accepted_attestation	none	low	defer	མངན་བགྲང་ mnan bgran \rnan bgran.	Only one accepted aligned target attestation is available.	1
wts_1_34	560	16	2	བགྲང	bgran	bgraṅ	1		insufficient_consensus	positionally_aligned_corpus_consensus	exact_same_tibetan_syllable	single_accepted_attestation	none	low	defer	རྔན་བགྲང་ rnan bgran auch mnan bgran [.	Only one accepted aligned target attestation is available.	1
wts_1_34	683	46	2	པྲང	bran	braṅ	1		insufficient_consensus	positionally_aligned_corpus_consensus	exact_same_tibetan_syllable	single_accepted_attestation	none	low	defer	མཆི་པྲང་ mchi bran Ehefrau.	Only one accepted aligned target attestation is available.	1
wts_1_34	235	148	1	བསྐྱེང	bskyen	bskyeṅ	1		insufficient_consensus	positionally_aligned_corpus_consensus	exact_same_tibetan_syllable	single_accepted_attestation	none	low	defer	བསྐྱེང་ bskyen beschämt sein; vgl. Iskyens.	Only one accepted aligned target attestation is available.	1
wts_1_34	198	137	2	བུང	bun	buṅ	5	burṅ:1; zuṅ:1	competing_latin_forms	positionally_aligned_corpus_consensus	exact_same_tibetan_syllable	non_dominant_accepted_forms	none	low	defer	སྐྱི་བུང་ skyi bun auch skyi ’buns, skyi bun furcht-	Accepted dotted forms do not yet establish a dominant internal consensus.	7
wts_1_34	905	1	2	བབཟུང	bzun	bzuṅ	1		insufficient_consensus	positionally_aligned_corpus_consensus	exact_same_tibetan_syllable	single_accepted_attestation	none	low	defer	བཏང་བབཟུང་ཆེན་པོ་ btaṅ bzun chen po	Only one accepted aligned target attestation is available.	1
wts_1_34	54	45	2	ཅང	can	caṅ	1		insufficient_consensus	positionally_aligned_corpus_consensus	exact_same_tibetan_syllable	single_accepted_attestation	later_gloss_or_commentary	low	defer	ཀིང་ཅང་ཧྭ་ kiṅ can hu ¦/07/7 jan hü.	Only one accepted aligned target attestation is available.	1
wts_1_34	243	85	2	ཅང	can	caṅ	1		insufficient_consensus	positionally_aligned_corpus_consensus	exact_same_tibetan_syllable	single_accepted_attestation	none	low	defer	།ཐ་ཅང་ kha can \kha gcan.	Only one accepted aligned target attestation is available.	1
wts_1_34	460	127	2	ཅང	can	caṅ	1		insufficient_consensus	positionally_aligned_corpus_consensus	exact_same_tibetan_syllable	single_accepted_attestation	none	low	defer	རྒྱ་ཅང་ raya can auch rgya can, rgya chan ein	Only one accepted aligned target attestation is available.	1
wts_1_34	575	202	1	ཅང	can	caṅ	1		insufficient_consensus	positionally_aligned_corpus_consensus	exact_same_tibetan_syllable	single_accepted_attestation	none	low	defer	ཅང་ཀན་ can kan die chin. Regierungsdevise A	Only one accepted aligned target attestation is available.	1
wts_1_34	575	211	1	ཅང	can	caṅ	1		insufficient_consensus	positionally_aligned_corpus_consensus	exact_same_tibetan_syllable	single_accepted_attestation	none	low	defer	ཅང་ཀེང་ can ken die chin. Regierungsdevise &	Only one accepted aligned target attestation is available.	1
wts_1_34	576	6	1	ཅང	can	caṅ	1		insufficient_consensus	positionally_aligned_corpus_consensus	exact_same_tibetan_syllable	single_accepted_attestation	none	low	defer	ཅང་གིས་འཇུས་པ་ can gis ’jus pa auch cans kyis	Only one accepted aligned target attestation is available.	1
wts_1_34	576	18	1	ཅང	can	caṅ	1		damaged_context	positionally_aligned_corpus_consensus	exact_same_tibetan_syllable	single_accepted_attestation	latin_headword_overlap	manual	manual_alignment_review	ཅང་ངེ་ཅོག་གེ་ can he €09 ge zögerlich, unschlüs-	OCR damage overlaps or precedes the aligned headword phrase.	1
wts_1_34	576	31	1	ཅང	can	caṅ	1		insufficient_consensus	positionally_aligned_corpus_consensus	exact_same_tibetan_syllable	single_accepted_attestation	none	low	defer	ཅང་ཏེའུ can te’u eine Trommel, skt. damarn,	Only one accepted aligned target attestation is available.	1
wts_1_34	576	55	1	ཅང	can	caṅ	1		insufficient_consensus	positionally_aligned_corpus_consensus	exact_same_tibetan_syllable	single_accepted_attestation	none	low	defer	ཅང་འེ་ཤང་ can ’e Sun npr.	Only one accepted aligned target attestation is available.	1
wts_1_34	576	62	1	ཅང	can	caṅ	1		damaged_context	positionally_aligned_corpus_consensus	exact_same_tibetan_syllable	single_accepted_attestation	latin_headword_overlap	manual	manual_alignment_review	ཅང་རིག་ can 7:79 klug, schlau.	OCR damage overlaps or precedes the aligned headword phrase.	1
wts_1_34	576	65	1	ཅང	can	caṅ	1		insufficient_consensus	positionally_aligned_corpus_consensus	exact_same_tibetan_syllable	single_accepted_attestation	none	low	defer	ཅང་ཤེས་ can Ses.	Only one accepted aligned target attestation is available.	1
wts_1_34	576	89	1	ཅང	can	caṅ	1		insufficient_consensus	positionally_aligned_corpus_consensus	exact_same_tibetan_syllable	single_accepted_attestation	none	low	defer	ཅང་སེང་ can seṅ auch can se eine Gruppe von	Only one accepted aligned target attestation is available.	1
wts_1_34	584	106	2	ཅང	can	caṅ	1		insufficient_consensus	positionally_aligned_corpus_consensus	exact_same_tibetan_syllable	single_accepted_attestation	none	low	defer	ཅེ་ཅང་ ce can	Only one accepted aligned target attestation is available.	1
wts_1_34	645	94	2	འཆེང	chin	chiṅ	1		insufficient_consensus	positionally_aligned_corpus_consensus	exact_same_tibetan_syllable	single_accepted_attestation	none	low	defer	ཆ་འཆེང་ chu ’chin Bez. für Dach, chinesisches	Only one accepted aligned target attestation is available.	1
wts_1_34	703	193	1	འཆེང	chin	chiṅ	1		insufficient_consensus	positionally_aligned_corpus_consensus	exact_same_tibetan_syllable	single_accepted_attestation	none	low	defer	འཆེང་ཀྱིམ་ chin khyim.	Only one accepted aligned target attestation is available.	1
wts_1_34	703	199	1	འཆེང	chin	chiṅ	1		insufficient_consensus	positionally_aligned_corpus_consensus	exact_same_tibetan_syllable	single_accepted_attestation	none	low	defer	འཆེང་སྒྲིགས་ 'chin sgrigs Vereinbarung.	Only one accepted aligned target attestation is available.	1
wts_1_34	704	21	1	འཆེང	chin	chiṅ	1		insufficient_consensus	positionally_aligned_corpus_consensus	exact_same_tibetan_syllable	single_accepted_attestation	none	low	defer	འཆེང་བ་ཀུན་ལྡན་ chin ba kun ldan Bez. für	Only one accepted aligned target attestation is available.	1
wts_1_34	704	35	1	འཆེང	chin	chiṅ	1		insufficient_consensus	positionally_aligned_corpus_consensus	exact_same_tibetan_syllable	single_accepted_attestation	none	low	defer	འཆེང་བ་གསུམ་ 'chin ba gsum die drei Fesseln:	Only one accepted aligned target attestation is available.	1
wts_1_34	704	72	1	འཆེང	chin	chiṅ	1		insufficient_consensus	positionally_aligned_corpus_consensus	exact_same_tibetan_syllable	single_accepted_attestation	none	low	defer	འཆེང་ཞགས་ chin Zags Schlinge.	Only one accepted aligned target attestation is available.	1
wts_1_34	704	78	1	འཆེང	chin	chiṅ	1		insufficient_consensus	positionally_aligned_corpus_consensus	exact_same_tibetan_syllable	single_accepted_attestation	none	low	defer	འཆེང་བླཟླམ་གནང་ 'chin bzlum gnaṅ vermitteln,	Only one accepted aligned target attestation is available.	1
wts_1_34	750	80	1	ལྗང	Dan	daṅ	1	ldaṅ:1; laṅ:1	competing_latin_forms	positionally_aligned_corpus_consensus	exact_same_tibetan_syllable	non_dominant_accepted_forms	none	low	defer	"ལྗང་ Dan ""jan."	Accepted dotted forms do not yet establish a dominant internal consensus.	3
wts_1_34	407	109	1	དགུང	dgun	dguṅ	1		insufficient_consensus	positionally_aligned_corpus_consensus	exact_same_tibetan_syllable	single_accepted_attestation	none	low	defer	དགུང་ཆར་ dgun char	Only one accepted aligned target attestation is available.	1
wts_1_34	407	136	1	དགུང	dgun	dguṅ	1		insufficient_consensus	positionally_aligned_corpus_consensus	exact_same_tibetan_syllable	single_accepted_attestation	none	low	defer	དགུང་ཆར་ dgun char Bez. für Regen.	Only one accepted aligned target attestation is available.	1
wts_1_34	407	140	1	དགུང	dgun	dguṅ	1		damaged_context	positionally_aligned_corpus_consensus	exact_same_tibetan_syllable	single_accepted_attestation	latin_headword_overlap	manual	manual_alignment_review	དགུང་མཉམ་ dgun 77777:777 resp. gleichaltrig.	OCR damage overlaps or precedes the aligned headword phrase.	1
wts_1_34	407	161	1	དགུང	dgun	dguṅ	1		insufficient_consensus	positionally_aligned_corpus_consensus	exact_same_tibetan_syllable	single_accepted_attestation	none	low	defer	དགུང་མོ་ ” dgun mo	Only one accepted aligned target attestation is available.	1
wts_1_34	407	168	1	དགུང	dgun	dguṅ	1		insufficient_consensus	positionally_aligned_corpus_consensus	exact_same_tibetan_syllable	single_accepted_attestation	none	low	defer	དགུང་གདགས་ dgun gdugs Mittagshitze.	Only one accepted aligned target attestation is available.	1
wts_1_34	407	173	1	དགུང	dgun	dguṅ	1		insufficient_consensus	positionally_aligned_corpus_consensus	exact_same_tibetan_syllable	single_accepted_attestation	none	low	defer	དགུང་བདན་ dgun bdun sieben Tage, Woche.	Only one accepted aligned target attestation is available.	1
wts_1_34	407	186	1	དགུང	dgun	dguṅ	1		insufficient_consensus	positionally_aligned_corpus_consensus	exact_same_tibetan_syllable	single_accepted_attestation	none	low	defer	དགུང་གནམ་ dgun gnam Himmel.	Only one accepted aligned target attestation is available.	1
wts_1_34	407	191	1	དགུང	dgun	dguṅ	1		insufficient_consensus	positionally_aligned_corpus_consensus	exact_same_tibetan_syllable	single_accepted_attestation	none	low	defer	དགུང་མོ་ dgun mo Mitte, Abend, Nacht, Mit-	Only one accepted aligned target attestation is available.	1
wts_1_34	408	2	1	དགུང	dgun	dguṅ	1		insufficient_consensus	positionally_aligned_corpus_consensus	exact_same_tibetan_syllable	single_accepted_attestation	none	low	defer	དགུང་ཚིགས་ dgun tshigs Tgun tshigs.	Only one accepted aligned target attestation is available.	1
wts_1_34	625	3	2	འདིང	din	diṅ	1		insufficient_consensus	positionally_aligned_corpus_consensus	exact_same_tibetan_syllable	single_accepted_attestation	none	low	defer	ཆག་འདིང་ chag ’din	Only one accepted aligned target attestation is available.	1
wts_1_34	625	9	2	འདིང	din	diṅ	1		insufficient_consensus	positionally_aligned_corpus_consensus	exact_same_tibetan_syllable	single_accepted_attestation	none	low	defer	ཆག་འདིང་ chag ’din beraten, planen.	Only one accepted aligned target attestation is available.	1
wts_1_34	111	3	2	གཞུང	gzun	gZuṅ	1		insufficient_consensus	positionally_aligned_corpus_consensus	exact_same_tibetan_syllable	single_accepted_attestation	none	low	defer	ཀླད་གཞུང་ klad gzun Rückenmark.	Only one accepted aligned target attestation is available.	1
wts_1_34	595	1	1	གཅུང	gcun	gcuṅ	1		insufficient_consensus	positionally_aligned_corpus_consensus	exact_same_tibetan_syllable	single_accepted_attestation	none	low	defer	གཅུང་པ་སྤྱི་ gcun pa spyi	Only one accepted aligned target attestation is available.	1
wts_1_34	248	15	2	གདང	gdan	gdaṅ	9	ggdaṅ:2; gdoṅ:2	competing_latin_forms	positionally_aligned_corpus_consensus	exact_same_tibetan_syllable	non_dominant_accepted_forms	none	low	defer	།ཁ་གདང་ kha gdan den Mund öffnen.	Accepted dotted forms do not yet establish a dominant internal consensus.	13
wts_1_34	268	206	2	གདང	gdan	gdaṅ	9	ggdaṅ:2; gdoṅ:2	competing_latin_forms	positionally_aligned_corpus_consensus	exact_same_tibetan_syllable	non_dominant_accepted_forms	none	low	defer	ཁུར་གདང་ khur gdan Holzgestell für Lasten.	Accepted dotted forms do not yet establish a dominant internal consensus.	13
wts_1_34	390	14	2	གླེང	glen	gleṅ	1	gliṅ:1	competing_latin_forms	positionally_aligned_corpus_consensus	exact_same_tibetan_syllable	non_dominant_accepted_forms	none	low	defer	གྲོས་གླེང་ gros glen Gespräch, Beratung, Dis-	Accepted dotted forms do not yet establish a dominant internal consensus.	2
wts_1_34	398	40	1	གླེང	glen	gleṅ	1	gliṅ:1	competing_latin_forms	positionally_aligned_corpus_consensus	exact_same_tibetan_syllable	non_dominant_accepted_forms	none	low	defer	གླེང་ glen sprechen, berichten, erklären.	Accepted dotted forms do not yet establish a dominant internal consensus.	2
wts_1_34	398	53	1	གླེང	glen	gleṅ	1	gliṅ:1	competing_latin_forms	positionally_aligned_corpus_consensus	exact_same_tibetan_syllable	non_dominant_accepted_forms	none	low	defer	གླེང་མོ་ glen mo	Accepted dotted forms do not yet establish a dominant internal consensus.	2
wts_1_34	398	118	1	གླེང	glen	gleṅ	1	gliṅ:1	competing_latin_forms	positionally_aligned_corpus_consensus	exact_same_tibetan_syllable	non_dominant_accepted_forms	none	low	defer	གླེང་གཞི་ glen gäi.	Accepted dotted forms do not yet establish a dominant internal consensus.	2
wts_1_34	398	146	1	གླེང	glen	gleṅ	1	gliṅ:1	damaged_context	positionally_aligned_corpus_consensus	exact_same_tibetan_syllable	non_dominant_accepted_forms	latin_headword_overlap	manual	manual_alignment_review	གླེང་སློང་ glen $/077 jmd., der ein Gespräch an-	OCR damage overlaps or precedes the aligned headword phrase.	2
wts_1_34	398	154	1	གླེང	glen	gleṅ	1	gliṅ:1	competing_latin_forms	positionally_aligned_corpus_consensus	exact_same_tibetan_syllable	non_dominant_accepted_forms	none	low	defer	གླེང་བསླང་བ་ glen bslaṅ ba Einleitung.	Accepted dotted forms do not yet establish a dominant internal consensus.	2
wts_1_34	398	165	1	གླེང	glen	gleṅ	1	gliṅ:1	competing_latin_forms	positionally_aligned_corpus_consensus	exact_same_tibetan_syllable	non_dominant_accepted_forms	none	low	defer	གླེང་བསླངས་པ་ glen bslans pa eingeleitet.	Accepted dotted forms do not yet establish a dominant internal consensus.	2
wts_1_34	425	104	2	གླེང	glen	gleṅ	1	gliṅ:1	competing_latin_forms	positionally_aligned_corpus_consensus	exact_same_tibetan_syllable	non_dominant_accepted_forms	none	low	defer	བཀགྲོ་གླེང་ bgro glen	Accepted dotted forms do not yet establish a dominant internal consensus.	2
wts_1_34	425	126	2	གླེང	glen	gleṅ	1	gliṅ:1	competing_latin_forms	positionally_aligned_corpus_consensus	exact_same_tibetan_syllable	non_dominant_accepted_forms	none	low	defer	བཀྲོ་གླེང་ bgro glen Unterhaltung, Diskussion.	Accepted dotted forms do not yet establish a dominant internal consensus.	2
wts_1_34	887	78	3	གླེང	glen	gleṅ	1	gliṅ:1	competing_latin_forms	positionally_aligned_corpus_consensus	exact_same_tibetan_syllable	non_dominant_accepted_forms	none	low	defer	གཏམ་གྱི་གླེང་གཞི་ gtam gyi glen gäi \gtam glen 2,	Accepted dotted forms do not yet establish a dominant internal consensus.	2
wts_1_34	887	88	2	གླེང	glen	gleṅ	1	gliṅ:1	competing_latin_forms	positionally_aligned_corpus_consensus	exact_same_tibetan_syllable	non_dominant_accepted_forms	none	low	defer	གཏམ་གླེང་ gtam glen.	Accepted dotted forms do not yet establish a dominant internal consensus.	2
wts_1_34	887	205	3	གླེང	glen	gleṅ	1	gliṅ:1	competing_latin_forms	positionally_aligned_corpus_consensus	exact_same_tibetan_syllable	non_dominant_accepted_forms	later_gloss_or_commentary	low	defer	གཏམ་ད་གླེང་ gtam du glen 9777 glen.	Accepted dotted forms do not yet establish a dominant internal consensus.	2
wts_1_34	439	200	1	འགང	gon	goṅ	1		insufficient_consensus	positionally_aligned_corpus_consensus	exact_same_tibetan_syllable	single_accepted_attestation	none	low	defer	འགང་པ gon po ein Damon; gon mo eine	Only one accepted aligned target attestation is available.	1
wts_1_34	387	86	1	གློང	gron	groṅ	1		syllable_structure_mismatch	positionally_aligned_corpus_consensus	consonantal_structure_mismatch	single_accepted_attestation	none	manual	syllable_specific_analysis	གློང་ཀྱེར་དགྲ་བོ་ gron khyer dgra bo Mahesśvara.	Proposed target omits explicit Tibetan subjoined l; requires a syllable-specific analysis.	1
wts_1_34	387	93	1	གློང	gron	groṅ	1		syllable_structure_mismatch	positionally_aligned_corpus_consensus	consonantal_structure_mismatch	single_accepted_attestation	none	manual	syllable_specific_analysis	གློང་ཀྱིར་དྲུག་པ་ gron khyer drug pa eine buddh.	Proposed target omits explicit Tibetan subjoined l; requires a syllable-specific analysis.	1
wts_1_34	387	126	1	གློང	gron	groṅ	1		syllable_structure_mismatch	positionally_aligned_corpus_consensus	consonantal_structure_mismatch	single_accepted_attestation	none	manual	syllable_specific_analysis	གློང་གི་ཡན་ལག་སྦྱིན་ gron gi yan lag sbyin Mahe-	Proposed target omits explicit Tibetan subjoined l; requires a syllable-specific analysis.	1
wts_1_34	387	186	1	གློང	gron	groṅ	1		syllable_structure_mismatch	positionally_aligned_corpus_consensus	consonantal_structure_mismatch	single_accepted_attestation	none	manual	syllable_specific_analysis	གློང་འཇོམཿས་ gron ’joms.	Proposed target omits explicit Tibetan subjoined l; requires a syllable-specific analysis.	1
wts_1_34	387	200	1	གློང	gron	groṅ	1		syllable_structure_mismatch	positionally_aligned_corpus_consensus	consonantal_structure_mismatch	single_accepted_attestation	none	manual	syllable_specific_analysis	གློང་དྭ་འདྲེན་པ་ gron du ’dren pa Bez. für Esel.	Proposed target omits explicit Tibetan subjoined l; requires a syllable-specific analysis.	1
wts_1_34	388	34	1	གློང	gron	groṅ	1		syllable_structure_mismatch	positionally_aligned_corpus_consensus	consonantal_structure_mismatch	single_accepted_attestation	none	manual	syllable_specific_analysis	གློང་སྡེ་ gron sde Dorfgemeinschaft.	Proposed target omits explicit Tibetan subjoined l; requires a syllable-specific analysis.	1
wts_1_34	388	52	1	གློང	gron	groṅ	1		syllable_structure_mismatch	positionally_aligned_corpus_consensus	consonantal_structure_mismatch	single_accepted_attestation	none	manual	syllable_specific_analysis	གློང་བཤུལ་ gron bsul	Proposed target omits explicit Tibetan subjoined l; requires a syllable-specific analysis.	1
wts_1_34	388	59	1	གློང	gron	groṅ	1		syllable_structure_mismatch	positionally_aligned_corpus_consensus	consonantal_structure_mismatch	single_accepted_attestation	none	manual	syllable_specific_analysis	གློང་པའི་ཆོས་ gron pa’i chos Bez. für Ge-	Proposed target omits explicit Tibetan subjoined l; requires a syllable-specific analysis.	1
wts_1_34	388	67	1	གློང	gron	groṅ	1		syllable_structure_mismatch	positionally_aligned_corpus_consensus	consonantal_structure_mismatch	single_accepted_attestation	none	manual	syllable_specific_analysis	གློང་སྤྱོད་ gron spyod Bez. für Krähe.	Proposed target omits explicit Tibetan subjoined l; requires a syllable-specific analysis.	1
wts_1_34	388	82	1	གློང	gron	groṅ	1		syllable_structure_mismatch	positionally_aligned_corpus_consensus	consonantal_structure_mismatch	single_accepted_attestation	none	manual	syllable_specific_analysis	གློང་ཚིག་ gron tshig Umgangssprache.	Proposed target omits explicit Tibetan subjoined l; requires a syllable-specific analysis.	1
wts_1_34	388	102	1	གློང	gron	groṅ	1		syllable_structure_mismatch	positionally_aligned_corpus_consensus	consonantal_structure_mismatch	single_accepted_attestation	none	manual	syllable_specific_analysis	གློང་གསུམ་མཐར་བྱེད་ gron gsum mthar byed	Proposed target omits explicit Tibetan subjoined l; requires a syllable-specific analysis.	1
wts_1_34	535	66	3	གཏང	gtan	gtaṅ	1		insufficient_consensus	positionally_aligned_corpus_consensus	exact_same_tibetan_syllable	single_accepted_attestation	none	low	defer	ངེས་པར་གཏང་བར་བྱཀྱི་ nes par gtan bar bgyi fut.	Only one accepted aligned target attestation is available.	1
wts_1_34	626	210	5	གཏང	gtan	gtaṅ	1		damaged_context	positionally_aligned_corpus_consensus	exact_same_tibetan_syllable	single_accepted_attestation	tibetan_headword_overlap	manual	manual_alignment_review	7055). ཆགས་ཉིལ་ད་གཏང་ chags Mil du gtan nieder-	OCR damage overlaps or precedes the aligned headword phrase.	1
wts_1_34	627	168	3	གཏང	gtan	gtaṅ	1		insufficient_consensus	positionally_aligned_corpus_consensus	exact_same_tibetan_syllable	single_accepted_attestation	none	low	defer	ཆགས་གསུམ་གཏང་བ་ chags gsum gtan ba ein	Only one accepted aligned target attestation is available.	1
wts_1_34	882	65	1	གཏང	gtan	gtaṅ	1		insufficient_consensus	positionally_aligned_corpus_consensus	exact_same_tibetan_syllable	single_accepted_attestation	none	low	defer	གཏང་ gtan fur. zu Igton.	Only one accepted aligned target attestation is available.	1
wts_1_34	882	109	1	གཏང	gtan	gtaṅ	1		insufficient_consensus	positionally_aligned_corpus_consensus	exact_same_tibetan_syllable	single_accepted_attestation	none	low	defer	གཏང་གཅཉོད་ gtan gcod	Only one accepted aligned target attestation is available.	1
wts_1_34	882	160	1	གཏང	gtan	gtaṅ	1		insufficient_consensus	positionally_aligned_corpus_consensus	exact_same_tibetan_syllable	single_accepted_attestation	none	low	defer	གཏང་གཅོད་ gtan gcod \btan gcod.	Only one accepted aligned target attestation is available.	1
wts_1_34	882	164	1	གཏང	gtan	gtaṅ	1		insufficient_consensus	positionally_aligned_corpus_consensus	exact_same_tibetan_syllable	single_accepted_attestation	none	low	defer	གཏང་མདོས་ gtan mdos ein Fadenkreuz (Neb	Only one accepted aligned target attestation is available.	1
wts_1_34	882	167	1	གཏང	gtan	gtaṅ	1		insufficient_consensus	positionally_aligned_corpus_consensus	exact_same_tibetan_syllable	single_accepted_attestation	none	low	defer	གཏང་མ་ gtan ma Sieg.	Only one accepted aligned target attestation is available.	1
wts_1_34	882	181	1	གཏང	gtan	gtaṅ	1		insufficient_consensus	positionally_aligned_corpus_consensus	exact_same_tibetan_syllable	single_accepted_attestation	none	low	defer	གཏང་ཡས་ gtan yas auch btan yas eine hohe	Only one accepted aligned target attestation is available.	1
wts_1_34	882	188	1	གཏང	gtan	gtaṅ	1		insufficient_consensus	positionally_aligned_corpus_consensus	exact_same_tibetan_syllable	single_accepted_attestation	none	low	defer	གཏང་རག་ gtan rag auch btan rag Dankesgabe,	Only one accepted aligned target attestation is available.	1
wts_1_34	93	97	2	གྱོང	gyon	gyoṅ	1		insufficient_consensus	positionally_aligned_corpus_consensus	exact_same_tibetan_syllable	single_accepted_attestation	none	low	defer	ཀོ་ གྱོང་ ko gyon	Only one accepted aligned target attestation is available.	1
wts_1_34	93	106	2	གྱོང	gyon	gyoṅ	1		insufficient_consensus	positionally_aligned_corpus_consensus	exact_same_tibetan_syllable	single_accepted_attestation	none	low	defer	ཀོ་གྱོང་ ko gyon hartes Leder.	Only one accepted aligned target attestation is available.	1
wts_1_34	270	1	2	ཀྱོང	gyon	gyoṅ	1		insufficient_consensus	positionally_aligned_corpus_consensus	exact_same_tibetan_syllable	single_accepted_attestation	none	low	defer	ཁེ་ཀྱོང་ khe gyon	Only one accepted aligned target attestation is available.	1
wts_1_34	270	3	2	གྱོང	gyon	gyoṅ	1		insufficient_consensus	positionally_aligned_corpus_consensus	exact_same_tibetan_syllable	single_accepted_attestation	none	low	defer	ཁེ་གྱོང་ khe gyon Gewinn und Verlust.	Only one accepted aligned target attestation is available.	1
wts_1_34	370	15	1	ཀྱོང	gyon	gyoṅ	1		insufficient_consensus	positionally_aligned_corpus_consensus	exact_same_tibetan_syllable	single_accepted_attestation	none	low	defer	ཀྱོང་ gyon Verlust, Mangel; med. Austrock-	Only one accepted aligned target attestation is available.	1
wts_1_34	370	28	1	ཀྱོང	gyon	gyoṅ	1		insufficient_consensus	positionally_aligned_corpus_consensus	exact_same_tibetan_syllable	single_accepted_attestation	none	low	defer	ཀྱོང་བསྐར་ gyon bskur unberücksichtigt lassen,	Only one accepted aligned target attestation is available.	1
wts_1_34	370	54	1	གྱོང	gyon	gyoṅ	1		insufficient_consensus	positionally_aligned_corpus_consensus	exact_same_tibetan_syllable	single_accepted_attestation	none	low	defer	གྱོང་རོལ་ gyon rol	Only one accepted aligned target attestation is available.	1
wts_1_34	370	60	1	གྱོང	gyon	gyoṅ	1		insufficient_consensus	positionally_aligned_corpus_consensus	exact_same_tibetan_syllable	single_accepted_attestation	none	low	defer	གྱོང་ཀྱོང་ gyon gyon hart, zäh, widerstandsfä-	Only one accepted aligned target attestation is available.	1
wts_1_34	370	60	2	ཀྱོང	gyon	gyoṅ	1		insufficient_consensus	positionally_aligned_corpus_consensus	exact_same_tibetan_syllable	single_accepted_attestation	none	low	defer	གྱོང་ཀྱོང་ gyon gyon hart, zäh, widerstandsfä-	Only one accepted aligned target attestation is available.	1
wts_1_34	370	70	1	གྱོང	gyon	gyoṅ	1		insufficient_consensus	positionally_aligned_corpus_consensus	exact_same_tibetan_syllable	single_accepted_attestation	none	low	defer	གྱོང་གླགས་པ་ gyon grugs pa Bez. für die Speise	Only one accepted aligned target attestation is available.	1
wts_1_34	370	106	1	ཀྱོང	gyon	gyoṅ	1		insufficient_consensus	positionally_aligned_corpus_consensus	exact_same_tibetan_syllable	single_accepted_attestation	none	low	defer	ཀྱོང་རོལ་ gyon rol auch gyon ral Bez. für die	Only one accepted aligned target attestation is available.	1
wts_1_34	370	112	1	གྱོང	gyon	gyoṅ	1		insufficient_consensus	positionally_aligned_corpus_consensus	exact_same_tibetan_syllable	single_accepted_attestation	none	low	defer	གྱོང་བཞིག་ gyon bsig	Only one accepted aligned target attestation is available.	1
wts_1_34	370	123	1	གྱོང	gyon	gyoṅ	1		insufficient_consensus	positionally_aligned_corpus_consensus	exact_same_tibetan_syllable	single_accepted_attestation	none	low	defer	གྱོང་བཤིག་ gyon bśig Zerstörung.	Only one accepted aligned target attestation is available.	1
wts_1_34	896	108	2	ཀྱོང	gyon	gyoṅ	1		insufficient_consensus	positionally_aligned_corpus_consensus	exact_same_tibetan_syllable	single_accepted_attestation	none	low	defer	གཏོང་ཀྱོང་ gtoṅ gyon	Only one accepted aligned target attestation is available.	1
wts_1_34	896	136	2	ཀྱོང	gyon	gyoṅ	1		insufficient_consensus	positionally_aligned_corpus_consensus	exact_same_tibetan_syllable	single_accepted_attestation	none	low	defer	གཏོང་ཀྱོང་ gtoṅ gyon Verlust.	Only one accepted aligned target attestation is available.	1
wts_1_34	350	61	2	ཧང	han	haṅ	1		insufficient_consensus	positionally_aligned_corpus_consensus	exact_same_tibetan_syllable	single_accepted_attestation	none	low	defer	གི་ཧང་ gi han †9/ wan	Only one accepted aligned target attestation is available.	1
wts_1_34	401	171	2	ཧང	han	haṅ	1		insufficient_consensus	positionally_aligned_corpus_consensus	exact_same_tibetan_syllable	single_accepted_attestation	later_gloss_or_commentary	low	defer	གྷི་ཧང་ ghi han †£7 wan.	Only one accepted aligned target attestation is available.	1
wts_1_34	48	15	1	ཀང	kan	kaṅ	1		insufficient_consensus	positionally_aligned_corpus_consensus	exact_same_tibetan_syllable	single_accepted_attestation	none	low	defer	ཀང་ kan lkhani, \kin kai.	Only one accepted aligned target attestation is available.	1
wts_1_34	48	17	1	ཀང	kan	kaṅ	1		insufficient_consensus	positionally_aligned_corpus_consensus	exact_same_tibetan_syllable	single_accepted_attestation	none	low	defer	ཀང་ཀ་ kan ka ~ skt. kanka ein Raubvogel. - vgl.	Only one accepted aligned target attestation is available.	1
wts_1_34	48	30	1	ཀང	kan	kaṅ	1		insufficient_consensus	positionally_aligned_corpus_consensus	exact_same_tibetan_syllable	single_accepted_attestation	none	low	defer	ཀང་ཀ་ཀ་ kan ka ka eine weibliche zornvolle	Only one accepted aligned target attestation is available.	1
wts_1_34	48	35	1	ཀང	kan	kaṅ	1		insufficient_consensus	positionally_aligned_corpus_consensus	exact_same_tibetan_syllable	single_accepted_attestation	none	low	defer	ཀང་ཀ་རྒོད་མགོ་ kan ka rgod mgo, auch rkan ka	Only one accepted aligned target attestation is available.	1
wts_1_34	48	46	1	ཀང	kan	kaṅ	1		insufficient_consensus	positionally_aligned_corpus_consensus	exact_same_tibetan_syllable	single_accepted_attestation	none	low	defer	ཀང་ཀ་སྒྲོགས་ kan ka sgrogs \kanka sgrogs.	Only one accepted aligned target attestation is available.	1
wts_1_34	48	53	1	ཀང	kan	kaṅ	1		insufficient_consensus	positionally_aligned_corpus_consensus	exact_same_tibetan_syllable	single_accepted_attestation	none	low	defer	ཀང་སྒྲ་ཅན་ kan sgra can	Only one accepted aligned target attestation is available.	1
wts_1_34	48	58	1	ཀང	kan	kaṅ	1		insufficient_consensus	positionally_aligned_corpus_consensus	exact_same_tibetan_syllable	single_accepted_attestation	none	low	defer	ཀང་ཀ་བྱ་རྒོད་མགོ་ཅན་ kan ka bya rgod mgo can	Only one accepted aligned target attestation is available.	1
wts_1_34	48	61	1	ཀང	kan	kaṅ	1		insufficient_consensus	positionally_aligned_corpus_consensus	exact_same_tibetan_syllable	single_accepted_attestation	none	low	defer	ཀང་ཀ་རི་ kan ka ri ein best. Kristall oder eine	Only one accepted aligned target attestation is available.	1
wts_1_34	48	71	1	ཀང	kan	kaṅ	1		insufficient_consensus	positionally_aligned_corpus_consensus	exact_same_tibetan_syllable	single_accepted_attestation	none	low	defer	ཀང་ཀ་ལ་ kan ka la, auch kam ka la Skelett. - skt.	Only one accepted aligned target attestation is available.	1
wts_1_34	48	77	1	ཀང	kan	kaṅ	1		insufficient_consensus	positionally_aligned_corpus_consensus	exact_same_tibetan_syllable	single_accepted_attestation	none	low	defer	ཀང་ཀ་ཤེལ་ kan ka sel ein best. Kristall oder eine	Only one accepted aligned target attestation is available.	1
wts_1_34	48	84	1	ཀང	kan	kaṅ	1		insufficient_consensus	positionally_aligned_corpus_consensus	exact_same_tibetan_syllable	single_accepted_attestation	none	low	defer	ཀང་ཀའི་མགོ་ ཅན་ kan ka’i mgo can „die mit dem	Only one accepted aligned target attestation is available.	1
wts_1_34	48	91	1	ཀང	kan	kaṅ	1		damaged_context	positionally_aligned_corpus_consensus	exact_same_tibetan_syllable	single_accepted_attestation	latin_headword_overlap	manual	manual_alignment_review	ཀང་ཀའི་མཆུ་ kan /%'7 mchu „Schnabel des	OCR damage overlaps or precedes the aligned headword phrase.	1
wts_1_34	48	99	1	ཀང	kan	kaṅ	1		insufficient_consensus	positionally_aligned_corpus_consensus	exact_same_tibetan_syllable	single_accepted_attestation	none	low	defer	ཀང་ཀིང་ kan kiṅ kin kan.	Only one accepted aligned target attestation is available.	1
wts_1_34	48	101	1	ཀང	kan	kaṅ	1		insufficient_consensus	positionally_aligned_corpus_consensus	exact_same_tibetan_syllable	single_accepted_attestation	none	low	defer	ཀང་སྒྲ་ཅན་ kan sgra can „versehen mit dem Laut	Only one accepted aligned target attestation is available.	1
wts_1_34	48	107	1	ཀང	kan	kaṅ	1		insufficient_consensus	positionally_aligned_corpus_consensus	exact_same_tibetan_syllable	single_accepted_attestation	none	low	defer	ཀང་བྱ་ kan bya	Only one accepted aligned target attestation is available.	1
wts_1_34	48	112	1	ཀང	kan	kaṅ	1		insufficient_consensus	positionally_aligned_corpus_consensus	exact_same_tibetan_syllable	single_accepted_attestation	none	low	defer	ཀང་བྱ་ kan bya Kanka-Vogel oder Vogel der Lei-	Only one accepted aligned target attestation is available.	1
wts_1_34	53	46	2	ཀང	kan	kaṅ	1		insufficient_consensus	positionally_aligned_corpus_consensus	exact_same_tibetan_syllable	single_accepted_attestation	none	low	defer	ཀི་ཀང་ 'ki kan	Only one accepted aligned target attestation is available.	1
wts_1_34	53	87	2	ཀང	kan	kaṅ	1		insufficient_consensus	positionally_aligned_corpus_consensus	exact_same_tibetan_syllable	single_accepted_attestation	none	low	defer	ཀི་ཀང་ 'ki kan Beiname des Rähu. -- vgl. chın.	Only one accepted aligned target attestation is available.	1
wts_1_34	53	97	2	ཀང	kan	kaṅ	1		insufficient_consensus	positionally_aligned_corpus_consensus	exact_same_tibetan_syllable	single_accepted_attestation	none	low	defer	ཀི་ཀང་ ki kan	Only one accepted aligned target attestation is available.	1
wts_1_34	53	116	2	ཀང	kan	kaṅ	1		insufficient_consensus	positionally_aligned_corpus_consensus	exact_same_tibetan_syllable	single_accepted_attestation	none	low	defer	ཀི་ཀང་ ki kan eine Pflanze; vgl. ke’n.	Only one accepted aligned target attestation is available.	1
wts_1_34	54	18	2	ཀང	kan	kaṅ	1		insufficient_consensus	positionally_aligned_corpus_consensus	exact_same_tibetan_syllable	single_accepted_attestation	none	low	defer	ཀིང་ཀང་ kiṅ kan, auch kan kiṅ, kan dan kiṅ, rkani	Only one accepted aligned target attestation is available.	1
wts_1_34	54	164	3	ཁོང	khon	khoṅ	1	kboṅ:1	competing_latin_forms	positionally_aligned_corpus_consensus	exact_same_tibetan_syllable	non_dominant_accepted_forms	none	low	defer	ཀིམ་ཤང ཁོང་ཅོ kim San khon co, kim Sin kon co,	Accepted dotted forms do not yet establish a dominant internal consensus.	2
wts_1_34	275	173	1	ཁོང	khon	khoṅ	1	kboṅ:1	competing_latin_forms	positionally_aligned_corpus_consensus	exact_same_tibetan_syllable	non_dominant_accepted_forms	none	low	defer	ཁོང་ 'khon auch khon pa pron. 3. pers. sing.	Accepted dotted forms do not yet establish a dominant internal consensus.	2
wts_1_34	276	1	1	ཁོང	khon	khoṅ	1	kboṅ:1	competing_latin_forms	positionally_aligned_corpus_consensus	exact_same_tibetan_syllable	non_dominant_accepted_forms	none	low	defer	ཁོང་སྐེམ་པ་ khon skem pa	Accepted dotted forms do not yet establish a dominant internal consensus.	2
wts_1_34	276	32	1	ཁོང	khon	khoṅ	1	kboṅ:1	competing_latin_forms	positionally_aligned_corpus_consensus	exact_same_tibetan_syllable	non_dominant_accepted_forms	none	low	defer	ཁོང་སྐེམ་པ་ khon skem pa auch khon skems pa	Accepted dotted forms do not yet establish a dominant internal consensus.	2
wts_1_34	276	39	1	ཁོང	khon	khoṅ	1	kboṅ:1	competing_latin_forms	positionally_aligned_corpus_consensus	exact_same_tibetan_syllable	non_dominant_accepted_forms	none	low	defer	ཁོང་ཀྱལ་ khon khyul auch khon ’khyul Aufge-	Accepted dotted forms do not yet establish a dominant internal consensus.	2
wts_1_34	276	77	1	ཁོང	khon	khoṅ	1	kboṅ:1	competing_latin_forms	positionally_aligned_corpus_consensus	exact_same_tibetan_syllable	non_dominant_accepted_forms	none	low	defer	ཁོང་ འཁྱལ་ khon 'khyul Tkhon khyul.	Accepted dotted forms do not yet establish a dominant internal consensus.	2
wts_1_34	276	79	1	ཁོང	khon	khoṅ	1	kboṅ:1	competing_latin_forms	positionally_aligned_corpus_consensus	exact_same_tibetan_syllable	non_dominant_accepted_forms	none	low	defer	ཁོང་གླུ་ khon glu Lockruf.	Accepted dotted forms do not yet establish a dominant internal consensus.	2
wts_1_34	276	92	1	ཁོང	Khon	khoṅ	1	kboṅ:1	competing_latin_forms	positionally_aligned_corpus_consensus	exact_same_tibetan_syllable	non_dominant_accepted_forms	none	low	defer	ཁོང་སྒྲིལ་ Khon sgril Fesseln.	Accepted dotted forms do not yet establish a dominant internal consensus.	2
wts_1_34	276	94	1	ཁོང	khon	khoṅ	1	kboṅ:1	competing_latin_forms	positionally_aligned_corpus_consensus	exact_same_tibetan_syllable	non_dominant_accepted_forms	none	low	defer	ཁོང་གཅོང་ khon gcon.	Accepted dotted forms do not yet establish a dominant internal consensus.	2
wts_1_34	276	99	1	ཁོང	khon	khoṅ	1	kboṅ:1	damaged_context	positionally_aligned_corpus_consensus	exact_same_tibetan_syllable	non_dominant_accepted_forms	latin_headword_overlap	manual	manual_alignment_review	ཁོང་སྙིང་ khon $/7/77 Fisenkette.	OCR damage overlaps or precedes the aligned headword phrase.	2
wts_1_34	276	105	1	ཁོང	khon	khoṅ	1	kboṅ:1	competing_latin_forms	positionally_aligned_corpus_consensus	exact_same_tibetan_syllable	non_dominant_accepted_forms	none	low	defer	།ཁོང་ཏ་ khon ta	Accepted dotted forms do not yet establish a dominant internal consensus.	2
wts_1_34	276	114	1	ཁོང	khon	khoṅ	1	kboṅ:1	competing_latin_forms	positionally_aligned_corpus_consensus	exact_same_tibetan_syllable	non_dominant_accepted_forms	none	low	defer	ཁོང་ཏ་ khon ta pron. 3. pers.	Accepted dotted forms do not yet establish a dominant internal consensus.	2
wts_1_34	276	120	1	ཁོང	khon	khoṅ	1	kboṅ:1	competing_latin_forms	positionally_aligned_corpus_consensus	exact_same_tibetan_syllable	non_dominant_accepted_forms	none	low	defer	ཁོང་དྭ་སྐྱིལ་ khon du skyil 1skyil 3.	Accepted dotted forms do not yet establish a dominant internal consensus.	2
wts_1_34	276	121	1	ཁོང	khon	khoṅ	1	kboṅ:1	competing_latin_forms	positionally_aligned_corpus_consensus	exact_same_tibetan_syllable	non_dominant_accepted_forms	none	low	defer	ཁོང་ད་བཅུག་ khon du bcug etw. hineingeben,	Accepted dotted forms do not yet establish a dominant internal consensus.	2
wts_1_34	276	131	1	ཁོང	khon	khoṅ	1	kboṅ:1	competing_latin_forms	positionally_aligned_corpus_consensus	exact_same_tibetan_syllable	non_dominant_accepted_forms	none	low	defer	ཁོང་དྲ་ཆུད་ khon du chud auch khons su chud	Accepted dotted forms do not yet establish a dominant internal consensus.	2
wts_1_34	276	157	1	ཁོང	khon	khoṅ	1	kboṅ:1	competing_latin_forms	positionally_aligned_corpus_consensus	exact_same_tibetan_syllable	non_dominant_accepted_forms	none	low	defer	ཁོང་མ་ khon ma	Accepted dotted forms do not yet establish a dominant internal consensus.	2
wts_1_34	276	169	1	ཁོང	khon	khoṅ	1	kboṅ:1	competing_latin_forms	positionally_aligned_corpus_consensus	exact_same_tibetan_syllable	non_dominant_accepted_forms	none	low	defer	ཁོང་ནོང་ khon non [divin.] ein Jahrgang.	Accepted dotted forms do not yet establish a dominant internal consensus.	2
wts_1_34	276	177	1	ཁོང	khon	khoṅ	1	kboṅ:1	competing_latin_forms	positionally_aligned_corpus_consensus	exact_same_tibetan_syllable	non_dominant_accepted_forms	none	low	defer	ཁོང་པ་ ’khon pa das Innere, Körperinnere.	Accepted dotted forms do not yet establish a dominant internal consensus.	2
wts_1_34	276	192	1	ཁོང	khon	khoṅ	1	kboṅ:1	competing_latin_forms	positionally_aligned_corpus_consensus	exact_same_tibetan_syllable	non_dominant_accepted_forms	none	low	defer	ཁོང་འྲབས་ khon ’bras Abszeß, Tumor.	Accepted dotted forms do not yet establish a dominant internal consensus.	2
wts_1_34	276	206	1	ཁོང	khon	khoṅ	1	kboṅ:1	competing_latin_forms	positionally_aligned_corpus_consensus	exact_same_tibetan_syllable	non_dominant_accepted_forms	none	low	defer	ཁོང་མ་ khon ma auch kho ma eine Zimbel.	Accepted dotted forms do not yet establish a dominant internal consensus.	2
wts_1_34	277	1	1	ཁོང	khon	khoṅ	1	kboṅ:1	competing_latin_forms	positionally_aligned_corpus_consensus	exact_same_tibetan_syllable	non_dominant_accepted_forms	none	low	defer	ཁོང་མོ་ khon mo	Accepted dotted forms do not yet establish a dominant internal consensus.	2
wts_1_34	277	8	1	ཁོང	khon	khoṅ	1	kboṅ:1	competing_latin_forms	positionally_aligned_corpus_consensus	exact_same_tibetan_syllable	non_dominant_accepted_forms	none	low	defer	ཁོང་མོ་ khon mo wildes Yak.	Accepted dotted forms do not yet establish a dominant internal consensus.	2
wts_1_34	277	11	1	ཁོང	khon	khoṅ	1	kboṅ:1	competing_latin_forms	positionally_aligned_corpus_consensus	exact_same_tibetan_syllable	non_dominant_accepted_forms	none	low	defer	ཁོང་ཡངས་པ་ khon yans pa weitherzig, aufge-	Accepted dotted forms do not yet establish a dominant internal consensus.	2
wts_1_34	277	20	1	ཁོང	khon	khoṅ	1	kboṅ:1	competing_latin_forms	positionally_aligned_corpus_consensus	exact_same_tibetan_syllable	non_dominant_accepted_forms	none	low	defer	ཁོང་རང་ khon raṅ pron. 3. pers. er, sie, es	Accepted dotted forms do not yet establish a dominant internal consensus.	2
wts_1_34	277	28	1	ཁོང	khon	khoṅ	1	kboṅ:1	competing_latin_forms	positionally_aligned_corpus_consensus	exact_same_tibetan_syllable	non_dominant_accepted_forms	none	low	defer	ཁོང་སིང་ khon sin I\khon sen Schlucht.	Accepted dotted forms do not yet establish a dominant internal consensus.	2
wts_1_34	277	30	1	ཁོང	khon	khoṅ	1	kboṅ:1	competing_latin_forms	positionally_aligned_corpus_consensus	exact_same_tibetan_syllable	non_dominant_accepted_forms	none	low	defer	ཁོང་སུབས་ khon subs Anhang, Ergänzung.	Accepted dotted forms do not yet establish a dominant internal consensus.	2
wts_1_34	277	51	1	ཁོང	khon	khoṅ	1	kboṅ:1	competing_latin_forms	positionally_aligned_corpus_consensus	exact_same_tibetan_syllable	non_dominant_accepted_forms	none	low	defer	ཁོང་སན་ khon sran geduldig.	Accepted dotted forms do not yet establish a dominant internal consensus.	2
wts_1_34	277	57	1	ཁོང	khon	khoṅ	1	kboṅ:1	competing_latin_forms	positionally_aligned_corpus_consensus	exact_same_tibetan_syllable	non_dominant_accepted_forms	none	low	defer	ཁོང་གསེང་ khon gsen Tkhon sen.	Accepted dotted forms do not yet establish a dominant internal consensus.	2
wts_1_34	277	65	1	ཁོང	khon	khoṅ	1	kboṅ:1	competing_latin_forms	positionally_aligned_corpus_consensus	exact_same_tibetan_syllable	non_dominant_accepted_forms	none	low	defer	ཁོང་ལྷོད་ khon lhod geduldig.	Accepted dotted forms do not yet establish a dominant internal consensus.	2
wts_1_34	117	129	1	ཀློང	klon	kloṅ	3	groṅ:2	competing_latin_forms	positionally_aligned_corpus_consensus	exact_same_tibetan_syllable	non_dominant_accepted_forms	none	low	defer	ཀློང་ klon.	Accepted dotted forms do not yet establish a dominant internal consensus.	5
wts_1_34	117	165	1	ཀློང	klon	kloṅ	3	groṅ:2	competing_latin_forms	positionally_aligned_corpus_consensus	exact_same_tibetan_syllable	non_dominant_accepted_forms	none	low	defer	ཀློང་སྒོམ་ klon sgom	Accepted dotted forms do not yet establish a dominant internal consensus.	5
wts_1_34	117	172	1	ཀློང	klon	kloṅ	3	groṅ:2	competing_latin_forms	positionally_aligned_corpus_consensus	exact_same_tibetan_syllable	non_dominant_accepted_forms	none	low	defer	ཀློང་དཀྱིལ་ klon dkyil Mitee.	Accepted dotted forms do not yet establish a dominant internal consensus.	5
wts_1_34	117	184	1	ཀློང	klon	kloṅ	3	groṅ:2	competing_latin_forms	positionally_aligned_corpus_consensus	exact_same_tibetan_syllable	non_dominant_accepted_forms	none	low	defer	ཀློང་འཁོར་ klon ’khor Strudel, Welle.	Accepted dotted forms do not yet establish a dominant internal consensus.	5
wts_1_34	117	189	1	ཀློང	klon	kloṅ	3	groṅ:2	competing_latin_forms	positionally_aligned_corpus_consensus	exact_same_tibetan_syllable	non_dominant_accepted_forms	none	low	defer	ཀློང་གི་མ་མོ་ klon gi ma mo Beiname der Srid-pa	Accepted dotted forms do not yet establish a dominant internal consensus.	5
wts_1_34	117	196	1	ཀློང	klon	kloṅ	3	groṅ:2	competing_latin_forms	positionally_aligned_corpus_consensus	exact_same_tibetan_syllable	non_dominant_accepted_forms	none	low	defer	ཀློང་གྲམ་ klon grum eine Art Dachs.	Accepted dotted forms do not yet establish a dominant internal consensus.	5
wts_1_34	117	202	1	ཀློང	klon	kloṅ	3	groṅ:2	competing_latin_forms	positionally_aligned_corpus_consensus	exact_same_tibetan_syllable	non_dominant_accepted_forms	none	low	defer	ཀློང་སྒོམ་ klon sgom die höchste von drei Medita-	Accepted dotted forms do not yet establish a dominant internal consensus.	5
wts_1_34	118	23	1	ཀློང	klon	kloṅ	3	groṅ:2	competing_latin_forms	positionally_aligned_corpus_consensus	exact_same_tibetan_syllable	non_dominant_accepted_forms	none	low	defer	ཀློང་ཐང་ klon thaṅ N. einer Region in ’Dan	Accepted dotted forms do not yet establish a dominant internal consensus.	5
wts_1_34	118	29	1	ཀློང	klon	kloṅ	3	groṅ:2	competing_latin_forms	positionally_aligned_corpus_consensus	exact_same_tibetan_syllable	non_dominant_accepted_forms	none	low	defer	ཀློང་དུ་གྱུར་པ་ klon du gyur pa.	Accepted dotted forms do not yet establish a dominant internal consensus.	5
wts_1_34	118	40	1	ཀློང	klon	kloṅ	3	groṅ:2	competing_latin_forms	positionally_aligned_corpus_consensus	exact_same_tibetan_syllable	non_dominant_accepted_forms	none	low	defer	ཀློང་རྡོལ་ klon rdol npr. ein Kloster in sKyid-śod,	Accepted dotted forms do not yet establish a dominant internal consensus.	5
wts_1_34	118	44	1	ཀློང	klon	kloṅ	3	groṅ:2	competing_latin_forms	positionally_aligned_corpus_consensus	exact_same_tibetan_syllable	non_dominant_accepted_forms	none	low	defer	ཀློང་རྡོལ་བླ་མ་ klon rdol bla ma npr. der Gelehrte	Accepted dotted forms do not yet establish a dominant internal consensus.	5
wts_1_34	118	56	1	ཀློང	klon	kloṅ	3	groṅ:2	competing_latin_forms	positionally_aligned_corpus_consensus	exact_same_tibetan_syllable	non_dominant_accepted_forms	none	low	defer	"ཀློང་ ""klon sde eine Abteilung der rDzogs-"	Accepted dotted forms do not yet establish a dominant internal consensus.	5
wts_1_34	118	64	1	ཀློང	klon	kloṅ	3	groṅ:2	competing_latin_forms	positionally_aligned_corpus_consensus	exact_same_tibetan_syllable	non_dominant_accepted_forms	none	low	defer	ཀློང་བརྡོལ་ klon brdol „aus der Mitte hervorkom-	Accepted dotted forms do not yet establish a dominant internal consensus.	5
wts_1_34	118	74	1	ཀློང	klon	kloṅ	3	groṅ:2	competing_latin_forms	positionally_aligned_corpus_consensus	exact_same_tibetan_syllable	non_dominant_accepted_forms	none	low	defer	ཀློང་པ་ klon pa Schmutz, Schlamm.	Accepted dotted forms do not yet establish a dominant internal consensus.	5
wts_1_34	118	77	1	ཀློང	klon	kloṅ	3	groṅ:2	competing_latin_forms	positionally_aligned_corpus_consensus	exact_same_tibetan_syllable	non_dominant_accepted_forms	none	low	defer	ཀློང་ཡངས་ klon yans ausgedehnt, weitherzig.	Accepted dotted forms do not yet establish a dominant internal consensus.	5
wts_1_34	642	135	2	ཀློང	klon	kloṅ	3	groṅ:2	competing_latin_forms	positionally_aligned_corpus_consensus	exact_same_tibetan_syllable	non_dominant_accepted_forms	none	low	defer	ཆུ་ཀློང་ chu klon Flußmitte.	Accepted dotted forms do not yet establish a dominant internal consensus.	5
wts_1_34	675	26	2	ཀློང	klon	kloṅ	3	groṅ:2	competing_latin_forms	positionally_aligned_corpus_consensus	exact_same_tibetan_syllable	non_dominant_accepted_forms	none	low	defer	ཆོས་ཀློང་ chos klon Allwissenheit, Meister-	Accepted dotted forms do not yet establish a dominant internal consensus.	5
wts_1_34	675	30	2	ཀློང	klon	kloṅ	3	groṅ:2	damaged_context	positionally_aligned_corpus_consensus	exact_same_tibetan_syllable	non_dominant_accepted_forms	latin_headword_overlap	manual	manual_alignment_review	ཆོས་ཀློང་རྙོག་ chos klon ?7709 aufgebracht sein.	OCR damage overlaps or precedes the aligned headword phrase.	5
wts_1_34	680	1	3	ཀློང	klon	kloṅ	3	groṅ:2	competing_latin_forms	positionally_aligned_corpus_consensus	exact_same_tibetan_syllable	non_dominant_accepted_forms	none	low	defer	ཆོས་དབྱིངས་ཀློང་དུ་ chos dbyins klon du	Accepted dotted forms do not yet establish a dominant internal consensus.	5
wts_1_34	721	142	2	ཀློང	klon	kloṅ	3	groṅ:2	competing_latin_forms	positionally_aligned_corpus_consensus	exact_same_tibetan_syllable	non_dominant_accepted_forms	none	low	defer	འཇའ་ཀློང་ཡེ་ཤེས་ ja’ klon ye śes ein ritueller	Accepted dotted forms do not yet establish a dominant internal consensus.	5
wts_1_34	109	55	1	ཀྲོང	kron	kroṅ	1		insufficient_consensus	positionally_aligned_corpus_consensus	exact_same_tibetan_syllable	single_accepted_attestation	none	low	defer	ཀྲོང་ངེ་ kron ne	Only one accepted aligned target attestation is available.	1
wts_1_34	109	88	1	ཀྲོང	kron	kroṅ	1		insufficient_consensus	positionally_aligned_corpus_consensus	exact_same_tibetan_syllable	single_accepted_attestation	none	low	defer	ཀྲོང་ཀྲོང་ kron kron.	Only one accepted aligned target attestation is available.	1
wts_1_34	109	88	2	ཀྲོང	kron	kroṅ	1		insufficient_consensus	positionally_aligned_corpus_consensus	exact_same_tibetan_syllable	single_accepted_attestation	none	low	defer	ཀྲོང་ཀྲོང་ kron kron.	Only one accepted aligned target attestation is available.	1
wts_1_34	109	100	1	ཀྲོང	kron	kroṅ	1		insufficient_consensus	positionally_aligned_corpus_consensus	exact_same_tibetan_syllable	single_accepted_attestation	none	low	defer	ཀྲོང་ངེ་ kron ne auch kran ne aufgerichtet, auf-	Only one accepted aligned target attestation is available.	1
wts_1_34	104	89	1	ཀྱང	kyan	kyaṅ	3	gyaṅ:1; byaṅ:1	competing_latin_forms	positionally_aligned_corpus_consensus	exact_same_tibetan_syllable	non_dominant_accepted_forms	none	low	defer	ཀྱང་ཀྱོང་ kyan kyon uneben, wellig.	Accepted dotted forms do not yet establish a dominant internal consensus.	5
wts_1_34	710	175	3	ཀྱང	kyan	kyaṅ	3	gyaṅ:1; byaṅ:1	competing_latin_forms	positionally_aligned_corpus_consensus	exact_same_tibetan_syllable	non_dominant_accepted_forms	none	low	defer	ཇི་ནས་ཀྱང་ JE nas kyan unbedingt; vgl. །€/ nas	Accepted dotted forms do not yet establish a dominant internal consensus.	5
wts_1_34	1087	1	3	ཀྱང	kyan	kyaṅ	3	gyaṅ:1; byaṅ:1	competing_latin_forms	positionally_aligned_corpus_consensus	exact_same_tibetan_syllable	non_dominant_accepted_forms	none	low	defer	ད་དུང་ཀྱང་ da duṅ kyan	Accepted dotted forms do not yet establish a dominant internal consensus.	5
wts_1_34	1087	34	3	ཀྱང	kyan	kyaṅ	3	gyaṅ:1; byaṅ:1	competing_latin_forms	positionally_aligned_corpus_consensus	exact_same_tibetan_syllable	non_dominant_accepted_forms	none	low	defer	ད་དུང་ཀྱང་ da duṅ kyan Ida dun yan.	Accepted dotted forms do not yet establish a dominant internal consensus.	5
wts_1_34	99	16	2	ལུང	lun	luṅ	12	laṅ:3; haṅ:2; Tuṅ:1; beṅ:1	competing_latin_forms	positionally_aligned_corpus_consensus	exact_same_tibetan_syllable	non_dominant_accepted_forms	none	low	defer	ཀོང་ལུང་ koṅ lun ein bestimmtes Jahr.	Accepted dotted forms do not yet establish a dominant internal consensus.	19
wts_1_34	143	52	2	ལུང	lun	luṅ	12	laṅ:3; haṅ:2; Tuṅ:1; beṅ:1	competing_latin_forms	positionally_aligned_corpus_consensus	exact_same_tibetan_syllable	non_dominant_accepted_forms	none	low	defer	བཀའ་ལུང་ bka’ lun	Accepted dotted forms do not yet establish a dominant internal consensus.	19
wts_1_34	143	78	2	ལུང	lun	luṅ	12	laṅ:3; haṅ:2; Tuṅ:1; beṅ:1	competing_latin_forms	positionally_aligned_corpus_consensus	exact_same_tibetan_syllable	non_dominant_accepted_forms	none	low	defer	བཀའ་ལུང་ ba’ lun.	Accepted dotted forms do not yet establish a dominant internal consensus.	19
wts_1_34	593	190	5	ལུང	lun	luṅ	12	laṅ:3; haṅ:2; Tuṅ:1; beṅ:1	competing_latin_forms	positionally_aligned_corpus_consensus	exact_same_tibetan_syllable	non_dominant_accepted_forms	none	low	defer	གཅིག་ལས་འཕྲོས་པའི་ལུང་ gcig las ’phros pa’i lun	Accepted dotted forms do not yet establish a dominant internal consensus.	19
wts_1_34	602	115	2	ལུང	lun	luṅ	12	laṅ:3; haṅ:2; Tuṅ:1; beṅ:1	competing_latin_forms	positionally_aligned_corpus_consensus	exact_same_tibetan_syllable	non_dominant_accepted_forms	none	low	defer	བཅལ་ལུང་པ་ beal lun pa	Accepted dotted forms do not yet establish a dominant internal consensus.	19
wts_1_34	613	78	2	ལུང	lun	luṅ	12	laṅ:3; haṅ:2; Tuṅ:1; beṅ:1	competing_latin_forms	positionally_aligned_corpus_consensus	exact_same_tibetan_syllable	non_dominant_accepted_forms	none	low	defer	ལྷགས་ལུང་ lcags lun Eisengriff.	Accepted dotted forms do not yet establish a dominant internal consensus.	19
wts_1_34	666	193	2	ལུང	lun	luṅ	12	laṅ:3; haṅ:2; Tuṅ:1; beṅ:1	competing_latin_forms	positionally_aligned_corpus_consensus	exact_same_tibetan_syllable	non_dominant_accepted_forms	later_gloss_or_commentary	low	defer	ཆེན་ལུང་ chen lun der chinesische Kaiser 87 [£	Accepted dotted forms do not yet establish a dominant internal consensus.	19
wts_1_34	681	143	2	ལུང	lun	luṅ	12	laṅ:3; haṅ:2; Tuṅ:1; beṅ:1	competing_latin_forms	positionally_aligned_corpus_consensus	exact_same_tibetan_syllable	non_dominant_accepted_forms	none	low	defer	ཆོས་ལུང་ chos lun npr. ein Ort.	Accepted dotted forms do not yet establish a dominant internal consensus.	19
wts_1_34	718	3	2	ལུང	lun	luṅ	12	laṅ:3; haṅ:2; Tuṅ:1; beṅ:1	competing_latin_forms	positionally_aligned_corpus_consensus	exact_same_tibetan_syllable	non_dominant_accepted_forms	none	low	defer	འཇག་ལུང་ ag lun Schlinge.	Accepted dotted forms do not yet establish a dominant internal consensus.	19
wts_1_34	894	73	2	ལུང	lun	luṅ	12	laṅ:3; haṅ:2; Tuṅ:1; beṅ:1	competing_latin_forms	positionally_aligned_corpus_consensus	exact_same_tibetan_syllable	non_dominant_accepted_forms	none	low	defer	གཏེར་ལུང་ gter lun Schatztext.	Accepted dotted forms do not yet establish a dominant internal consensus.	19
wts_1_34	943	173	2	ལུང	lun	luṅ	12	laṅ:3; haṅ:2; Tuṅ:1; beṅ:1	competing_latin_forms	positionally_aligned_corpus_consensus	exact_same_tibetan_syllable	non_dominant_accepted_forms	none	low	defer	སྟག་ལུང་ stag lun	Accepted dotted forms do not yet establish a dominant internal consensus.	19
wts_1_34	943	201	2	ལུང	lun	luṅ	12	laṅ:3; haṅ:2; Tuṅ:1; beṅ:1	competing_latin_forms	positionally_aligned_corpus_consensus	exact_same_tibetan_syllable	non_dominant_accepted_forms	none	low	defer	སྟག་ལུང་ stag lun.	Accepted dotted forms do not yet establish a dominant internal consensus.	19
wts_1_34	955	131	2	ལུང	lun	luṅ	12	laṅ:3; haṅ:2; Tuṅ:1; beṅ:1	competing_latin_forms	positionally_aligned_corpus_consensus	exact_same_tibetan_syllable	non_dominant_accepted_forms	none	low	defer	སྟོད་ལུང་ stod lun auch stod luns npr. cin Ort,	Accepted dotted forms do not yet establish a dominant internal consensus.	19
wts_1_34	612	58	2	མདོང	mdon	mdoṅ	1		insufficient_consensus	positionally_aligned_corpus_consensus	exact_same_tibetan_syllable	single_accepted_attestation	none	low	defer	ལྕགས་མདོང་ lcags mdon	Only one accepted aligned target attestation is available.	1
wts_1_34	612	112	2	མདོང	mdon	mdoṅ	1		insufficient_consensus	positionally_aligned_corpus_consensus	exact_same_tibetan_syllable	single_accepted_attestation	none	low	defer	ལྕགས་མདོང་ lcags mdon Eisenrohr.	Only one accepted aligned target attestation is available.	1
wts_1_34	742	149	4	མེང	min	miṅ	2	maṅ:1	competing_latin_forms	positionally_aligned_corpus_consensus	exact_same_tibetan_syllable	non_dominant_accepted_forms	none	low	defer	རྗེས་བསྒྲུབ་ཀྱི་མེང་ rjes bsgrub kyi min Metapher,	Accepted dotted forms do not yet establish a dominant internal consensus.	3
wts_1_34	189	140	2	མཇིང	mjin	mjiṅ	1		insufficient_consensus	positionally_aligned_corpus_consensus	exact_same_tibetan_syllable	single_accepted_attestation	none	low	defer	སྐེ་མཇིང་ ske mjin Hals.	Only one accepted aligned target attestation is available.	1
wts_1_34	716	53	1	མཇིང	mjin	mjiṅ	1		insufficient_consensus	positionally_aligned_corpus_consensus	exact_same_tibetan_syllable	single_accepted_attestation	none	low	defer	མཇིང་ནབ་ mjin nub	Only one accepted aligned target attestation is available.	1
wts_1_34	1067	12	1	མཐང	mthon	mthoṅ	1		insufficient_consensus	positionally_aligned_corpus_consensus	exact_same_tibetan_syllable	single_accepted_attestation	none	low	defer	མཐང་ཁབའ་ས། mthon ba’i sa „Stufe des Sehens	Only one accepted aligned target attestation is available.	1
wts_1_34	547	14	2	རྱོང	myon	myoṅ	2	mmyoṅ:1	competing_latin_forms	positionally_aligned_corpus_consensus	exact_same_tibetan_syllable	non_dominant_accepted_forms	none	low	defer	དངོས་རྱོང་ dinos myon persönliche Wahrneh-	Accepted dotted forms do not yet establish a dominant internal consensus.	3
wts_1_34	748	107	3	མྐྱོང	myon	myoṅ	1		insufficient_consensus	positionally_aligned_corpus_consensus	exact_same_tibetan_syllable	single_accepted_attestation	none	low	defer	རྗེས་སུ་མྐྱོང་ rjes su myon	Only one accepted aligned target attestation is available.	1
wts_1_34	248	148	2	ནིང	nin	niṅ	1	miṅ:1	competing_latin_forms	positionally_aligned_corpus_consensus	exact_same_tibetan_syllable	non_dominant_accepted_forms	none	low	defer	ཁ་ནིང་ kha nin letztes Jahr.	Accepted dotted forms do not yet establish a dominant internal consensus.	2
wts_1_34	491	175	3	ཕང	phan	phaṅ	6	pbaṅ:1; pphaṅ:1; phyuṅ:1	competing_latin_forms	positionally_aligned_corpus_consensus	exact_same_tibetan_syllable	non_dominant_accepted_forms	none	low	defer	སྒེག་མོའི་ཕང་ sgeg mo’i phan Bez. für Himmel.	Accepted dotted forms do not yet establish a dominant internal consensus.	9
wts_1_34	489	61	2	འཕོང	phon	phoṅ	4	skyeṅ:1; pboṅ:1	competing_latin_forms	positionally_aligned_corpus_consensus	exact_same_tibetan_syllable	non_dominant_accepted_forms	none	low	defer	སྒ་འཕོང་ sga ’phon hinterer Teil des Sattels.	Accepted dotted forms do not yet establish a dominant internal consensus.	6
wts_1_34	1015	179	3	ཕྱུང	phyun	phyuṅ	4	pyuṅ:1; phbyuṅ:1	competing_latin_forms	positionally_aligned_corpus_consensus	exact_same_tibetan_syllable	non_dominant_accepted_forms	none	low	defer	ཐུགས་ཧུར་ཕྱུང་ thugs hur phyun erschrocken.	Accepted dotted forms do not yet establish a dominant internal consensus.	6
wts_1_34	1152	1	2	ཕྱུང	phyun	phyuṅ	4	pyuṅ:1; phbyuṅ:1	competing_latin_forms	positionally_aligned_corpus_consensus	exact_same_tibetan_syllable	non_dominant_accepted_forms	none	low	defer	དུག་ཕྱུང་ dug phyun	Accepted dotted forms do not yet establish a dominant internal consensus.	6
wts_1_34	1338	33	2	ཕྱུང	phyun	phyuṅ	4	pyuṅ:1; phbyuṅ:1	competing_latin_forms	positionally_aligned_corpus_consensus	exact_same_tibetan_syllable	non_dominant_accepted_forms	none	low	defer	དྲུངས་ཕྱུང་ druns phyun auch drun phyun pf. zu	Accepted dotted forms do not yet establish a dominant internal consensus.	6
wts_1_34	166	136	1	རྐྱོང	rkyon	rkyoṅ	1		insufficient_consensus	positionally_aligned_corpus_consensus	exact_same_tibetan_syllable	single_accepted_attestation	none	low	defer	རྐྱོང་ rkyon pf. Ibrkyans bzw. lbrkyan fut.	Only one accepted aligned target attestation is available.	1
wts_1_34	258	91	2	རྨང	rman	rmaṅ	4	maṅ:1	dominant_internal_consensus	positionally_aligned_corpus_consensus	exact_same_tibetan_syllable	strong_accepted_form_consensus	none	high	exact_review_candidate	།ཁང་རྨང་ khaṅ rman Grundmauer, Funda-		5
wts_1_34	587	1	2	རོང	ron	roṅ	2	doṅ:1	competing_latin_forms	positionally_aligned_corpus_consensus	exact_same_tibetan_syllable	non_dominant_accepted_forms	none	low	defer	ཅོང་རོང་ con ron	Accepted dotted forms do not yet establish a dominant internal consensus.	3
wts_1_34	587	13	2	རོང	ron	roṅ	2	doṅ:1	competing_latin_forms	positionally_aligned_corpus_consensus	exact_same_tibetan_syllable	non_dominant_accepted_forms	none	low	defer	ཅྲོང་རོང་ con ron \gcon roṅ.	Accepted dotted forms do not yet establish a dominant internal consensus.	3
wts_1_34	597	84	2	རོང	ron	roṅ	2	doṅ:1	competing_latin_forms	positionally_aligned_corpus_consensus	exact_same_tibetan_syllable	non_dominant_accepted_forms	none	low	defer	གཅོང་རོང་ gcon ron auch con ron Schlucht,	Accepted dotted forms do not yet establish a dominant internal consensus.	3
wts_1_34	943	182	2	རོང	ron	roṅ	2	doṅ:1	competing_latin_forms	positionally_aligned_corpus_consensus	exact_same_tibetan_syllable	non_dominant_accepted_forms	none	low	defer	སྟག་རོང་ stag ron npr. cin Ort.	Accepted dotted forms do not yet establish a dominant internal consensus.	3
wts_1_34	157	25	2	རྟིང	rtin	rtiṅ	1		insufficient_consensus	positionally_aligned_corpus_consensus	exact_same_tibetan_syllable	single_accepted_attestation	none	low	defer	རྐང་རྟིང་ rkaṅ rtin Ferse.	Only one accepted aligned target attestation is available.	1
wts_1_34	918	166	1	རྟིང	rtin	rtiṅ	1		insufficient_consensus	positionally_aligned_corpus_consensus	exact_same_tibetan_syllable	single_accepted_attestation	none	low	defer	རྟིང་སྐྱེས་ rtin skyes Irtin nas skyes pa.	Only one accepted aligned target attestation is available.	1
wts_1_34	918	174	1	རྟིང	rtin	rtiṅ	1		insufficient_consensus	positionally_aligned_corpus_consensus	exact_same_tibetan_syllable	single_accepted_attestation	none	low	defer	རྟིང་ནས་སྐྱེས་པ་ rtin nas skyes pa auch rtin skyes	Only one accepted aligned target attestation is available.	1
wts_1_34	919	3	1	རྟིང	rtin	rtiṅ	1		insufficient_consensus	positionally_aligned_corpus_consensus	exact_same_tibetan_syllable	single_accepted_attestation	none	low	defer	རྟིང་འབྲང་བ་ rtin ’braṅ ba Gefährte; vgl. !rtin	Only one accepted aligned target attestation is available.	1
wts_1_34	919	25	1	རྟིང	rtin	rtiṅ	1		insufficient_consensus	positionally_aligned_corpus_consensus	exact_same_tibetan_syllable	single_accepted_attestation	none	low	defer	རྟིང་སོར་ rtin sor in Zukunft, später.	Only one accepted aligned target attestation is available.	1
wts_1_34	919	36	1	རྟིང	rtin	rtiṅ	1		insufficient_consensus	positionally_aligned_corpus_consensus	exact_same_tibetan_syllable	single_accepted_attestation	none	low	defer	རྟིང་ལྷམ་ rtin lham Halbschuh.	Only one accepted aligned target attestation is available.	1
wts_1_34	1203	75	2	རྟིང	rtin	rtiṅ	1		insufficient_consensus	positionally_aligned_corpus_consensus	exact_same_tibetan_syllable	single_accepted_attestation	none	low	defer	དེ་རྟིང་ de rtin Kurzf. für de’i rtiṅ la dann, da-	Only one accepted aligned target attestation is available.	1
wts_1_34	341	1	2	རུང	run	ruṅ	1		insufficient_consensus	positionally_aligned_corpus_consensus	exact_same_tibetan_syllable	single_accepted_attestation	none	low	defer	གང་རུང་ gar run	Only one accepted aligned target attestation is available.	1
wts_1_34	580	1	3	རུང	run	ruṅ	1		insufficient_consensus	positionally_aligned_corpus_consensus	exact_same_tibetan_syllable	single_accepted_attestation	none	low	defer	ཅཾ་མ་རུང་ ci ma run	Only one accepted aligned target attestation is available.	1
wts_1_34	580	41	3	རུང	run	ruṅ	1		insufficient_consensus	positionally_aligned_corpus_consensus	exact_same_tibetan_syllable	single_accepted_attestation	none	low	defer	ཅི་མ་རུང་ ci ma run wenn doch nur!	Only one accepted aligned target attestation is available.	1
wts_1_34	731	190	3	རུང	run	ruṅ	1		insufficient_consensus	positionally_aligned_corpus_consensus	exact_same_tibetan_syllable	single_accepted_attestation	later_gloss_or_commentary	low	defer	འཇིགས་སུ་རུང་བ་ gs su run ba [ ?/0$ run.	Only one accepted aligned target attestation is available.	1
wts_1_34	1018	20	4	རུང	run	ruṅ	1		insufficient_consensus	positionally_aligned_corpus_consensus	exact_same_tibetan_syllable	single_accepted_attestation	none	low	defer	ཐུན་ཚོད་དུ་རུང་བ་ thun tshod du run ba „eine	Only one accepted aligned target attestation is available.	1
wts_1_34	1192	1	3	རུང	run	ruṅ	1		insufficient_consensus	positionally_aligned_corpus_consensus	exact_same_tibetan_syllable	single_accepted_attestation	none	low	defer	དུས་སུ་རུང་བ་ dus su run ba	Only one accepted aligned target attestation is available.	1
wts_1_34	195	82	3	སང	san	saṅ	3	siṅ:1; sdaṅ:1	competing_latin_forms	positionally_aligned_corpus_consensus	exact_same_tibetan_syllable	non_dominant_accepted_forms	none	low	defer	སྐྱ་སང་སང་ skya sari san.	Accepted dotted forms do not yet establish a dominant internal consensus.	5
wts_1_34	256	15	2	སང	san	saṅ	3	siṅ:1; sdaṅ:1	competing_latin_forms	positionally_aligned_corpus_consensus	exact_same_tibetan_syllable	non_dominant_accepted_forms	none	low	defer	།ཁ་སང་ 'kha san auch kha rtsan, kha sa, kha	Accepted dotted forms do not yet establish a dominant internal consensus.	5
wts_1_34	775	30	2	སང	san	saṅ	3	siṅ:1; sdaṅ:1	competing_latin_forms	positionally_aligned_corpus_consensus	exact_same_tibetan_syllable	non_dominant_accepted_forms	none	low	defer	ཉི་སང་པད་ Al san pad npr. eine Emanation	Accepted dotted forms do not yet establish a dominant internal consensus.	5
wts_1_34	953	51	2	སང	san	saṅ	3	siṅ:1; sdaṅ:1	competing_latin_forms	positionally_aligned_corpus_consensus	exact_same_tibetan_syllable	non_dominant_accepted_forms	none	low	defer	སྟོང་སང་ stoṅ san	Accepted dotted forms do not yet establish a dominant internal consensus.	5
wts_1_34	1236	7	2	སང	san	saṅ	3	siṅ:1; sdaṅ:1	competing_latin_forms	positionally_aligned_corpus_consensus	exact_same_tibetan_syllable	non_dominant_accepted_forms	none	low	defer	དེང་སང་ den san auch din san, dus din san	Accepted dotted forms do not yet establish a dominant internal consensus.	5
wts_1_34	1287	32	2	སང	san	saṅ	3	siṅ:1; sdaṅ:1	competing_latin_forms	positionally_aligned_corpus_consensus	exact_same_tibetan_syllable	non_dominant_accepted_forms	none	low	defer	དྭངས་སང་ dwans san auch dans san klar, un-	Accepted dotted forms do not yet establish a dominant internal consensus.	5
wts_1_34	117	23	4	སྡེང	sden	sdeṅ	1		insufficient_consensus	positionally_aligned_corpus_consensus	exact_same_tibetan_syllable	single_accepted_attestation	none	low	defer	ཀློ མི་སྐྱ་སྡེང་ klo mi skya sden npr. ein Volk.	Only one accepted aligned target attestation is available.	1
wts_1_34	92	49	2	ཤིང	sin	siṅ	30	Siṅ:17; ciṅ:1	competing_latin_forms	positionally_aligned_corpus_consensus	exact_same_tibetan_syllable	non_dominant_accepted_forms	later_gloss_or_commentary	low	defer	ཀེར་ཤིང་ ker sin 1kin %.	Accepted dotted forms do not yet establish a dominant internal consensus.	48
wts_1_34	107	127	2	ཤིང	Sin	siṅ	30	Siṅ:17; ciṅ:1	competing_latin_forms	positionally_aligned_corpus_consensus	exact_same_tibetan_syllable	non_dominant_accepted_forms	none	low	defer	ཀྱིར་ཤིང་ kyer Sin Iskyer sin.	Accepted dotted forms do not yet establish a dominant internal consensus.	48
wts_1_34	115	26	2	ཤིང	sin	siṅ	30	Siṅ:17; ciṅ:1	competing_latin_forms	positionally_aligned_corpus_consensus	exact_same_tibetan_syllable	non_dominant_accepted_forms	none	low	defer	ཀླུ་ཤིང་ kla sin eine Pflanze, „Näga-Baum“, ein	Accepted dotted forms do not yet establish a dominant internal consensus.	48
wts_1_34	131	65	2	ཤིང	sin	siṅ	30	Siṅ:17; ciṅ:1	competing_latin_forms	positionally_aligned_corpus_consensus	exact_same_tibetan_syllable	non_dominant_accepted_forms	none	low	defer	དཀྲུག་ཤིང་ dkrug sin auch dkrugs sin „Quirls-	Accepted dotted forms do not yet establish a dominant internal consensus.	48
wts_1_34	131	110	2	ཤིང	sin	siṅ	30	Siṅ:17; ciṅ:1	competing_latin_forms	positionally_aligned_corpus_consensus	exact_same_tibetan_syllable	non_dominant_accepted_forms	none	low	defer	དཀྲུགས་ཤིང་ dkrugs sin.	Accepted dotted forms do not yet establish a dominant internal consensus.	48
wts_1_34	131	139	2	ཤིང	Sin	siṅ	30	Siṅ:17; ciṅ:1	competing_latin_forms	positionally_aligned_corpus_consensus	exact_same_tibetan_syllable	non_dominant_accepted_forms	none	low	defer	དཀྲུགས་ཤིང་ drugs Sin Tdkrug śin.	Accepted dotted forms do not yet establish a dominant internal consensus.	48
wts_1_34	210	132	2	ཤིང	sin	siṅ	30	Siṅ:17; ciṅ:1	competing_latin_forms	positionally_aligned_corpus_consensus	exact_same_tibetan_syllable	non_dominant_accepted_forms	none	low	defer	སྐྱེད་ཤིང་ skyed sin gezogener, gepflanzter Baum.	Accepted dotted forms do not yet establish a dominant internal consensus.	48
wts_1_34	211	115	2	ཤིང	Sin	siṅ	30	Siṅ:17; ciṅ:1	competing_latin_forms	positionally_aligned_corpus_consensus	exact_same_tibetan_syllable	non_dominant_accepted_forms	none	low	defer	སྐྱེར་ཤིང་ skyer Sin Tskyer pa.	Accepted dotted forms do not yet establish a dominant internal consensus.	48
wts_1_34	218	130	3	ཤིང	sin	siṅ	30	Siṅ:17; ciṅ:1	competing_latin_forms	positionally_aligned_corpus_consensus	exact_same_tibetan_syllable	non_dominant_accepted_forms	none	low	defer	སྐྱོད་བྱེད་ཤིང་ skyod byed sin Ruder.	Accepted dotted forms do not yet establish a dominant internal consensus.	48
wts_1_34	269	59	2	ཤིང	sin	siṅ	30	Siṅ:17; ciṅ:1	competing_latin_forms	positionally_aligned_corpus_consensus	exact_same_tibetan_syllable	non_dominant_accepted_forms	none	low	defer	ཁུར་ཤིང་ khur sin hölzernes Tragegestell.	Accepted dotted forms do not yet establish a dominant internal consensus.	48
wts_1_34	277	28	2	སིང	sin	siṅ	1		insufficient_consensus	positionally_aligned_corpus_consensus	exact_same_tibetan_syllable	single_accepted_attestation	none	low	defer	ཁོང་སིང་ khon sin I\khon sen Schlucht.	Only one accepted aligned target attestation is available.	1
wts_1_34	282	1	3	ཤིང	sin	siṅ	30	Siṅ:17; ciṅ:1	competing_latin_forms	positionally_aligned_corpus_consensus	exact_same_tibetan_syllable	non_dominant_accepted_forms	none	low	defer	ཁྱབ་འཇུག་ཤིང་རྟ་ khyab jug sin rta	Accepted dotted forms do not yet establish a dominant internal consensus.	48
wts_1_34	293	196	2	ཤིང	sin	siṅ	30	Siṅ:17; ciṅ:1	competing_latin_forms	positionally_aligned_corpus_consensus	exact_same_tibetan_syllable	non_dominant_accepted_forms	none	low	defer	ཁྲམ་ཤིང་ khram sin Kerbholz; ein Ritualge-	Accepted dotted forms do not yet establish a dominant internal consensus.	48
wts_1_34	295	114	3	ཤིང	sin	siṅ	30	Siṅ:17; ciṅ:1	competing_latin_forms	positionally_aligned_corpus_consensus	exact_same_tibetan_syllable	non_dominant_accepted_forms	none	low	defer	ཁྲི་ཏི་ཤིང་ khri ti sin eine Pflanze.	Accepted dotted forms do not yet establish a dominant internal consensus.	48
wts_1_34	328	31	2	ཤིང	Sin	siṅ	30	Siṅ:17; ciṅ:1	competing_latin_forms	positionally_aligned_corpus_consensus	exact_same_tibetan_syllable	non_dominant_accepted_forms	none	low	defer	འཁྲི་ཤིང་ ’khri Sin auch ’khril sin Ranke,	Accepted dotted forms do not yet establish a dominant internal consensus.	48
wts_1_34	329	48	2	ཤིང	sin	siṅ	30	Siṅ:17; ciṅ:1	competing_latin_forms	positionally_aligned_corpus_consensus	exact_same_tibetan_syllable	non_dominant_accepted_forms	none	low	defer	འཁྲིལ་ཤིང་ khril sin V’ehri sin.	Accepted dotted forms do not yet establish a dominant internal consensus.	48
wts_1_34	355	1	3	ཤིང	sin	siṅ	30	Siṅ:17; ciṅ:1	competing_latin_forms	positionally_aligned_corpus_consensus	exact_same_tibetan_syllable	non_dominant_accepted_forms	none	low	defer	གེལ་བའི་ཤིང་ gel ba’i sin	Accepted dotted forms do not yet establish a dominant internal consensus.	48
wts_1_34	355	3	3	ཤིང	sin	siṅ	30	Siṅ:17; ciṅ:1	competing_latin_forms	positionally_aligned_corpus_consensus	exact_same_tibetan_syllable	non_dominant_accepted_forms	none	low	defer	གེལ་བའི་ཤིང་ gel ba’i sin ein Baum.	Accepted dotted forms do not yet establish a dominant internal consensus.	48
wts_1_34	367	59	2	ཤིང	Sin	siṅ	30	Siṅ:17; ciṅ:1	competing_latin_forms	positionally_aligned_corpus_consensus	exact_same_tibetan_syllable	non_dominant_accepted_forms	none	low	defer	ཀྱིབ་ཤིང་པ་ gib Sin pa eine Pflanze, synon.	Accepted dotted forms do not yet establish a dominant internal consensus.	48
wts_1_34	395	57	2	ཤིང	sin	siṅ	30	Siṅ:17; ciṅ:1	competing_latin_forms	positionally_aligned_corpus_consensus	exact_same_tibetan_syllable	non_dominant_accepted_forms	none	low	defer	གླང་ཤིང་ glaṅ sin ein Baum, Gebirgsweide.	Accepted dotted forms do not yet establish a dominant internal consensus.	48
wts_1_34	398	35	2	ཤིང	sin	siṅ	30	Siṅ:17; ciṅ:1	competing_latin_forms	positionally_aligned_corpus_consensus	exact_same_tibetan_syllable	non_dominant_accepted_forms	none	low	defer	གླེགས་ཤིང་ glegs sin Buchdeckel aus Holz.	Accepted dotted forms do not yet establish a dominant internal consensus.	48
wts_1_34	404	99	3	ཤིང	Sin	siṅ	30	Siṅ:17; ciṅ:1	competing_latin_forms	positionally_aligned_corpus_consensus	exact_same_tibetan_syllable	non_dominant_accepted_forms	none	low	defer	དགའ་བའི་ཤིང་རྟ་མ་ dga’ ba’i Sin rta ma göttliche	Accepted dotted forms do not yet establish a dominant internal consensus.	48
wts_1_34	453	65	3	ཤིང	Sin	siṅ	30	Siṅ:17; ciṅ:1	competing_latin_forms	positionally_aligned_corpus_consensus	exact_same_tibetan_syllable	non_dominant_accepted_forms	none	low	defer	འགྲོ་བའི་ཤིང་རྟ་ ’gro ba’i Sin rta Beiname des	Accepted dotted forms do not yet establish a dominant internal consensus.	48
wts_1_34	464	168	2	ཤིང	Sin	siṅ	30	Siṅ:17; ciṅ:1	competing_latin_forms	positionally_aligned_corpus_consensus	exact_same_tibetan_syllable	non_dominant_accepted_forms	none	low	defer	རྒྱ་ཤིང་བརྗོད་གསུམ་ rgya Sin brnod gsum Steuer-	Accepted dotted forms do not yet establish a dominant internal consensus.	48
wts_1_34	508	125	3	ཤིང	sin	siṅ	30	Siṅ:17; ciṅ:1	competing_latin_forms	positionally_aligned_corpus_consensus	exact_same_tibetan_syllable	non_dominant_accepted_forms	none	low	defer	སྒྲོལ་བའི་ཤིང་རྟ་ sgrol ba’i sin rta.	Accepted dotted forms do not yet establish a dominant internal consensus.	48
wts_1_34	526	143	3	ཤིང	sin	siṅ	30	Siṅ:17; ciṅ:1	competing_latin_forms	positionally_aligned_corpus_consensus	exact_same_tibetan_syllable	non_dominant_accepted_forms	none	low	defer	ངང་པའི་ཤིང་རྟ་ nan pa’i sin rta Beiname des	Accepted dotted forms do not yet establish a dominant internal consensus.	48
wts_1_34	559	131	5	ཤིང	Sin	siṅ	30	Siṅ:17; ciṅ:1	competing_latin_forms	positionally_aligned_corpus_consensus	exact_same_tibetan_syllable	non_dominant_accepted_forms	none	low	defer	རྔ་ཡབ་ཅན་གྱི་ཤིང་ rna yab can gyi Sin Bez. für	Accepted dotted forms do not yet establish a dominant internal consensus.	48
wts_1_34	607	75	4	ཤིང	sin	siṅ	30	Siṅ:17; ciṅ:1	competing_latin_forms	positionally_aligned_corpus_consensus	exact_same_tibetan_syllable	non_dominant_accepted_forms	none	low	defer	བཅུད་རོ་འཛིན་ཤིང་ beud ro ’dzin sin Bez. für	Accepted dotted forms do not yet establish a dominant internal consensus.	48
wts_1_34	654	60	2	ཤིང	Sin	siṅ	30	Siṅ:17; ciṅ:1	competing_latin_forms	positionally_aligned_corpus_consensus	exact_same_tibetan_syllable	non_dominant_accepted_forms	none	low	defer	ཆུ་ཤིང་མ་ chu Sin ma	Accepted dotted forms do not yet establish a dominant internal consensus.	48
wts_1_34	654	110	2	ཤིང	sin	siṅ	30	Siṅ:17; ciṅ:1	competing_latin_forms	positionally_aligned_corpus_consensus	exact_same_tibetan_syllable	non_dominant_accepted_forms	none	low	defer	ཆུ་ཤིང་དཀར་པོ་ chu sin dkar po ein Baum.	Accepted dotted forms do not yet establish a dominant internal consensus.	48
wts_1_34	697	95	4	ཤིང	sin	siṅ	30	Siṅ:17; ciṅ:1	competing_latin_forms	positionally_aligned_corpus_consensus	exact_same_tibetan_syllable	non_dominant_accepted_forms	none	low	defer	མཆོད་སྦྱིན་སྤོས་ཤིང་ mchod sbyin spos sin Bez.	Accepted dotted forms do not yet establish a dominant internal consensus.	48
wts_1_34	708	24	2	ཤིང	Sin	siṅ	30	Siṅ:17; ciṅ:1	competing_latin_forms	positionally_aligned_corpus_consensus	exact_same_tibetan_syllable	non_dominant_accepted_forms	none	low	defer	ཇ་ཤིང་ ja Sin Teepflanze; Camella sinensis	Accepted dotted forms do not yet establish a dominant internal consensus.	48
wts_1_34	752	76	2	ཤིང	sin	siṅ	30	Siṅ:17; ciṅ:1	competing_latin_forms	positionally_aligned_corpus_consensus	exact_same_tibetan_syllable	non_dominant_accepted_forms	none	low	defer	ལྗོན་ཤིང་ལྔམ་ར་ lion sin Idum ra auch bon sin	Accepted dotted forms do not yet establish a dominant internal consensus.	48
wts_1_34	801	30	2	ཤིང	sin	siṅ	30	Siṅ:17; ciṅ:1	competing_latin_forms	positionally_aligned_corpus_consensus	exact_same_tibetan_syllable	non_dominant_accepted_forms	none	low	defer	གཉའ་ཤིང་ giia’ sin Joch.	Accepted dotted forms do not yet establish a dominant internal consensus.	48
wts_1_34	819	167	1	སྙིང	sin	siṅ	3	sāiṅ:1; sñiṅ:1; stiṅ:1	competing_latin_forms	positionally_aligned_corpus_consensus	exact_same_tibetan_syllable	non_dominant_accepted_forms	none	low	defer	སྙིང་ཁམས་ཆེ་བ་ sin khams che ba unver-	Accepted dotted forms do not yet establish a dominant internal consensus.	6
wts_1_34	821	3	1	སྙིང	sin	siṅ	3	sāiṅ:1; sñiṅ:1; stiṅ:1	competing_latin_forms	positionally_aligned_corpus_consensus	exact_same_tibetan_syllable	non_dominant_accepted_forms	none	low	defer	སྙིང་རྗེ་བ་ sin rje ba das Mitleiderregende, eine	Accepted dotted forms do not yet establish a dominant internal consensus.	6
wts_1_34	821	87	1	སྙིང	sin	siṅ	3	sāiṅ:1; sñiṅ:1; stiṅ:1	competing_latin_forms	positionally_aligned_corpus_consensus	exact_same_tibetan_syllable	non_dominant_accepted_forms	none	low	defer	སྙིང་སྟོབས་ sin stobs.	Accepted dotted forms do not yet establish a dominant internal consensus.	6
wts_1_34	821	116	1	སྙིང	sin	siṅ	3	sāiṅ:1; sñiṅ:1; stiṅ:1	competing_latin_forms	positionally_aligned_corpus_consensus	exact_same_tibetan_syllable	non_dominant_accepted_forms	none	low	defer	སྙིང་སྟོབས་ཅན་ sin stobs can	Accepted dotted forms do not yet establish a dominant internal consensus.	6
wts_1_34	821	199	1	སྙིང	sin	siṅ	3	sāiṅ:1; sñiṅ:1; stiṅ:1	competing_latin_forms	positionally_aligned_corpus_consensus	exact_same_tibetan_syllable	non_dominant_accepted_forms	later_gloss_or_commentary	low	defer	སྙིང་རྡེང་ sin rden 7577/77 gden.	Accepted dotted forms do not yet establish a dominant internal consensus.	6
wts_1_34	821	208	1	སྙིང	sin	siṅ	3	sāiṅ:1; sñiṅ:1; stiṅ:1	competing_latin_forms	positionally_aligned_corpus_consensus	exact_same_tibetan_syllable	non_dominant_accepted_forms	later_gloss_or_commentary	low	defer	སྙིང་སྡོས་ sin sdos auch $77//77 gelos Mut, Aus-	Accepted dotted forms do not yet establish a dominant internal consensus.	6
wts_1_34	822	1	1	སྙིང	sin	siṅ	3	sāiṅ:1; sñiṅ:1; stiṅ:1	competing_latin_forms	positionally_aligned_corpus_consensus	exact_same_tibetan_syllable	non_dominant_accepted_forms	none	low	defer	སྙིང་ནད་ sin nad	Accepted dotted forms do not yet establish a dominant internal consensus.	6
wts_1_34	822	106	1	སྙིང	sin	siṅ	3	sāiṅ:1; sñiṅ:1; stiṅ:1	competing_latin_forms	positionally_aligned_corpus_consensus	exact_same_tibetan_syllable	non_dominant_accepted_forms	none	low	defer	སྙིང་པོ་མཁྲེགས་ sin po mkhregs	Accepted dotted forms do not yet establish a dominant internal consensus.	6
wts_1_34	822	171	1	སྙིང	sin	siṅ	3	sāiṅ:1; sñiṅ:1; stiṅ:1	competing_latin_forms	positionally_aligned_corpus_consensus	exact_same_tibetan_syllable	non_dominant_accepted_forms	none	low	defer	སྙིང་པོ་མཆོག་ sin po mchog eine hohe Zahl.	Accepted dotted forms do not yet establish a dominant internal consensus.	6
wts_1_34	822	179	1	སྙིང	sin	siṅ	3	sāiṅ:1; sñiṅ:1; stiṅ:1	competing_latin_forms	positionally_aligned_corpus_consensus	exact_same_tibetan_syllable	non_dominant_accepted_forms	none	low	defer	སྙིང་པོ་ཐུགས་ཀྱེ་དབང་ sin po thugs kyi dbaṅ	Accepted dotted forms do not yet establish a dominant internal consensus.	6
wts_1_34	823	44	1	སྙིང	sin	siṅ	3	sāiṅ:1; sñiṅ:1; stiṅ:1	competing_latin_forms	positionally_aligned_corpus_consensus	exact_same_tibetan_syllable	non_dominant_accepted_forms	later_gloss_or_commentary	low	defer	སྙིང་མ་རིངས་པ་་ sin ma rins pa {5/7//) rin.	Accepted dotted forms do not yet establish a dominant internal consensus.	6
wts_1_34	824	42	1	སྙིང	sin	siṅ	3	sāiṅ:1; sñiṅ:1; stiṅ:1	competing_latin_forms	positionally_aligned_corpus_consensus	exact_same_tibetan_syllable	non_dominant_accepted_forms	none	low	defer	སྙིང་ཤེད་ sin sed Mut.	Accepted dotted forms do not yet establish a dominant internal consensus.	6
wts_1_34	879	101	2	ཤིང	Sin	siṅ	30	Siṅ:17; ciṅ:1	competing_latin_forms	positionally_aligned_corpus_consensus	exact_same_tibetan_syllable	non_dominant_accepted_forms	none	low	defer	ཏེའུ་ཤིང་ te’ Sin Stuhl, Sitzbank.	Accepted dotted forms do not yet establish a dominant internal consensus.	48
wts_1_34	891	121	2	ཤིང	sin	siṅ	30	Siṅ:17; ciṅ:1	competing_latin_forms	positionally_aligned_corpus_consensus	exact_same_tibetan_syllable	non_dominant_accepted_forms	none	low	defer	གཏུན་ཤིང་ gtun sin	Accepted dotted forms do not yet establish a dominant internal consensus.	48
wts_1_34	891	130	2	ཤིང	sin	siṅ	30	Siṅ:17; ciṅ:1	competing_latin_forms	positionally_aligned_corpus_consensus	exact_same_tibetan_syllable	non_dominant_accepted_forms	none	low	defer	གཏུན་ཤིང་ gtun sin Stößel, Keule.	Accepted dotted forms do not yet establish a dominant internal consensus.	48
wts_1_34	891	140	2	ཤིང	Sin	siṅ	30	Siṅ:17; ciṅ:1	competing_latin_forms	positionally_aligned_corpus_consensus	exact_same_tibetan_syllable	non_dominant_accepted_forms	none	low	defer	གཏུན་ཤིང་ཅན་ gtun Sin can auch rtun Sin Bei-	Accepted dotted forms do not yet establish a dominant internal consensus.	48
wts_1_34	919	157	2	ཤིང	Sin	siṅ	30	Siṅ:17; ciṅ:1	competing_latin_forms	positionally_aligned_corpus_consensus	exact_same_tibetan_syllable	non_dominant_accepted_forms	none	low	defer	རྟན་ཤིང་ rtun Sin Tgtun Sin can.	Accepted dotted forms do not yet establish a dominant internal consensus.	48
wts_1_34	942	21	2	ཤིང	sin	siṅ	30	Siṅ:17; ciṅ:1	competing_latin_forms	positionally_aligned_corpus_consensus	exact_same_tibetan_syllable	non_dominant_accepted_forms	none	low	defer	སྟ་ཤིང་ sta sin ein Heilmittel, vgl. Tca gan.	Accepted dotted forms do not yet establish a dominant internal consensus.	48
wts_1_34	946	64	4	ཤིང	sin	siṅ	30	Siṅ:17; ciṅ:1	competing_latin_forms	positionally_aligned_corpus_consensus	exact_same_tibetan_syllable	non_dominant_accepted_forms	none	low	defer	སྟར་མོ་གེའི་ཤིང་ star mo ge’i sin Walnußbaum.	Accepted dotted forms do not yet establish a dominant internal consensus.	48
wts_1_34	990	70	2	ཤིང	sin	siṅ	30	Siṅ:17; ciṅ:1	competing_latin_forms	positionally_aligned_corpus_consensus	exact_same_tibetan_syllable	non_dominant_accepted_forms	none	low	defer	ཐང་ཤིང་ thaṅ sin.	Accepted dotted forms do not yet establish a dominant internal consensus.	48
wts_1_34	1003	64	2	ཤིང	sin	siṅ	30	Siṅ:17; ciṅ:1	competing_latin_forms	positionally_aligned_corpus_consensus	exact_same_tibetan_syllable	non_dominant_accepted_forms	none	low	defer	བྲིག་ཤིང་ thig sin	Accepted dotted forms do not yet establish a dominant internal consensus.	48
wts_1_34	1003	107	2	ཤིང	sin	siṅ	30	Siṅ:17; ciṅ:1	competing_latin_forms	positionally_aligned_corpus_consensus	exact_same_tibetan_syllable	non_dominant_accepted_forms	none	low	defer	ཐིག་ཤིང་ thig sin Meßstab,.	Accepted dotted forms do not yet establish a dominant internal consensus.	48
wts_1_34	1020	131	2	ཤིང	sin	siṅ	30	Siṅ:17; ciṅ:1	competing_latin_forms	positionally_aligned_corpus_consensus	exact_same_tibetan_syllable	non_dominant_accepted_forms	later_gloss_or_commentary	low	defer	ཐུབ་ཤིང་ thub sin Gnomon; vgl. SCHUH 2012:	Accepted dotted forms do not yet establish a dominant internal consensus.	48
wts_1_34	1022	16	2	ཤིང	sin	siṅ	30	Siṅ:17; ciṅ:1	competing_latin_forms	positionally_aligned_corpus_consensus	exact_same_tibetan_syllable	non_dominant_accepted_forms	later_gloss_or_commentary	low	defer	ཐུར་ཤིང་ thur sin Gnomon; vgl. SCHUH 2012:	Accepted dotted forms do not yet establish a dominant internal consensus.	48
wts_1_34	1127	94	2	ཤིང	Sin	siṅ	30	Siṅ:17; ciṅ:1	competing_latin_forms	positionally_aligned_corpus_consensus	exact_same_tibetan_syllable	non_dominant_accepted_forms	none	low	defer	དམ་ཤིང་ dam Sin ein Stock, Attribut von Bon-	Accepted dotted forms do not yet establish a dominant internal consensus.	48
wts_1_34	1275	1	4	སྙིང	sin	siṅ	3	sāiṅ:1; sñiṅ:1; stiṅ:1	competing_latin_forms	positionally_aligned_corpus_consensus	exact_same_tibetan_syllable	non_dominant_accepted_forms	none	low	defer	དོམ་མགོ་གླང་སྙིང་ dom mgo glaṅ sin	Accepted dotted forms do not yet establish a dominant internal consensus.	6
wts_1_34	1300	48	2	ཤིང	Sin	siṅ	30	Siṅ:17; ciṅ:1	competing_latin_forms	positionally_aligned_corpus_consensus	exact_same_tibetan_syllable	non_dominant_accepted_forms	none	low	defer	དྲང་ཤིང་ dran Sin Zepter.	Accepted dotted forms do not yet establish a dominant internal consensus.	48
wts_1_34	1308	101	3	ཤིང	Sin	siṅ	30	Siṅ:17; ciṅ:1	competing_latin_forms	positionally_aligned_corpus_consensus	exact_same_tibetan_syllable	non_dominant_accepted_forms	none	low	defer	དྲན་པའི་ཤིང་རྟ་ dran pa’i Sin rta Beiname Märas.	Accepted dotted forms do not yet establish a dominant internal consensus.	48
wts_1_34	1315	24	3	ཤིང	Sin	siṅ	30	Siṅ:17; ciṅ:1	competing_latin_forms	positionally_aligned_corpus_consensus	exact_same_tibetan_syllable	non_dominant_accepted_forms	none	low	defer	དྲི་ལྡན་ཤིང་ dri ldan Sin.	Accepted dotted forms do not yet establish a dominant internal consensus.	48
wts_1_34	1323	11	3	ཤིང	Sin	siṅ	30	Siṅ:17; ciṅ:1	competing_latin_forms	positionally_aligned_corpus_consensus	exact_same_tibetan_syllable	non_dominant_accepted_forms	none	low	defer	དྲི་ཡི་ཤིང་རྟ་ dri yi Sin rta Bez. für Wind.	Accepted dotted forms do not yet establish a dominant internal consensus.	48
wts_1_34	1339	38	2	ཤིང	sin	siṅ	30	Siṅ:17; ciṅ:1	competing_latin_forms	positionally_aligned_corpus_consensus	exact_same_tibetan_syllable	non_dominant_accepted_forms	none	low	defer	དྲུམ་ཤིང་ drum sin eine Pflanze, ein Baum.	Accepted dotted forms do not yet establish a dominant internal consensus.	48
wts_1_34	82	132	3	སློང	slon	sloṅ	1	slonṅ:1	competing_latin_forms	positionally_aligned_corpus_consensus	exact_same_tibetan_syllable	non_dominant_accepted_forms	none	low	defer	ཀུན་ནས་སློང་བ་ kun nas slon ba, Kurzf. \kun slon.	Accepted dotted forms do not yet establish a dominant internal consensus.	2
wts_1_34	82	157	3	སློང	slon	sloṅ	1	slonṅ:1	competing_latin_forms	positionally_aligned_corpus_consensus	exact_same_tibetan_syllable	non_dominant_accepted_forms	none	low	defer	ཀུན་ནས་སློང་བ་པོ་ kun nas slon ba po „der Erhe-	Accepted dotted forms do not yet establish a dominant internal consensus.	2
wts_1_34	87	155	2	སློང	slon	sloṅ	1	slonṅ:1	competing_latin_forms	positionally_aligned_corpus_consensus	exact_same_tibetan_syllable	non_dominant_accepted_forms	none	low	defer	ཀུན་སློང་ kun slon	Accepted dotted forms do not yet establish a dominant internal consensus.	2
wts_1_34	87	195	2	སློང	slon	sloṅ	1	slonṅ:1	competing_latin_forms	positionally_aligned_corpus_consensus	exact_same_tibetan_syllable	non_dominant_accepted_forms	later_gloss_or_commentary	low	defer	ཀུན་སློང་ kun slon, Kurzf. für Tkun 7775 slon ba.	Accepted dotted forms do not yet establish a dominant internal consensus.	2
wts_1_34	88	1	2	སློང	slon	sloṅ	1	slonṅ:1	competing_latin_forms	positionally_aligned_corpus_consensus	exact_same_tibetan_syllable	non_dominant_accepted_forms	none	low	defer	ཀུན་སློང་ཅན་ kun slon can	Accepted dotted forms do not yet establish a dominant internal consensus.	2
wts_1_34	88	8	2	སློང	slon	sloṅ	1	slonṅ:1	competing_latin_forms	positionally_aligned_corpus_consensus	exact_same_tibetan_syllable	non_dominant_accepted_forms	none	low	defer	ཀུན་སློང་ཅན་ kun slon can mit bösen Gedanken,	Accepted dotted forms do not yet establish a dominant internal consensus.	2
wts_1_34	230	39	2	སློང	slon	sloṅ	1	slonṅ:1	competing_latin_forms	positionally_aligned_corpus_consensus	exact_same_tibetan_syllable	non_dominant_accepted_forms	none	low	defer	བསྐུལ་སློང་ bskul slon Anregung.	Accepted dotted forms do not yet establish a dominant internal consensus.	2
wts_1_34	256	80	2	སློང	slon	sloṅ	1	slonṅ:1	competing_latin_forms	positionally_aligned_corpus_consensus	exact_same_tibetan_syllable	non_dominant_accepted_forms	none	low	defer	ཁ་སློང་ kha slon pf. lkha bslans ergänzen.	Accepted dotted forms do not yet establish a dominant internal consensus.	2
wts_1_34	413	26	3	སློང	slon	sloṅ	1	slonṅ:1	competing_latin_forms	positionally_aligned_corpus_consensus	exact_same_tibetan_syllable	non_dominant_accepted_forms	none	low	defer	དགེ་བར་སློང་ dge bar slon Bez. für Rsi.	Accepted dotted forms do not yet establish a dominant internal consensus.	2
wts_1_34	414	106	2	སློང	slon	sloṅ	1	slonṅ:1	competing_latin_forms	positionally_aligned_corpus_consensus	exact_same_tibetan_syllable	non_dominant_accepted_forms	none	low	defer	དགེ་སློང་ dge slon	Accepted dotted forms do not yet establish a dominant internal consensus.	2
wts_1_34	414	115	2	སློང	slon	sloṅ	1	slonṅ:1	competing_latin_forms	positionally_aligned_corpus_consensus	exact_same_tibetan_syllable	non_dominant_accepted_forms	none	low	defer	དགེ་སློང་ dge slon.	Accepted dotted forms do not yet establish a dominant internal consensus.	2
wts_1_34	414	198	2	སློང	slon	sloṅ	1	slonṅ:1	competing_latin_forms	positionally_aligned_corpus_consensus	exact_same_tibetan_syllable	non_dominant_accepted_forms	none	low	defer	དགེ་སློང་ཆབ་རིལ་ dge slon chab ril eine Pflanze,	Accepted dotted forms do not yet establish a dominant internal consensus.	2
wts_1_34	530	187	2	སློང	slon	sloṅ	1	slonṅ:1	competing_latin_forms	positionally_aligned_corpus_consensus	exact_same_tibetan_syllable	non_dominant_accepted_forms	none	low	defer	ངར་སློང་ nar slon ermutigen, anspornen.	Accepted dotted forms do not yet establish a dominant internal consensus.	2
wts_1_34	769	45	2	སློང	slon	sloṅ	1	slonṅ:1	competing_latin_forms	positionally_aligned_corpus_consensus	exact_same_tibetan_syllable	non_dominant_accepted_forms	none	low	defer	ཉལ་སློང་ al slon Bez. für Weisheit.	Accepted dotted forms do not yet establish a dominant internal consensus.	2
wts_1_34	1169	48	2	སློང	slon	sloṅ	1	slonṅ:1	competing_latin_forms	positionally_aligned_corpus_consensus	exact_same_tibetan_syllable	non_dominant_accepted_forms	later_gloss_or_commentary	low	defer	དུར་སློང་ dur slon '[0[6112617611]101116,	Accepted dotted forms do not yet establish a dominant internal consensus.	2
wts_1_34	528	121	2	སྲོང	spoh	spoṅ	2	sroṅ:1	syllable_structure_mismatch	positionally_aligned_corpus_consensus	consonantal_structure_mismatch	non_dominant_accepted_forms	none	manual	syllable_specific_analysis	ངན་སྲོང་བུ་ nan spoh bu Bez. für Venus bzw.	Proposed target omits explicit Tibetan subjoined r; requires a syllable-specific analysis.	3
wts_1_34	769	151	2	སྲོང	spon	spoṅ	2	sroṅ:1	syllable_structure_mismatch	positionally_aligned_corpus_consensus	consonantal_structure_mismatch	non_dominant_accepted_forms	none	manual	syllable_specific_analysis	ཉལ་སྲོང་ nal spon Bez. für Weisheit.	Proposed target omits explicit Tibetan subjoined r; requires a syllable-specific analysis.	3
wts_1_34	77	104	3	སྲང	srun	sruṅ	1	ssdaṅ:1; seruṅ:1; sriṅ:1	competing_latin_forms	positionally_aligned_corpus_consensus	exact_same_tibetan_syllable	non_dominant_accepted_forms	none	low	defer	ན་ཏུ་སྲང་བ kun tu srun ba sc > 3	Accepted dotted forms do not yet establish a dominant internal consensus.	4
wts_1_34	128	89	2	སྲང	srun	sruṅ	1	ssdaṅ:1; seruṅ:1; sriṅ:1	competing_latin_forms	positionally_aligned_corpus_consensus	exact_same_tibetan_syllable	non_dominant_accepted_forms	none	low	defer	དཀོར་སྲང་རྒྱལ་པོ་ dkor srun rgyal po Beiname der	Accepted dotted forms do not yet establish a dominant internal consensus.	4
wts_1_34	944	84	1	སྟང	stan	staṅ	2	stoṅ:1; snaṅ:1	competing_latin_forms	positionally_aligned_corpus_consensus	exact_same_tibetan_syllable	non_dominant_accepted_forms	none	low	defer	སྟང་ stan Ehemann.	Accepted dotted forms do not yet establish a dominant internal consensus.	4
wts_1_34	946	86	2	སྟང	stan	staṅ	2	stoṅ:1; snaṅ:1	competing_latin_forms	positionally_aligned_corpus_consensus	exact_same_tibetan_syllable	non_dominant_accepted_forms	none	low	defer	སྟི་སྟང་ sti stan \bsti stan.	Accepted dotted forms do not yet establish a dominant internal consensus.	4
wts_1_34	988	91	1	ཐྲང	than	thaṅ	1		syllable_structure_mismatch	positionally_aligned_corpus_consensus	consonantal_structure_mismatch	single_accepted_attestation	none	manual	syllable_specific_analysis	ཐྲང་དཀར་ than dkar auch than kar.	Proposed target omits explicit Tibetan subjoined r; requires a syllable-specific analysis.	1
wts_1_34	277	188	2	ཏིང	tin	tiṅ	1	dziṅ:1	competing_latin_forms	positionally_aligned_corpus_consensus	exact_same_tibetan_syllable	non_dominant_accepted_forms	none	low	defer	ཁོམ་ཏིང་ khom tin tiefsitzend.	Accepted dotted forms do not yet establish a dominant internal consensus.	2
wts_1_34	874	140	1	ཏིང	tin	tiṅ	1	dziṅ:1	competing_latin_forms	positionally_aligned_corpus_consensus	exact_same_tibetan_syllable	non_dominant_accepted_forms	none	low	defer	ཏིང་ tin ein Gefäß, Schale; vgl. chin, SH ting	Accepted dotted forms do not yet establish a dominant internal consensus.	2
wts_1_34	874	152	1	ཏིང	tin	tiṅ	1	dziṅ:1	competing_latin_forms	positionally_aligned_corpus_consensus	exact_same_tibetan_syllable	non_dominant_accepted_forms	none	low	defer	ཏིང་ཀྲས་ tin kras cin Vogel.	Accepted dotted forms do not yet establish a dominant internal consensus.	2
wts_1_34	874	157	1	ཏིང	tin	tiṅ	1	dziṅ:1	competing_latin_forms	positionally_aligned_corpus_consensus	exact_same_tibetan_syllable	non_dominant_accepted_forms	none	low	defer	ཏིང་ཁྲོལ་ tin khrol ein Laut.	Accepted dotted forms do not yet establish a dominant internal consensus.	2
wts_1_34	874	169	1	ཏིང	tin	tiṅ	1	dziṅ:1	competing_latin_forms	positionally_aligned_corpus_consensus	exact_same_tibetan_syllable	non_dominant_accepted_forms	none	low	defer	ཏིང་ ངེ་ འཛིན་ tin he ’dzin	Accepted dotted forms do not yet establish a dominant internal consensus.	2
wts_1_34	874	171	1	ཏིང	tin	tiṅ	1	dziṅ:1	competing_latin_forms	positionally_aligned_corpus_consensus	exact_same_tibetan_syllable	non_dominant_accepted_forms	none	low	defer	ཏིང་ངེ་འཛིན་ tin ne ’dzin auch tin ’dzin.	Accepted dotted forms do not yet establish a dominant internal consensus.	2
wts_1_34	875	1	1	ཏིང	tin	tiṅ	1	dziṅ:1	competing_latin_forms	positionally_aligned_corpus_consensus	exact_same_tibetan_syllable	non_dominant_accepted_forms	none	low	defer	ཏིང་ངེ་འཛིན་་ tin ne ’dzin ...	Accepted dotted forms do not yet establish a dominant internal consensus.	2
wts_1_34	875	111	1	ཏིང	tin	tiṅ	1	dziṅ:1	competing_latin_forms	positionally_aligned_corpus_consensus	exact_same_tibetan_syllable	non_dominant_accepted_forms	none	low	defer	ཏིང་ངེ་འཛིན་་”་ tin ne ’dzin ...	Accepted dotted forms do not yet establish a dominant internal consensus.	2
wts_1_34	875	146	1	ཏིང	tin	tiṅ	1	dziṅ:1	competing_latin_forms	positionally_aligned_corpus_consensus	exact_same_tibetan_syllable	non_dominant_accepted_forms	none	low	defer	ཏིང་མཐའ་ tin imtha’ finites Verb, skt. tinanta.	Accepted dotted forms do not yet establish a dominant internal consensus.	2
wts_1_34	875	149	1	ཏིང	tin	tiṅ	1	dziṅ:1	competing_latin_forms	positionally_aligned_corpus_consensus	exact_same_tibetan_syllable	non_dominant_accepted_forms	none	low	defer	ཏིང་མཐོའི་ཚིག་ tin mtho’i tshig irrt. für tin	Accepted dotted forms do not yet establish a dominant internal consensus.	2
wts_1_34	875	177	1	ཏིང	tin	tiṅ	1	dziṅ:1	competing_latin_forms	positionally_aligned_corpus_consensus	exact_same_tibetan_syllable	non_dominant_accepted_forms	later_gloss_or_commentary	low	defer	ཏིང་ཞི་ tin Zi 72. Silber oder Türkis.	Accepted dotted forms do not yet establish a dominant internal consensus.	2
wts_1_34	875	194	1	ཏིང	tin	tiṅ	1	dziṅ:1	competing_latin_forms	positionally_aligned_corpus_consensus	exact_same_tibetan_syllable	non_dominant_accepted_forms	none	low	defer	ཏིང་ལོ་ tin lo winzige Schalen aus Teig, vgl.	Accepted dotted forms do not yet establish a dominant internal consensus.	2
wts_1_34	875	205	1	ཏིང	tin	tiṅ	1	dziṅ:1	competing_latin_forms	positionally_aligned_corpus_consensus	exact_same_tibetan_syllable	non_dominant_accepted_forms	none	low	defer	ཏིང་ལོ་ཏིང་སྨན་ tin lo tin sman ein gäi bdag in	Accepted dotted forms do not yet establish a dominant internal consensus.	2
wts_1_34	875	205	3	ཏིང	tin	tiṅ	1	dziṅ:1	competing_latin_forms	positionally_aligned_corpus_consensus	exact_same_tibetan_syllable	non_dominant_accepted_forms	none	low	defer	ཏིང་ལོ་ཏིང་སྨན་ tin lo tin sman ein gäi bdag in	Accepted dotted forms do not yet establish a dominant internal consensus.	2
wts_1_34	876	11	1	ཏིང	tin	tiṅ	1	dziṅ:1	competing_latin_forms	positionally_aligned_corpus_consensus	exact_same_tibetan_syllable	non_dominant_accepted_forms	none	low	defer	ཏིང་ཤོ་ tin so ZZ. Fluß.	Accepted dotted forms do not yet establish a dominant internal consensus.	2
wts_1_34	1100	1	2	འཚང	tshan	tshaṅ	1	shaṅ:1	competing_latin_forms	positionally_aligned_corpus_consensus	exact_same_tibetan_syllable	non_dominant_accepted_forms	none	low	defer	དག་འཚང་བྱས་ dag ’tshan byas	Accepted dotted forms do not yet establish a dominant internal consensus.	2
wts_1_34	1100	3	2	འཚང	tshan	tshaṅ	1	shaṅ:1	competing_latin_forms	positionally_aligned_corpus_consensus	exact_same_tibetan_syllable	non_dominant_accepted_forms	none	low	defer	དག་འཚང་བྱས་ dag ’tshan byas pf. bereinigen.	Accepted dotted forms do not yet establish a dominant internal consensus.	2
wts_1_34	253	1	2	ཞེང	Zen	zeṅ	1	Zeṅ:1; Ziṅ:1; ziṅ:1	competing_latin_forms	positionally_aligned_corpus_consensus	exact_same_tibetan_syllable	non_dominant_accepted_forms	none	low	defer	ཁ་ཞེང་ kha Zen rag kha bzla །ཁ་ཏའུར་ kha ’ur ཁ་ཡིག་ kha yig	Accepted dotted forms do not yet establish a dominant internal consensus.	4
wts_1_34	651	56	2	ཞེང	Zen	zeṅ	1	Zeṅ:1; Ziṅ:1; ziṅ:1	competing_latin_forms	positionally_aligned_corpus_consensus	exact_same_tibetan_syllable	non_dominant_accepted_forms	none	low	defer	ཆུ་ཞེང་གབ་པ་ chu Zen gab pa	Accepted dotted forms do not yet establish a dominant internal consensus.	4
wts_1_34	651	81	2	ཞེང	Zen	zeṅ	1	Zeṅ:1; Ziṅ:1; ziṅ:1	competing_latin_forms	positionally_aligned_corpus_consensus	exact_same_tibetan_syllable	non_dominant_accepted_forms	none	low	defer	ཆུ་ཞེང་ chu Zen Länge und Breite, Umfang.	Accepted dotted forms do not yet establish a dominant internal consensus.	4
wts_1_34	651	90	2	ཞེང	Zen	zeṅ	1	Zeṅ:1; Ziṅ:1; ziṅ:1	competing_latin_forms	positionally_aligned_corpus_consensus	exact_same_tibetan_syllable	non_dominant_accepted_forms	none	low	defer	ཆུ་ཞེང་གབ་པ་ chu Zen gab pa Umfang; wohl-	Accepted dotted forms do not yet establish a dominant internal consensus.	4
