tibetan_syllable	source_variant	source_signature	supported_target	historical_baseline_sha	historical_anchor_present	historical_anchor_location	historical_anchor_provenance_class	historical_anchor_change_reason	reviewed_same_tibetan_target_count	undotted_clean_row_count	base_ocr_dotted_anchor_count	reviewed_exact_dotted_anchor_count	google_adopted_anchor_count	other_postprocess_anchor_count	unknown_provenance_anchor_count	base_provenance_unverified_anchor_count	same_volume_raw_anchor_count	cross_volume_raw_anchor_count	explicit_same_entry_repeat_count	direct_repeated_tibetan_alignment_count	probable_cross_reference_count	google_unresolved_exact_target_count	google_candidate_exact_target_count	google_conflicting_reading_count	prior_reviewed_same_source_exact_count	prior_reviewed_same_tibetan_target_different_source_count	damaged_row_count	marker_row_count	tibetan_structure_status	entry_series_cluster_count	alignment_review_status	zero_anchor_source_state	target_evidence_channels	lemma_identity_channels	recurrence_context_channels	circular_reviewed_anchor_count	suggested_review_tier	volumes	sample_contexts
ཁོང	khon	kho<FINAL_NASAL>	khoṅ	6322c7255cfba2fcfaf678cec656e65496ed5f12	yes	wts_35_51:408:1:2	historical_pre_family_present_unattributed	none	0	27	0	0	0	0	0	1	0	0	3	0	0	0	0	0	0	0	1	0	exact_same_tibetan_syllable	4	exact_source_signature_supported			explicit_same_entry_repetition	undotted_rows:27;entry_series_clusters:4	0	anchor_provenance_or_identity_review	wts_1_34	ཀིམ་ཤང ཁོང་ཅོ kim San khon co, kim Sin kon co, || ཁོང་ 'khon auch khon pa pron. 3. pers. sing. || ཁོང་སྐེམ་པ་ khon skem pa
ཀང	kan	ka<FINAL_NASAL>	kaṅ	6322c7255cfba2fcfaf678cec656e65496ed5f12	yes	wts_35_51:235:49:4	historical_pre_family_present_unattributed	none	0	20	0	0	0	0	0	1	0	0	2	0	0	0	0	0	0	0	1	0	exact_same_tibetan_syllable	3	exact_source_signature_supported			explicit_same_entry_repetition	undotted_rows:20;entry_series_clusters:3	0	anchor_provenance_or_identity_review	wts_1_34	ཀང་ kan lkhani, \kin kai. || ཀང་ཀ་ kan ka ~ skt. kanka ein Raubvogel. - vgl. || ཀང་ཀ་ཀ་ kan ka ka eine weibliche zornvolle
ཏིང	tin	ti<FINAL_NASAL>	tiṅ	6322c7255cfba2fcfaf678cec656e65496ed5f12	yes	wts_1_34:875:113:1	historical_pre_family_present_unattributed	none	0	16	0	0	0	0	0	1	0	0	1	1	0	0	0	0	0	0	0	0	exact_same_tibetan_syllable	2	exact_source_signature_supported			explicit_same_entry_repetition;direct_repeated_tibetan_alignment	undotted_rows:16;entry_series_clusters:2	0	anchor_provenance_or_identity_review	wts_1_34;wts_8_b	ཁོམ་ཏིང་ khom tin tiefsitzend. || ཏིང་ tin ein Gefäß, Schale; vgl. chin, SH ting || ཏིང་ཀྲས་ tin kras cin Vogel.
སྲོང	sron	sro<FINAL_NASAL>	sroṅ	6322c7255cfba2fcfaf678cec656e65496ed5f12	yes	wts_9_m:69:6:2	historical_pre_family_present_unattributed	none	0	15	0	0	0	0	0	1	0	0	1	0	0	0	0	0	0	0	0	0	exact_same_tibetan_syllable	2	exact_source_signature_supported			explicit_same_entry_repetition	undotted_rows:15;entry_series_clusters:2	0	anchor_provenance_or_identity_review	wts_1_34	དྲང་སྲོང་ draṅ sron || དྲང་སྲོང་ draṅ sron. || དྲང་སྲོང་ draṅ sron
སློང	slon	slo<FINAL_NASAL>	sloṅ	6322c7255cfba2fcfaf678cec656e65496ed5f12	yes	wts_35_51:849:51:3	historical_pre_family_present_unattributed	none	0	15	0	0	0	0	0	1	0	0	0	0	1	0	0	0	0	0	0	0	exact_same_tibetan_syllable	0	exact_source_signature_supported			probable_cross_reference_requires_review	undotted_rows:15	0	anchor_provenance_or_identity_review	wts_1_34	ཀུན་ནས་སློང་བ་ kun nas slon ba, Kurzf. \kun slon. || ཀུན་ནས་སློང་བ་པོ་ kun nas slon ba po „der Erhe- || ཀུན་སློང་ kun slon
གླེང	glen	gle<FINAL_NASAL>	gleṅ	6322c7255cfba2fcfaf678cec656e65496ed5f12	yes	wts_1_34:398:72:1	historical_pre_family_google_adopted	alternate_witness_google_loc_nasal_upgrade	0	11	0	0	1	0	0	0	0	0	0	0	0	0	0	0	0	0	1	0	exact_same_tibetan_syllable	0	exact_source_signature_supported		google_adopted_anchor		undotted_rows:11	0	anchor_provenance_or_identity_review	wts_1_34	གྲོས་གླེང་ gros glen Gespräch, Beratung, Dis- || གླེང་ glen sprechen, berichten, erklären. || གླེང་མོ་ glen mo
གཏང	gtan	gta<FINAL_NASAL>	gtaṅ	6322c7255cfba2fcfaf678cec656e65496ed5f12	yes	wts_35_51:1009:1:2	historical_pre_family_present_unattributed	none	0	9	0	0	0	0	0	1	0	0	0	0	0	0	0	0	0	0	1	0	exact_same_tibetan_syllable	1	exact_source_signature_supported				undotted_rows:9;entry_series_clusters:1	0	anchor_provenance_or_identity_review	wts_1_34	ངེས་པར་གཏང་བར་བྱཀྱི་ nes par gtan bar bgyi fut. || ཆགས་གསུམ་གཏང་བ་ chags gsum gtan ba ein || གཏང་ gtan fur. zu Igton.
དགུང	dgun	dgu<FINAL_NASAL>	dguṅ	6322c7255cfba2fcfaf678cec656e65496ed5f12	yes	wts_35_51:425:55:2	historical_pre_family_present_unattributed	none	0	9	0	0	0	0	0	1	0	0	0	0	0	0	0	0	0	0	1	0	exact_same_tibetan_syllable	0	exact_source_signature_supported				undotted_rows:9	0	anchor_provenance_or_identity_review	wts_1_34;wts_35_51	དགུང་ཆར་ dgun char || དགུང་ཆར་ dgun char Bez. für Regen. || དགུང་མོ་ ” dgun mo
སྒོང	sgon	sgo<FINAL_NASAL>	sgoṅ	6322c7255cfba2fcfaf678cec656e65496ed5f12	yes	wts_8_b:147:23:2	historical_pre_family_present_unattributed	none	0	9	0	0	0	0	0	1	0	0	0	0	0	0	0	0	0	0	1	0	exact_same_tibetan_syllable	1	exact_source_signature_supported				undotted_rows:9;entry_series_clusters:1	0	anchor_provenance_or_identity_review	wts_1_34	སྒོང་ 'sgon pf. Ibsgons fut. 1/5907 imp. Isgons || སྒོང་སྐྱེས་ sgon skyes aus dem Ei geboren, Bez. || སྒོང་སྐྲན་ sgon skran eine Krankheit.
གྱོང	gyon	gyo<FINAL_NASAL>	gyoṅ	6322c7255cfba2fcfaf678cec656e65496ed5f12	yes	wts_35_51:935:16:2	historical_pre_family_present_unattributed	none	0	8	0	0	0	0	0	1	0	0	0	0	0	0	0	0	0	0	0	0	exact_same_tibetan_syllable	0	exact_source_signature_supported				undotted_rows:8	0	anchor_provenance_or_identity_review	wts_1_34	ཀོ་ གྱོང་ ko gyon || ཀོ་གྱོང་ ko gyon hartes Leder. || ཁེ་གྱོང་ khe gyon Gewinn und Verlust.
རུང	run	ru<FINAL_NASAL>	ruṅ	6322c7255cfba2fcfaf678cec656e65496ed5f12	yes	wts_9_m:49:1:2	historical_pre_family_present_unattributed	none	0	6	0	0	0	0	0	1	0	0	0	0	0	0	0	0	0	0	0	0	exact_same_tibetan_syllable	0	exact_source_signature_supported				undotted_rows:6	0	anchor_provenance_or_identity_review	wts_1_34	གང་རུང་ gar run || ཅཾ་མ་རུང་ ci ma run || ཅི་མ་རུང་ ci ma run wenn doch nur!
ཞེང	Zen	Ze<FINAL_NASAL>	Zeṅ	6322c7255cfba2fcfaf678cec656e65496ed5f12	yes	wts_35_51:497:7:3	historical_pre_family_present_unattributed	none	0	4	0	0	0	0	0	1	0	0	0	0	0	0	0	0	0	0	0	0	exact_same_tibetan_syllable	0	exact_source_signature_supported				undotted_rows:4	0	anchor_provenance_or_identity_review	wts_1_34	ཁ་ཞེང་ kha Zen rag kha bzla །ཁ་ཏའུར་ kha ’ur ཁ་ཡིག་ kha yig || ཆུ་ཞེང་གབ་པ་ chu Zen gab pa || ཆུ་ཞེང་ chu Zen Länge und Breite, Umfang.
ངང	han	ha<FINAL_NASAL>	haṅ	6322c7255cfba2fcfaf678cec656e65496ed5f12	yes	wts_9_m:367:38:3	historical_pre_family_present_unattributed	none	0	3	0	0	0	0	0	1	0	0	0	0	0	0	0	0	0	0	0	0	exact_same_tibetan_syllable	0	exact_source_signature_supported				undotted_rows:3	0	anchor_provenance_or_identity_review	wts_1_34	ངང་རྒྱད་ han rgyud || ངང་སྒོམ་ han sgom eine Meditiation. || རྟ་ངང་པ་ rta han pa
ལྟོང	lton	lto<FINAL_NASAL>	ltoṅ	6322c7255cfba2fcfaf678cec656e65496ed5f12	yes	wts_8_b:525:2:2	historical_pre_family_other_postprocess	confusable_initial_I_to_l_strong_context	0	3	0	0	0	1	0	0	0	0	0	0	0	0	0	0	0	0	0	0	exact_same_tibetan_syllable	1	exact_source_signature_supported				undotted_rows:3;entry_series_clusters:1	0	anchor_provenance_or_identity_review	wts_1_34	ལྟོང་ lton Kerbe, Vertiefung, Nocke; mda’ ~ || ལྟོང་གོམས་པ་ lton goms pa mit Pfeilen vertraut, || ལྟོང་ཅན་ lton can Bez. für Pfeil.
གཡང	g.yan	g.ya<FINAL_NASAL>	g.yaṅ	6322c7255cfba2fcfaf678cec656e65496ed5f12	yes	wts_1_34:108:140:2	historical_pre_family_present_unattributed	none	0	2	0	0	0	0	0	1	0	0	0	0	0	0	0	0	0	0	0	0	exact_same_tibetan_syllable	0	exact_source_signature_supported				undotted_rows:2	0	anchor_provenance_or_identity_review	wts_35_51;wts_9_m	ཕྱུ་གཡང་ phywa g.yan auch phya g.yari Glück; || རྨ་གཡང་ནོར་ rma g.yan nor npr. eine Gegend.
ང	khan	kha<FINAL_NASAL>	khaṅ	6322c7255cfba2fcfaf678cec656e65496ed5f12	yes	wts_1_34:645:194:3	historical_pre_family_google_adopted	alternate_witness_google_loc_nasal_upgrade	0	2	0	0	1	0	0	0	0	0	0	0	0	0	0	0	0	0	0	0	exact_same_tibetan_syllable	0	exact_source_signature_supported		google_adopted_anchor		undotted_rows:2	0	anchor_provenance_or_identity_review	wts_1_34	མགོན་།ང་ mgon khan Tempel, Gebetsraum, || རྔ་།ང་ rna khan 1,677¢ khan. Tungkuh.
བློང	blon	blo<FINAL_NASAL>	bloṅ	6322c7255cfba2fcfaf678cec656e65496ed5f12	yes	wts_8_b:330:43:1	historical_pre_family_present_unattributed	none	0	2	0	0	0	0	0	1	0	0	0	0	0	0	0	0	0	0	0	0	exact_same_tibetan_syllable	0	exact_source_signature_supported				undotted_rows:2	0	anchor_provenance_or_identity_review	wts_8_b	བློང་ 'blon. || བྲོང་བློང་ bloṅ blon.
མཇིང	mjin	mji<FINAL_NASAL>	mjiṅ	6322c7255cfba2fcfaf678cec656e65496ed5f12	yes	wts_9_m:328:41:3	historical_pre_family_present_unattributed	none	0	2	0	0	0	0	0	1	0	0	0	0	0	0	0	0	0	0	0	0	exact_same_tibetan_syllable	0	exact_source_signature_supported				undotted_rows:2	0	anchor_provenance_or_identity_review	wts_1_34	སྐེ་མཇིང་ ske mjin Hals. || མཇིང་ནབ་ mjin nub
མདོང	mdon	mdo<FINAL_NASAL>	mdoṅ	6322c7255cfba2fcfaf678cec656e65496ed5f12	yes	wts_35_51:120:11:1	historical_pre_family_present_unattributed	none	0	2	0	0	0	0	0	1	0	0	0	0	0	0	0	0	0	0	0	0	exact_same_tibetan_syllable	0	exact_source_signature_supported				undotted_rows:2	0	anchor_provenance_or_identity_review	wts_1_34	ལྕགས་མདོང་ lcags mdon || ལྕགས་མདོང་ lcags mdon Eisenrohr.
ཞང	Zan	Za<FINAL_NASAL>	Zaṅ	6322c7255cfba2fcfaf678cec656e65496ed5f12	yes	wts_8_b:398:42:2	historical_pre_family_present_unattributed	none	0	2	0	0	0	0	0	1	0	0	1	0	0	0	0	0	0	0	0	0	exact_same_tibetan_syllable	0	exact_source_signature_supported			explicit_same_entry_repetition	undotted_rows:2	0	anchor_provenance_or_identity_review	wts_1_34	ཀ་ཅོག་ཞང་ ka cog Zan, auch ska cog Zan Kurzf. für || དན་འབག་ཞང་པོ་ dan ’bag Zan po npr. eine in
འདིང	din	di<FINAL_NASAL>	diṅ	6322c7255cfba2fcfaf678cec656e65496ed5f12	yes	wts_35_51:151:45:1	historical_pre_family_present_unattributed	none	0	2	0	0	0	0	0	1	0	0	0	0	0	0	0	0	0	0	0	0	exact_same_tibetan_syllable	0	exact_source_signature_supported				undotted_rows:2	0	anchor_provenance_or_identity_review	wts_1_34	ཆག་འདིང་ chag ’din || ཆག་འདིང་ chag ’din beraten, planen.
འཕྱོང	phyon	phyo<FINAL_NASAL>	phyoṅ	6322c7255cfba2fcfaf678cec656e65496ed5f12	yes	wts_35_51:1109:8:1	historical_pre_family_present_unattributed	none	0	2	0	0	0	0	0	1	0	0	0	0	0	0	0	0	0	0	0	0	exact_same_tibetan_syllable	0	exact_source_signature_supported				undotted_rows:2	0	anchor_provenance_or_identity_review	wts_35_51	"འཕྱོང་ ""phyon || འཕྱོང་ ""phyon auch 'phyons aufhängen, vgl."
འཚང	tshan	tsha<FINAL_NASAL>	tshaṅ	6322c7255cfba2fcfaf678cec656e65496ed5f12	yes	wts_35_51:1126:42:2	historical_pre_family_present_unattributed	none	0	2	0	0	0	0	0	1	0	0	0	0	0	0	0	0	0	0	0	0	exact_same_tibetan_syllable	1	exact_source_signature_supported				undotted_rows:2;entry_series_clusters:1	0	anchor_provenance_or_identity_review	wts_1_34	དག་འཚང་བྱས་ dag ’tshan byas || དག་འཚང་བྱས་ dag ’tshan byas pf. bereinigen.
ཤང	San	Sa<FINAL_NASAL>	Saṅ	6322c7255cfba2fcfaf678cec656e65496ed5f12	yes	wts_35_51:80:1:4	historical_pre_family_present_unattributed	none	0	2	0	0	0	0	0	1	0	0	0	0	0	0	0	0	0	0	0	0	exact_same_tibetan_syllable	0	exact_source_signature_supported				undotted_rows:2	0	anchor_provenance_or_identity_review	wts_1_34	ཀིམ་ཤང ཁོང་ཅོ kim San khon co, kim Sin kon co, || སྔོ་གྲོ་ཤང་རྩེ་ sho gro San rtse eine Pflanze, Oro-
ཧང	han	ha<FINAL_NASAL>	haṅ	6322c7255cfba2fcfaf678cec656e65496ed5f12	yes	wts_8_b:440:66:3	historical_pre_family_present_unattributed	none	0	2	0	0	0	0	0	1	0	0	0	0	0	0	0	0	0	0	0	0	exact_same_tibetan_syllable	0	exact_source_signature_supported				undotted_rows:2	0	anchor_provenance_or_identity_review	wts_1_34	གི་ཧང་ gi han †9/ wan || གྷི་ཧང་ ghi han †£7 wan.
ཀྱང	byan	bya<FINAL_NASAL>	byaṅ	6322c7255cfba2fcfaf678cec656e65496ed5f12	yes	wts_8_b:171:21:1	historical_pre_family_present_unattributed	none	0	1	0	0	0	0	0	1	0	0	0	0	0	0	0	0	0	0	0	0	exact_same_tibetan_syllable	0	exact_source_signature_supported				undotted_rows:1	0	anchor_provenance_or_identity_review	wts_8_b	"ཀྱང་མའི་ལྕགས་ ""byan ma'ilcags Eisenplatte."
ཁོང	kbon	kbo<FINAL_NASAL>	kboṅ	6322c7255cfba2fcfaf678cec656e65496ed5f12	yes	wts_35_51:408:2:2	historical_pre_family_present_unattributed	none	0	1	0	0	0	0	0	1	0	0	0	0	0	0	0	0	0	0	0	0	exact_same_tibetan_syllable	0	source_variant_requires_manual_review				undotted_rows:1	0	anchor_provenance_or_identity_review	wts_1_34	ཁོང་ kbon;
གཅུང	gcun	gcu<FINAL_NASAL>	gcuṅ	6322c7255cfba2fcfaf678cec656e65496ed5f12	yes	wts_35_51:483:4:3	historical_pre_family_present_unattributed	none	0	1	0	0	0	0	0	1	0	0	0	0	0	0	0	0	0	0	0	0	exact_same_tibetan_syllable	0	exact_source_signature_supported				undotted_rows:1	0	anchor_provenance_or_identity_review	wts_1_34	གཅུང་པ་སྤྱི་ gcun pa spyi
གླིང	elin	eli<FINAL_NASAL>	eliṅ	6322c7255cfba2fcfaf678cec656e65496ed5f12	yes	wts_9_m:175:1:3	historical_pre_family_present_unattributed	none	0	1	0	0	0	0	0	1	0	0	0	0	0	0	0	0	0	0	0	0	exact_same_tibetan_syllable	0	source_variant_requires_manual_review				undotted_rows:1	0	anchor_provenance_or_identity_review	wts_1_34	གླིང་བཞི་ elin bäi.
ཆུང	run	ru<FINAL_NASAL>	ruṅ	6322c7255cfba2fcfaf678cec656e65496ed5f12	yes	wts_8_b:158:45:2	historical_pre_family_present_unattributed	none	0	1	0	0	0	0	0	1	0	0	0	0	0	0	0	0	0	0	0	0	exact_same_tibetan_syllable	0	source_variant_requires_manual_review				undotted_rows:1	0	anchor_provenance_or_identity_review	wts_1_34	དུས་སུ་ཆུང་བ་ dus su run ba zeitgemäß, zur
ནིང	nin	ni<FINAL_NASAL>	niṅ	6322c7255cfba2fcfaf678cec656e65496ed5f12	yes	wts_35_51:362:37:2	historical_pre_family_present_unattributed	none	0	1	0	0	0	0	0	1	0	0	0	0	0	0	0	0	0	0	0	0	exact_same_tibetan_syllable	0	exact_source_signature_supported				undotted_rows:1	0	anchor_provenance_or_identity_review	wts_1_34	ཁ་ནིང་ kha nin letztes Jahr.
པྲང	bran	bra<FINAL_NASAL>	braṅ	6322c7255cfba2fcfaf678cec656e65496ed5f12	yes	wts_35_51:939:47:2	historical_pre_family_present_unattributed	none	0	1	0	0	0	0	0	1	0	0	1	0	0	0	0	0	0	0	0	0	exact_same_tibetan_syllable	0	exact_source_signature_supported			explicit_same_entry_repetition	undotted_rows:1	0	anchor_provenance_or_identity_review	wts_1_34	མཆི་པྲང་ mchi bran Ehefrau.
བབཟུང	bzun	bzu<FINAL_NASAL>	bzuṅ	6322c7255cfba2fcfaf678cec656e65496ed5f12	yes	wts_1_34:904:118:2	historical_pre_family_google_adopted	alternate_witness_google_loc_nasal_upgrade	0	1	0	0	1	0	0	0	0	0	0	0	0	0	0	0	0	0	0	0	exact_same_tibetan_syllable	0	exact_source_signature_supported		google_adopted_anchor		undotted_rows:1	0	anchor_provenance_or_identity_review	wts_1_34	བཏང་བབཟུང་ཆེན་པོ་ btaṅ bzun chen po
བསྐྱེང	bskyen	bskye<FINAL_NASAL>	bskyeṅ	6322c7255cfba2fcfaf678cec656e65496ed5f12	yes	wts_1_34:235:111:1	historical_pre_family_google_adopted	alternate_witness_google_loc_nasal_upgrade	0	1	0	0	1	0	0	0	0	0	0	0	0	0	0	0	0	0	0	0	exact_same_tibetan_syllable	0	exact_source_signature_supported		google_adopted_anchor		undotted_rows:1	0	anchor_provenance_or_identity_review	wts_1_34	བསྐྱེང་ bskyen beschämt sein; vgl. Iskyens.
བསླང	bslan	bsla<FINAL_NASAL>	bslaṅ	6322c7255cfba2fcfaf678cec656e65496ed5f12	yes	wts_1_34:398:154:2	historical_pre_family_google_adopted	alternate_witness_google_loc_nasal_upgrade	0	1	0	0	1	0	0	0	0	0	0	0	0	0	0	0	0	0	0	0	exact_same_tibetan_syllable	0	exact_source_signature_supported		google_adopted_anchor		undotted_rows:1	0	anchor_provenance_or_identity_review	wts_1_34	ཁུར་བསླང་ངོ་ khur bslan no verbale Verstöße
མྐྱོང	myon	myo<FINAL_NASAL>	myoṅ	6322c7255cfba2fcfaf678cec656e65496ed5f12	yes	wts_9_m:281:1:1	historical_pre_family_present_unattributed	none	0	1	0	0	0	0	0	1	0	0	0	0	0	0	0	0	0	0	0	0	exact_same_tibetan_syllable	0	exact_source_signature_supported				undotted_rows:1	0	anchor_provenance_or_identity_review	wts_1_34	རྗེས་སུ་མྐྱོང་ rjes su myon
རྐྱོང	rkyon	rkyo<FINAL_NASAL>	rkyoṅ	6322c7255cfba2fcfaf678cec656e65496ed5f12	yes	wts_1_34:166:154:1	historical_pre_family_google_adopted	alternate_witness_google_loc_nasal_upgrade	0	1	0	0	1	0	0	0	0	0	0	0	0	0	0	0	0	0	0	0	exact_same_tibetan_syllable	0	exact_source_signature_supported		google_adopted_anchor		undotted_rows:1	0	anchor_provenance_or_identity_review	wts_1_34	རྐྱོང་ rkyon pf. Ibrkyans bzw. lbrkyan fut.
རྣང	rnan	rna<FINAL_NASAL>	rnaṅ	6322c7255cfba2fcfaf678cec656e65496ed5f12	yes	wts_35_51:554:32:1	historical_pre_family_present_unattributed	none	0	1	0	0	0	0	0	1	0	0	0	0	0	0	0	0	0	0	0	0	exact_same_tibetan_syllable	0	exact_source_signature_supported				undotted_rows:1	0	anchor_provenance_or_identity_review	wts_35_51	"རྣང་ ""rnan Bereich, Feld, Zwischenraum."
ལྗང	lan	la<FINAL_NASAL>	laṅ	6322c7255cfba2fcfaf678cec656e65496ed5f12	yes	wts_8_b:105:7:2	historical_pre_family_present_unattributed	none	0	1	0	0	0	0	0	1	0	0	0	0	0	0	0	0	0	0	0	0	exact_same_tibetan_syllable	0	source_variant_requires_manual_review				undotted_rows:1	0	anchor_provenance_or_identity_review	wts_1_34	ལྗང་ལྔོའི་བུ་ lan sro’ bu npr. ein Rsi, Härita,
སིང	sin	si<FINAL_NASAL>	siṅ	6322c7255cfba2fcfaf678cec656e65496ed5f12	yes	wts_35_51:860:13:2	historical_pre_family_present_unattributed	none	0	1	0	0	0	0	0	1	0	0	0	0	0	0	0	0	0	0	0	0	exact_same_tibetan_syllable	0	exact_source_signature_supported				undotted_rows:1	0	anchor_provenance_or_identity_review	wts_1_34	ཁོང་སིང་ khon sin I\khon sen Schlucht.
སྡིང	sdih	sdi<FINAL_NASAL>	sdiṅ	6322c7255cfba2fcfaf678cec656e65496ed5f12	yes	wts_35_51:736:31:4	historical_pre_family_present_unattributed	none	0	1	0	0	0	0	0	1	0	0	0	0	0	0	0	0	0	0	0	0	exact_same_tibetan_syllable	0	exact_source_signature_supported				undotted_rows:1	0	anchor_provenance_or_identity_review	wts_35_51	དཔྱད་སྡིང་བཅུ་གསུམ་ dpyad sdih ben gsum eine
སྡེང	sden	sde<FINAL_NASAL>	sdeṅ	6322c7255cfba2fcfaf678cec656e65496ed5f12	yes	wts_1_34:109:191:5	historical_pre_family_google_adopted	alternate_witness_google_loc_nasal_upgrade	0	1	0	0	1	0	0	0	0	0	0	0	0	0	0	0	0	0	0	0	exact_same_tibetan_syllable	0	exact_source_signature_supported		google_adopted_anchor		undotted_rows:1	0	anchor_provenance_or_identity_review	wts_1_34	ཀློ མི་སྐྱ་སྡེང་ klo mi skya sden npr. ein Volk.
སྤྲང	smran	smra<FINAL_NASAL>	smraṅ	6322c7255cfba2fcfaf678cec656e65496ed5f12	yes	wts_35_51:93:16:3	historical_pre_family_present_unattributed	none	0	1	0	0	0	0	0	1	0	0	0	0	0	0	0	0	0	0	0	0	exact_same_tibetan_syllable	0	exact_source_signature_supported				undotted_rows:1	0	anchor_provenance_or_identity_review	wts_9_m	སྤྲང་ smran.
སྲོང	sroh	sro<FINAL_NASAL>	sroṅ	6322c7255cfba2fcfaf678cec656e65496ed5f12	yes	wts_9_m:69:6:2	historical_pre_family_present_unattributed	none	0	1	0	0	0	0	0	1	0	0	0	0	0	0	0	0	0	0	0	0	exact_same_tibetan_syllable	0	exact_source_signature_supported				undotted_rows:1	0	anchor_provenance_or_identity_review	wts_35_51	གནམ་རི་སྲོང་བཙན་ gnam ri sroh bisan Kurzf.
ཅང	can	ca<FINAL_NASAL>	caṅ	6322c7255cfba2fcfaf678cec656e65496ed5f12	yes	wts_1_34:575:168:1	historical_pre_family_google_adopted	alternate_witness_google_loc_nasal_upgrade	0	11	0	0	1	0	0	0	0	0	2	0	0	0	0	0	0	0	2	0	exact_same_tibetan_syllable	0	exact_source_signature_supported		google_adopted_anchor	explicit_same_entry_repetition	undotted_rows:11	0	manual_one_anchor_pilot_candidate	wts_1_34	ཀིང་ཅང་ཧྭ་ kiṅ can hu ¦/07/7 jan hü. || །ཐ་ཅང་ kha can \kha gcan. || རྒྱ་ཅང་ raya can auch rgya can, rgya chan ein
ཀྱོང	gyon	gyo<FINAL_NASAL>	gyoṅ	6322c7255cfba2fcfaf678cec656e65496ed5f12	yes	wts_1_34:370:85:1	historical_pre_family_google_adopted	alternate_witness_google_loc_nasal_upgrade	0	7	0	0	1	0	0	0	0	0	2	0	0	0	0	0	0	0	0	0	exact_same_tibetan_syllable	0	exact_source_signature_supported		google_adopted_anchor	explicit_same_entry_repetition	undotted_rows:7	0	manual_one_anchor_pilot_candidate	wts_1_34	ཁེ་ཀྱོང་ khe gyon || ཀྱོང་ gyon Verlust, Mangel; med. Austrock- || ཀྱོང་བསྐར་ gyon bskur unberücksichtigt lassen,
ངང	nan	na<FINAL_NASAL>							0	14	0	0	0	0	0	0	0	0	0	0	0	0	0	0	0	0	0	0	target_unresolved_no_anchor	1	unresolved	no_anchor_clean_source_shape			undotted_rows:14;entry_series_clusters:1	0	no_anchor_alignment_triage	wts_1_34	འགྲོ་བའི་ངང་ཚུལ་ gro ba’i nan tshul Bez. für || ངང་སྐྱ་ nan skya isabellfarben, weißlich. || ངང་འགྲོས་ nan ’gros Bez. eines rituellen Tan-
ཀེང	ken	ke<FINAL_NASAL>							0	12	0	0	0	0	0	0	0	0	0	0	0	0	0	0	0	0	0	0	target_unresolved_no_anchor	3	unresolved	no_anchor_clean_source_shape			undotted_rows:12;entry_series_clusters:3	0	no_anchor_alignment_triage	wts_1_34	ཀེང་ཙེ་ལན་མེད་ ken tse lan med || ཀེང་ཙེ་ལན་མེད་ ken tse lan med N. einer Phya- || ཀེང་རུས་ ken rus
ཏང	tin	ti<FINAL_NASAL>							0	12	0	0	0	0	0	0	0	0	0	0	0	0	0	0	0	0	0	0	target_unresolved_no_anchor	0	unresolved	no_anchor_clean_source_shape			undotted_rows:12	0	no_anchor_alignment_triage	wts_1_34	ཆུ་ཏང་རན chu tin ron npr. eine Nägini. || ཏང་གོར་ tin gor Melasse, die in einer Schale in || ཏང་ཏང་ tin tin (0110111, ein Laut.
ཀོང	gon	go<FINAL_NASAL>							0	8	0	0	0	0	0	0	0	0	0	0	0	0	0	0	0	0	0	0	target_unresolved_no_anchor	1	unresolved	no_anchor_clean_source_shape			undotted_rows:8;entry_series_clusters:1	0	no_anchor_alignment_triage	wts_1_34	ཀོང་ད་འཕེལ་ gon du ’phel sich verbreiten, zu- || ཀོང་མ་སྲེག་ gon ma sreg ein Vogel, Rebhuhn. || ཀོང་མོ་ gon mo ein Vogel.
ཤེང	sen	se<FINAL_NASAL>							0	6	0	0	0	0	0	0	0	0	0	0	0	0	0	0	0	0	0	0	target_unresolved_no_anchor	0	unresolved	no_anchor_clean_source_shape			undotted_rows:6	0	no_anchor_alignment_triage	wts_1_34	ཀམ་ཤེང་ kam sen, auch skam sen, kham śen ein || ཀུན་ཤེང་ཀོང་ཇོ་ kun sen koṅ jo \wun sin kon jo. || ཀོ་ཤེང་ ko sen, auch kon sen N. einer Gegend.
ཀྱོང	kyon	kyo<FINAL_NASAL>							0	5	0	0	0	0	0	0	0	0	0	0	0	0	0	0	0	0	0	0	target_unresolved_no_anchor	0	unresolved	no_anchor_clean_source_shape			undotted_rows:5	0	no_anchor_alignment_triage	wts_1_34	ཀྱང་ཀྱོང་ kyaṅ kyon uneben, wellig. || ཀྱོང་ kyon || ཀྱོང་ཀྱོང་ kyon kyon
དང	dun	du<FINAL_NASAL>							0	5	0	0	0	0	0	0	0	0	0	0	0	0	0	0	0	0	0	0	target_unresolved_no_anchor	0	unresolved	no_anchor_clean_source_shape			undotted_rows:5	0	no_anchor_alignment_triage	wts_1_34	དགན་དང་ dgun dun \dgon dun. || དགོན་དང་ dgon dun auch ~ can, dgun dun can || རྒྱ་མཚོའི་དང་ྲེང་ rgya mtsho’i dun phren Bez.
བགྲང	beran	bera<FINAL_NASAL>							0	5	0	0	0	0	0	0	0	0	0	0	0	0	0	0	0	0	0	0	target_unresolved_no_anchor	0	unresolved	no_anchor_clean_source_shape			undotted_rows:5	0	no_anchor_alignment_triage	wts_1_34	བགྲང་ beran || བགྲང་ beran || བགྲང་རྟོགས་ beran rtogs eine hohe Zahl.
མཐང	mthan	mtha<FINAL_NASAL>							0	5	0	0	0	0	0	0	0	0	0	0	0	0	0	0	0	0	1	0	target_unresolved_no_anchor	1	unresolved	no_anchor_clean_source_shape			undotted_rows:5;entry_series_clusters:1	0	no_anchor_alignment_triage	wts_1_34;wts_8_b	མཐང་སྤྲད་པ་ mthan sprad pa || མཐང་སྤྲད་པ་ mthan sprad pa Bez. für Ge- || མཐང་སྦྱར་བ་ mthan sbyar ba
ལྗང	han	ha<FINAL_NASAL>							0	5	0	0	0	0	0	0	0	0	0	0	0	0	0	0	0	0	0	0	target_unresolved_no_anchor	0	unresolved	no_anchor_clean_source_shape			undotted_rows:5	0	no_anchor_alignment_triage	wts_1_34	སྒྲོ་ལྗང་ sgro han Papagei. || ལྗང་ཁ་ han khn. || ལྗང་ལྔོའི་བུ་ han sho’i bu
ཤང	Sin	Si<FINAL_NASAL>							0	5	0	0	0	0	0	0	0	0	0	0	0	0	0	0	0	0	0	0	target_unresolved_no_anchor	0	unresolved	no_anchor_clean_source_shape			undotted_rows:5	0	no_anchor_alignment_triage	wts_1_34	རྒྱངས ཤང་ rgyans Sin ein Werkzeug zum Be- || ཆུ་ཤང་ ch Sin. || ཆུ་ཤང་ཆ cha Sin ma.
སྔོང	sdon	sdo<FINAL_NASAL>							0	5	0	0	0	0	0	0	0	0	0	0	0	0	0	0	0	0	0	0	target_unresolved_no_anchor	0	unresolved	no_anchor_clean_source_shape			undotted_rows:5	0	no_anchor_alignment_triage	wts_1_34	སྐྱེ་སྔོང་ skye sdon ein Baum. || མཆོད་སྔོང་ mchod sdon || མཆོད་སྔོང་ mchod sdon.
གདང	gdun	gdu<FINAL_NASAL>							0	4	0	0	0	0	0	0	0	0	0	0	0	0	0	0	0	0	0	0	target_unresolved_no_anchor	0	unresolved	no_anchor_clean_source_shape			undotted_rows:4	0	no_anchor_alignment_triage	wts_1_34	དྱངུལ་གདང་བརརྐྱད་ dnul gdun brgyad eine Kal- || རྗེས་གདང་ rjes gdun 1765 su gdun. || ཉེ་བར་གདང་བ་ fie bar gdun ba starke Schmer-
འབུང	thun	thu<FINAL_NASAL>							0	4	0	0	0	0	0	0	0	0	0	0	0	0	0	0	0	0	0	0	target_unresolved_no_anchor	0	unresolved	no_anchor_clean_source_shape			undotted_rows:4	0	no_anchor_alignment_triage	wts_1_34	རྐང་འབུང་ rkaṅ ’thun auch rkan thun „Fußtrin- || ཁྱད་པར་འབུང་ khyad par ’thun Bez. für Mond. || ཆུ་འབུང་ chu ’thun.
སང	sen	se<FINAL_NASAL>							0	4	0	0	0	0	0	0	0	0	0	0	0	0	0	0	0	0	0	0	target_unresolved_no_anchor	0	unresolved	no_anchor_clean_source_shape			undotted_rows:4	0	no_anchor_alignment_triage	wts_1_34	སྐྱ་སང་སང་པ་ skya sen sen po || སྐྱ་སང་སང་པ་ skya sen sen po || །ཁང་སང་ khon sen auch khon sin, khon gsen
སྙང	sin	si<FINAL_NASAL>							0	4	0	0	0	0	0	0	0	0	0	0	0	0	0	0	0	0	0	0	target_unresolved_no_anchor	0	unresolved	no_anchor_clean_source_shape			undotted_rows:4	0	no_anchor_alignment_triage	wts_1_34	"མཇུག་སྙང་ ming sin auch ""ug säin Herzstück || སྙང་ཆུ་ sin chu eine Herzkrankheit. || སྙང་པ་ཡ་ག་དྲག་མ་ sin po yi ge drug ma der"
སྙིང	shin	shi<FINAL_NASAL>							0	4	0	0	0	0	0	0	0	0	0	0	0	0	0	0	0	0	0	0	target_unresolved_no_anchor	0	unresolved	no_anchor_clean_source_shape			undotted_rows:4	0	no_anchor_alignment_triage	wts_1_34	དགེ་བའི་སྙིང་པོ་ dge ba’i shin po || ཆེད་སྙིང་ ched shin || མཇུག་སྙིང་ mjug shin
སྙིང	snin	sni<FINAL_NASAL>							0	4	0	0	0	0	0	0	0	0	0	0	0	0	0	0	0	0	1	0	target_unresolved_no_anchor	0	unresolved	no_anchor_clean_source_shape			undotted_rows:4	0	no_anchor_alignment_triage	wts_1_34	སྙིང་ཀ་ snin ka Isnin ga. || སྙིང་གི་ཡན་ལག་འགྲམས་ snin gi yan lag ’grams || སྙིང་འཐིབས་པ་ snin ’thibs pa verwirrt, betrübt.
ཁང	khrun	khru<FINAL_NASAL>							0	3	0	0	0	0	0	0	0	0	0	0	0	0	0	0	0	0	0	0	target_unresolved_no_anchor	0	unresolved	no_anchor_clean_source_shape			undotted_rows:3	0	no_anchor_alignment_triage	wts_1_34	ཁང་ཁང་འཇོམས་ khrun khrun ”joms Beiname || ཁང་ཁང་འཇོམས་ khrun khrun ”joms Beiname || །ཁང་མ་། khrun ma Kellnerin.
ཁྱུང	khrun	khru<FINAL_NASAL>							0	3	0	0	0	0	0	0	0	0	0	0	0	0	0	0	0	0	0	0	target_unresolved_no_anchor	0	unresolved	no_anchor_clean_source_shape			undotted_rows:3	0	no_anchor_alignment_triage	wts_1_34	ཁྱུང་ཁྱུང་ khrun khrun || ཁྱུང་ཁྱུང་ khrun khrun || ཁྱུང་ཏཁྱུང་ khrun khrun.
གཏང	gtin	gti<FINAL_NASAL>							0	3	0	0	0	0	0	0	0	0	0	0	0	0	0	0	0	0	0	0	target_unresolved_no_anchor	0	unresolved	no_anchor_clean_source_shape			undotted_rows:3	0	no_anchor_alignment_triage	wts_1_34	གཏང་ gtin Tiefe, Grund, Boden; ~ rin tief; ~ || གཏང་དཔག་ gtin dpog fur. gtin dpag ergründen. || གཏང་སླེབས་ gtin slebs ergründen.
ཕྱང	phyun	phyu<FINAL_NASAL>							0	3	0	0	0	0	0	0	0	0	0	0	0	0	0	0	0	0	0	0	target_unresolved_no_anchor	0	unresolved	no_anchor_clean_source_shape			undotted_rows:3	0	no_anchor_alignment_triage	wts_1_34	།ཁྭ་ཆུ་ཆུས་ཕྱང་ kha chu chus phyun ein Schuh. || ཁྲག་ཕྱང་ khrag phyun pf. zu lkhrag 'byin „Blut || མངོན་ད་ཕྱང་ mnon du phyun pf. enthüllen,
བང	khan	kha<FINAL_NASAL>							0	3	0	0	0	0	0	0	0	0	0	0	0	0	0	0	0	0	0	0	target_unresolved_no_anchor	0	unresolved	no_anchor_clean_source_shape			undotted_rows:3	0	no_anchor_alignment_triage	wts_1_34	།བང་རྩ་ khan rtsa || །བང་རྩ་ * khan rtsa Fundament, Grundmauer. || །བང་སྲངས་ khan sruns Haushälterin.
ལྗང	ljan	lja<FINAL_NASAL>							0	3	0	0	0	0	0	0	0	0	0	0	0	0	0	0	0	0	0	0	target_unresolved_no_anchor	0	unresolved	no_anchor_clean_source_shape			undotted_rows:3	0	no_anchor_alignment_triage	wts_1_34	ལྗང་ཚགས་ ljan tshags Sieb. || དྲུག་མར་ལྗང་ drug mar ljan || དྲུག་མར་ལྗང་ drug mar ljan Ocker; Laberitum
ཁང	khon	kho<FINAL_NASAL>							0	2	0	0	0	0	0	0	0	0	0	0	0	0	0	0	0	0	0	0	target_unresolved_no_anchor	0	unresolved	no_anchor_clean_source_shape			undotted_rows:2	0	no_anchor_alignment_triage	wts_1_34	།ཁང་།ཁྲ་ khon khro auch khon khro ba Zorn, || །ཁང་སང་ khon sen auch khon sin, khon gsen
ཁང	khun	khu<FINAL_NASAL>							0	2	0	0	0	0	0	0	0	0	0	0	0	0	0	0	0	0	0	0	target_unresolved_no_anchor	0	unresolved	no_anchor_clean_source_shape			undotted_rows:2	0	no_anchor_alignment_triage	wts_1_34	ཆཁྲ་།ཁང་ chab khun Abfluß, Toilette. || ཁྲབ་།ཁང་ thab khun Feuerplatz, Herd.
ཁུང	khrun	khru<FINAL_NASAL>							0	2	0	0	0	0	0	0	0	0	0	0	0	0	0	0	0	0	0	0	target_unresolved_no_anchor	0	unresolved	no_anchor_clean_source_shape			undotted_rows:2	0	no_anchor_alignment_triage	wts_1_34	ཁུང་ khrun resp. für chan. || ཁུང་ཞེ་ཆཿ khrun Zu ma Kellnerin.
གང	gun	gu<FINAL_NASAL>							0	2	0	0	0	0	0	0	0	0	0	0	0	0	0	0	0	0	0	0	target_unresolved_no_anchor	0	unresolved	no_anchor_clean_source_shape			undotted_rows:2	0	no_anchor_alignment_triage	wts_1_34	གང་བྲང་ gun than npr. eine Gegend in mÑa’- || གང་ལོ་ gun lo Ydgun 2.
གླང	gran	gra<FINAL_NASAL>							0	2	0	0	0	0	0	0	0	0	0	0	0	0	0	0	0	0	0	0	target_unresolved_no_anchor	0	unresolved	no_anchor_clean_source_shape			undotted_rows:2	0	no_anchor_alignment_triage	wts_1_34	གླང་ཁྲ་ gran ba. || གླང་རླང་ gran rlun eine Krankheit.
ང	glin	gli<FINAL_NASAL>							0	2	0	0	0	0	0	0	0	0	0	0	0	0	0	0	0	0	0	0	target_unresolved_no_anchor	0	unresolved	no_anchor_clean_source_shape			undotted_rows:2	0	no_anchor_alignment_triage	wts_1_34	ང་བཞི་ལྟེ་བ་ glin bZi Ite ba auch glin bZi’i Ite || ང་བཞི་ཌྡེགས་པ་ glin bZi ldegs pa Bez. für Erde
ང	klun	klu<FINAL_NASAL>							0	2	0	0	0	0	0	0	0	0	0	0	0	0	0	0	0	0	0	0	target_unresolved_no_anchor	0	unresolved	no_anchor_clean_source_shape			undotted_rows:2	0	no_anchor_alignment_triage	wts_1_34	ང་ klun. || ང་རྟ་ klun rta; vgl. Irlun rta. — chin. ES i-ma
ངང	dun	du<FINAL_NASAL>							0	2	0	0	0	0	0	0	0	0	0	0	0	0	0	0	0	0	0	0	target_unresolved_no_anchor	1	unresolved	no_anchor_clean_source_shape			undotted_rows:2;entry_series_clusters:1	0	no_anchor_alignment_triage	wts_1_34	ཁྲིམས་ངང་ khrims dun || ཁྲིམས་ངང་ khrims dun ein bei Gericht geblase-
ངང	man	ma<FINAL_NASAL>							0	2	0	0	0	0	0	0	0	0	0	0	0	0	0	0	0	0	0	0	target_unresolved_no_anchor	0	unresolved	no_anchor_clean_source_shape			undotted_rows:2	0	no_anchor_alignment_triage	wts_1_34	ངང་པ་ man pa || ངང་པའི་ཁ་ཉོ། man pa’i bu mo Beiname der
བཏང	btun	btu<FINAL_NASAL>							0	2	0	0	0	0	0	0	0	0	0	0	0	0	0	0	0	0	0	0	target_unresolved_no_anchor	0	unresolved	no_anchor_clean_source_shape			undotted_rows:2	0	no_anchor_alignment_triage	wts_1_34	བཏང་ btun || བཏང་ btun fur. zu 1⁄7//0)//) trinken; ༡༨ ba Ge-
བོང	thon	tho<FINAL_NASAL>							0	2	0	0	0	0	0	0	0	0	0	0	0	0	0	0	0	0	0	0	target_unresolved_no_anchor	0	unresolved	no_anchor_clean_source_shape			undotted_rows:2	0	no_anchor_alignment_triage	wts_1_34	ཐོང་བོང་ thon thon Lebensalter; jugendlich. || བོང་མི་ཁྲ་ thon mi ba.
མདང	mdun	mdu<FINAL_NASAL>							0	2	0	0	0	0	0	0	0	0	0	0	0	0	0	0	0	0	0	0	target_unresolved_no_anchor	0	unresolved	no_anchor_clean_source_shape			undotted_rows:2	0	no_anchor_alignment_triage	wts_1_34	རྟེན་མདང་ rten mdun Lanze für ein Medium || ཐག་མདང་ thag mdun Wurfspieß.
རྐྱང	rgyan	rgya<FINAL_NASAL>							0	2	0	0	0	0	0	0	0	0	0	0	0	0	0	0	0	0	0	0	target_unresolved_no_anchor	0	unresolved	no_anchor_clean_source_shape			undotted_rows:2	0	no_anchor_alignment_triage	wts_1_34	འཇིག་རྟེན་རྐྱང་ཕན་ ig rten rgyan phan || འཇིག་རྟེན་རྐྱང་ཕན་ ig rten rgyan phan auch ’jig
རྒྱང	rgyon	rgyo<FINAL_NASAL>							0	2	0	0	0	0	0	0	0	0	0	0	0	0	0	0	0	0	0	0	target_unresolved_no_anchor	0	unresolved	no_anchor_clean_source_shape			undotted_rows:2	0	no_anchor_alignment_triage	wts_1_34	རྒྱང་ rgyon || རྒྱང་ rgyon pf. \brgyans fut. \brgyan imp.
སང	sran	sra<FINAL_NASAL>							0	2	0	0	0	0	0	0	0	0	0	0	0	0	0	0	0	0	0	0	target_unresolved_no_anchor	0	unresolved	no_anchor_clean_source_shape			undotted_rows:2	0	no_anchor_alignment_triage	wts_1_34	དྭྱངལ་སང་ drul sran || དྭངལ་སང་ dnul sran eine Währung.
སྔང	san	sa<FINAL_NASAL>							0	2	0	0	0	0	0	0	0	0	0	0	0	0	0	0	0	0	0	0	target_unresolved_no_anchor	0	unresolved	no_anchor_clean_source_shape			undotted_rows:2	0	no_anchor_alignment_triage	wts_1_34	ཆེང་སྔང་ chin san auch ’chin san, phyin san || འཆིང་སྔང་ chiṅ san Tchin san.
སྙིང	sAin	sAi<FINAL_NASAL>							0	2	0	0	0	0	0	0	0	0	0	0	0	0	0	0	0	0	1	0	target_unresolved_no_anchor	0	unresolved	no_anchor_clean_source_shape			undotted_rows:2	0	no_anchor_alignment_triage	wts_1_34	སྙིང་ལས་ sAin las Sorge. || སྙིང་ཤ་ sAin śa das Organ Herz.
ཀྱང	Ryan	Rya<FINAL_NASAL>							0	1	0	0	0	0	0	0	0	0	0	0	0	0	0	0	0	0	0	0	target_unresolved_no_anchor	0	unresolved	no_anchor_clean_source_shape			undotted_rows:1	0	no_anchor_alignment_triage	wts_1_34	ཅིས་ཀྱང་ cis Ryan Tcinas kyan.
ཀྱང	byun	byu<FINAL_NASAL>							0	1	0	0	0	0	0	0	0	0	0	0	0	0	0	0	0	0	0	0	target_unresolved_no_anchor	0	unresolved	no_anchor_clean_source_shape			undotted_rows:1	0	no_anchor_alignment_triage	wts_1_34	ཐལ་ཀྱང་ thal byun geradewegs; ༡ du ’gro glatt
ཀྱང	khyun	khyu<FINAL_NASAL>							0	1	0	0	0	0	0	0	0	0	0	0	0	0	0	0	0	0	0	0	target_unresolved_no_anchor	0	unresolved	no_anchor_clean_source_shape			undotted_rows:1	0	no_anchor_alignment_triage	wts_1_34	ཀྱང་སྡེར་ khyun sder eine Heilpflanze.
ཀྲོང	gron	gro<FINAL_NASAL>							0	1	0	0	0	0	0	0	0	0	0	0	0	0	0	0	0	0	0	0	target_unresolved_no_anchor	0	unresolved	no_anchor_clean_source_shape			undotted_rows:1	0	no_anchor_alignment_triage	wts_1_34	ཀྲོང་སྤྲེའུ་ gron spre’u Bez. für Katze.
ཀླང	klon	klo<FINAL_NASAL>							0	1	0	0	0	0	0	0	0	0	0	0	0	0	0	0	0	0	0	0	target_unresolved_no_anchor	0	unresolved	no_anchor_clean_source_shape			undotted_rows:1	0	no_anchor_alignment_triage	wts_1_34	ཀླང་ཆན་པ་” klon chen pa...
ཀླང	krun	kru<FINAL_NASAL>							0	1	0	0	0	0	0	0	0	0	0	0	0	0	0	0	0	0	0	0	target_unresolved_no_anchor	0	unresolved	no_anchor_clean_source_shape			undotted_rows:1	0	no_anchor_alignment_triage	wts_1_34	ཀྲུང་ཀླང་ kruṅ krun \khrun khrun.
ཁང	kan	ka<FINAL_NASAL>							0	1	0	0	0	0	0	0	0	0	0	0	0	0	0	0	0	0	0	0	target_unresolved_no_anchor	0	unresolved	no_anchor_clean_source_shape			undotted_rows:1	0	no_anchor_alignment_triage	wts_1_34	ཁང་ཁུང་ kan khuṅ
ཁང	than	tha<FINAL_NASAL>							0	1	0	0	0	0	0	0	0	0	0	0	0	0	0	0	0	0	0	0	target_unresolved_no_anchor	0	unresolved	no_anchor_clean_source_shape			undotted_rows:1	0	no_anchor_alignment_triage	wts_1_34	ཁང་ཆོང་ than chod entschieden, entschlossen
ཁུང	Felsh	Fels<FINAL_NASAL>							0	1	0	0	0	0	0	0	0	0	0	0	0	0	0	0	0	0	0	0	target_unresolved_no_anchor	0	unresolved	no_anchor_clean_source_shape			undotted_rows:1	0	no_anchor_alignment_triage	wts_8_b	བྲཐ།ཁུང་ bragkburi Felshöhle, Felsspalte.
ཁུང	Rhun	Rhu<FINAL_NASAL>							0	1	0	0	0	0	0	0	0	0	0	0	0	0	0	0	0	0	0	0	target_unresolved_no_anchor	0	unresolved	no_anchor_clean_source_shape			undotted_rows:1	0	no_anchor_alignment_triage	wts_1_34	ཁུང་ཉལ་ Rhun nal.
ཁུང	khyun	khyu<FINAL_NASAL>							0	1	0	0	0	0	0	0	0	0	0	0	0	0	0	0	0	0	0	0	target_unresolved_no_anchor	0	unresolved	no_anchor_clean_source_shape			undotted_rows:1	0	no_anchor_alignment_triage	wts_1_34	ཁུང་སེང་འདས་པ་ khyun seṅ ’dus pa achtfüßiger
ཁོང	Khon	Kho<FINAL_NASAL>							0	1	0	0	0	0	0	0	0	0	0	0	0	0	0	0	0	0	0	0	target_unresolved_no_anchor	0	unresolved	no_anchor_clean_source_shape			undotted_rows:1	0	no_anchor_alignment_triage	wts_1_34	ཁོང་སྒྲིལ་ Khon sgril Fesseln.
ཁོང	ikhon	ikho<FINAL_NASAL>							0	1	0	0	0	0	0	0	0	0	0	0	0	0	0	0	0	0	0	0	target_unresolved_no_anchor	0	unresolved	no_anchor_clean_source_shape			undotted_rows:1	0	no_anchor_alignment_triage	wts_1_34	ཁོང་པ་ ikhon pa 1'khon.
ཁྱུང	kbyun	kbyu<FINAL_NASAL>							0	1	0	0	0	0	0	0	0	0	0	0	0	0	0	0	0	0	0	0	target_unresolved_no_anchor	0	unresolved	no_anchor_clean_source_shape			undotted_rows:1	0	no_anchor_alignment_triage	wts_1_34	ཀླུ་སྦྲལ་འོད་ཁྱུང་ klu sbrul ’od kbyun ¦/5// sbrul ’od
གང	Mannsh	Manns<FINAL_NASAL>							0	1	0	0	0	0	0	0	0	0	0	0	0	0	0	0	0	0	0	0	target_unresolved_no_anchor	0	obvious_gloss_or_alignment_noise	obvious_alignment_or_gloss_noise			undotted_rows:1	0	no_anchor_alignment_triage	wts_9_m	མི་གང་ migari Mannshöhe, Klafter.
གང	gon	go<FINAL_NASAL>							0	1	0	0	0	0	0	0	0	0	0	0	0	0	0	0	0	0	0	0	target_unresolved_no_anchor	0	unresolved	no_anchor_clean_source_shape			undotted_rows:1	0	no_anchor_alignment_triage	wts_1_34	གང་སྐར་ gon skor
གཅུང	geun	geu<FINAL_NASAL>							0	1	0	0	0	0	0	0	0	0	0	0	0	0	0	0	0	0	0	0	target_unresolved_no_anchor	0	unresolved	no_anchor_clean_source_shape			undotted_rows:1	0	no_anchor_alignment_triage	wts_1_34	གཅུང་ geun
གཏང	gran	gra<FINAL_NASAL>							0	1	0	0	0	0	0	0	0	0	0	0	0	0	0	0	0	0	0	0	target_unresolved_no_anchor	0	unresolved	no_anchor_clean_source_shape			undotted_rows:1	0	no_anchor_alignment_triage	wts_1_34	གཏང་ gran
གཏང	gron	gro<FINAL_NASAL>							0	1	0	0	0	0	0	0	0	0	0	0	0	0	0	0	0	0	0	0	target_unresolved_no_anchor	0	unresolved	no_anchor_clean_source_shape			undotted_rows:1	0	no_anchor_alignment_triage	wts_1_34	གཏང་ཕགས་ gron phogs
གཏང	gton	gto<FINAL_NASAL>							0	1	0	0	0	0	0	0	0	0	0	0	0	0	0	0	0	0	0	0	target_unresolved_no_anchor	0	unresolved	no_anchor_clean_source_shape			undotted_rows:1	0	no_anchor_alignment_triage	wts_1_34	གཏང་ བའ ནོར་ gton ༼/¢'/7 nor Besitz der Frei-
གཏང	gun	gu<FINAL_NASAL>							0	1	0	0	0	0	0	0	0	0	0	0	0	0	0	0	0	0	0	0	target_unresolved_no_anchor	0	unresolved	no_anchor_clean_source_shape			undotted_rows:1	0	no_anchor_alignment_triage	wts_1_34	གཏང་དཔག་ gun dpag fur. zu gti dpog_ er-
གཏིང	gein	gei<FINAL_NASAL>							0	1	0	0	0	0	0	0	0	0	0	0	0	0	0	0	0	0	0	0	target_unresolved_no_anchor	0	unresolved	no_anchor_clean_source_shape			undotted_rows:1	0	no_anchor_alignment_triage	wts_1_34	གཏིང་ཀློ་ gein klo
གཏོང	vernich	vernic<FINAL_NASAL>							0	1	0	0	0	0	0	0	0	0	0	0	0	0	0	0	0	0	0	0	target_unresolved_no_anchor	0	unresolved	no_anchor_clean_source_shape			undotted_rows:1	0	no_anchor_alignment_triage	wts_1_34	ཏོར་ཁྲ་ཏག་ཏ་གཏོང་ gtor brlag du gton vernich-
གདུང	gun	gu<FINAL_NASAL>							0	1	0	0	0	0	0	0	0	0	0	0	0	0	0	0	0	0	0	0	target_unresolved_no_anchor	0	unresolved	no_anchor_clean_source_shape			undotted_rows:1	0	no_anchor_alignment_triage	wts_1_34	སྐུ་གདུང་ sh gun.
གདུང	odun	odu<FINAL_NASAL>							0	1	0	0	0	0	0	0	0	0	0	0	0	0	0	0	0	0	0	0	target_unresolved_no_anchor	0	unresolved	no_anchor_clean_source_shape			undotted_rows:1	0	no_anchor_alignment_triage	wts_35_51	"གདུང་ ""odun"
གདོང	can	ca<FINAL_NASAL>							0	1	0	0	0	0	0	0	0	0	0	0	0	0	0	0	0	0	0	0	target_unresolved_no_anchor	0	unresolved	no_anchor_clean_source_shape			undotted_rows:1	0	no_anchor_alignment_triage	wts_1_34	རྟ་ཡི་གདོང་ཅན་ rta ༡// gdon can Trta gdon can.
གཞུང	gun	gu<FINAL_NASAL>							0	1	0	0	0	0	0	0	0	0	0	0	0	0	0	0	0	0	0	0	target_unresolved_no_anchor	0	unresolved	no_anchor_clean_source_shape			undotted_rows:1	0	no_anchor_alignment_triage	wts_1_34	ཁྲེལ་གཞུང་ khrel gun \khrel.
གསུང	gsuṅń	gsuṅ<FINAL_NASAL>							0	1	0	0	0	0	0	0	0	0	0	0	0	0	0	0	0	0	0	0	target_unresolved_no_anchor	0	unresolved	no_anchor_clean_source_shape			undotted_rows:1	0	no_anchor_alignment_triage	wts_35_51	པདྨ་གསུང་ padma gsuṅń cine Mahāyoga-Praxis Ir. -NI'i Hana
གོང	in	i<FINAL_NASAL>							0	1	0	0	0	0	0	0	0	0	0	0	0	0	0	0	0	0	0	0	target_unresolved_no_anchor	0	unresolved	no_anchor_clean_source_shape			undotted_rows:1	0	no_anchor_alignment_triage	wts_1_34	དང་གོང་ dangon in thugs kyi — Brust.
གྱང	gyun	gyu<FINAL_NASAL>							0	1	0	0	0	0	0	0	0	0	0	0	0	0	0	0	0	0	0	0	target_unresolved_no_anchor	0	unresolved	no_anchor_clean_source_shape			undotted_rows:1	0	no_anchor_alignment_triage	wts_1_34	གྱང་རོ་ gyun ro hart, trocken; trockene Leiche.
གྲང	gron	gro<FINAL_NASAL>							0	1	0	0	0	0	0	0	0	0	0	0	0	0	0	0	0	0	0	0	target_unresolved_no_anchor	0	unresolved	no_anchor_clean_source_shape			undotted_rows:1	0	no_anchor_alignment_triage	wts_1_34	ཆུ་ཨུན་གྲང་ཏྱར་ chu srin gron khyer
གྲང	oran	ora<FINAL_NASAL>							0	1	0	0	0	0	0	0	0	0	0	0	0	0	0	0	0	0	0	0	target_unresolved_no_anchor	0	unresolved	no_anchor_clean_source_shape			undotted_rows:1	0	no_anchor_alignment_triage	wts_1_34	གྲང་ཚལ་ oran tshal
གྲུང	glan	gla<FINAL_NASAL>							0	1	0	0	0	0	0	0	0	0	0	0	0	0	0	0	0	0	0	0	target_unresolved_no_anchor	0	unresolved	no_anchor_clean_source_shape			undotted_rows:1	0	no_anchor_alignment_triage	wts_1_34	གྲུང་པོའི་རྒྱལ་པོ་ glan po’i rgyal po Bez. für den
གྲོང	grorn	gror<FINAL_NASAL>							0	1	0	0	0	0	0	0	0	0	0	0	0	0	0	0	0	0	0	0	target_unresolved_no_anchor	0	unresolved	no_anchor_clean_source_shape			undotted_rows:1	0	no_anchor_alignment_triage	wts_1_34	གྲོང་འཇིག་ grorn jig „Städtezerstörer“, Bei-
གླང	glin	gli<FINAL_NASAL>							0	1	0	0	0	0	0	0	0	0	0	0	0	0	0	0	0	0	0	0	target_unresolved_no_anchor	0	unresolved	no_anchor_clean_source_shape			undotted_rows:1	0	no_anchor_alignment_triage	wts_1_34	གླང་ཕྲན་ glin phran.
གླེང	khan	kha<FINAL_NASAL>							0	1	0	0	0	0	0	0	0	0	0	0	0	0	0	0	0	0	0	0	target_unresolved_no_anchor	0	unresolved	no_anchor_clean_source_shape			undotted_rows:1	0	no_anchor_alignment_triage	wts_1_34	'བྲེད་ཁྲས་ཁང་གླེང་ dag byed khrus khan glin
གློང	glon	glo<FINAL_NASAL>							0	1	0	0	0	0	0	0	0	0	0	0	0	0	0	0	0	0	0	0	target_unresolved_no_anchor	0	unresolved	no_anchor_clean_source_shape			undotted_rows:1	0	no_anchor_alignment_triage	wts_1_34	གློང་ glon pf. !glons umrühren, aufwirbeln.
ང	bźin	bźi<FINAL_NASAL>							0	1	0	0	0	0	0	0	0	0	0	0	0	0	0	0	0	0	0	0	target_unresolved_no_anchor	0	unresolved	no_anchor_clean_source_shape			undotted_rows:1	0	no_anchor_alignment_triage	wts_1_34	"""Ras ་ཀྱི ང་ངེ་འཛྲིནྒ་ de bźin nid kyi tin ne"
ང	chan	cha<FINAL_NASAL>							0	1	0	0	0	0	0	0	0	0	0	0	0	0	0	0	0	0	0	0	target_unresolved_no_anchor	0	unresolved	no_anchor_clean_source_shape			undotted_rows:1	0	no_anchor_alignment_triage	wts_1_34	"ང་ཅན"" chan can Weinbecher; vgl. chin. &"
ང	dan	da<FINAL_NASAL>							0	1	0	0	0	0	0	0	0	0	0	0	0	0	0	0	0	0	0	0	target_unresolved_no_anchor	0	unresolved	no_anchor_clean_source_shape			undotted_rows:1	0	no_anchor_alignment_triage	wts_1_34	ང་པོའི་རྫལ་རྨན་ dan po’ rdul can Bez. für
ང	gan	ga<FINAL_NASAL>							0	1	0	0	0	0	0	0	0	0	0	0	0	0	0	0	0	0	0	0	target_unresolved_no_anchor	0	unresolved	no_anchor_clean_source_shape			undotted_rows:1	0	no_anchor_alignment_triage	wts_1_34	ང་ཁོ་སྦིས། བྲེང་ gan po skem byed Beiname des
ང	gcon	gco<FINAL_NASAL>							0	1	0	0	0	0	0	0	0	0	0	0	0	0	0	0	0	0	0	0	target_unresolved_no_anchor	0	unresolved	no_anchor_clean_source_shape			undotted_rows:1	0	no_anchor_alignment_triage	wts_1_34	a ང་ཞེ་ gcon Zi Tcon Zi.
ང	kan	ka<FINAL_NASAL>							0	1	0	0	0	0	0	0	0	0	0	0	0	0	0	0	0	0	0	0	target_unresolved_no_anchor	0	unresolved	no_anchor_clean_source_shape			undotted_rows:1	0	no_anchor_alignment_triage	wts_1_34	ང་ཀ་ནག་ག་ཀ་བཅཙན་ kan ka nag gi klu btsan eine
ང	klon	klo<FINAL_NASAL>							0	1	0	0	0	0	0	0	0	0	0	0	0	0	0	0	0	0	0	0	target_unresolved_no_anchor	0	unresolved	no_anchor_clean_source_shape			undotted_rows:1	0	no_anchor_alignment_triage	wts_1_34	EN བེངས་ཀོང་ང་བཤགས་ chos dbyins klon du
ང	kon	ko<FINAL_NASAL>							0	1	0	0	0	0	0	0	0	0	0	0	0	0	0	0	0	0	0	0	target_unresolved_no_anchor	0	unresolved	no_anchor_clean_source_shape			undotted_rows:1	0	no_anchor_alignment_triage	wts_1_34	ང་ཚོ་ kon tsho eine Schule, die von śab-rtse im
ང	kun	ku<FINAL_NASAL>							0	1	0	0	0	0	0	0	0	0	0	0	0	0	0	0	0	0	0	0	target_unresolved_no_anchor	0	unresolved	no_anchor_clean_source_shape			undotted_rows:1	0	no_anchor_alignment_triage	wts_1_34	ང་ས་ kun sa divin., einer der vier bzw. fünf gro-
ང	lcan	lca<FINAL_NASAL>							0	1	0	0	0	0	0	0	0	0	0	0	0	0	0	0	0	0	0	0	target_unresolved_no_anchor	0	unresolved	no_anchor_clean_source_shape			undotted_rows:1	0	no_anchor_alignment_triage	wts_1_34	ང་ར * lcan rüid Weidenkätzchen.
ང	rkon	rko<FINAL_NASAL>							0	1	0	0	0	0	0	0	0	0	0	0	0	0	0	0	0	0	0	0	target_unresolved_no_anchor	0	unresolved	no_anchor_clean_source_shape			undotted_rows:1	0	no_anchor_alignment_triage	wts_1_34	ང་བྲར་ rkon zor
ང	skun	sku<FINAL_NASAL>							0	1	0	0	0	0	0	0	0	0	0	0	0	0	0	0	0	0	0	0	target_unresolved_no_anchor	0	unresolved	no_anchor_clean_source_shape			undotted_rows:1	0	no_anchor_alignment_triage	wts_1_34	ང་སླང་ skun skun verborgen, geheim.
ང	skyun	skyu<FINAL_NASAL>							0	1	0	0	0	0	0	0	0	0	0	0	0	0	0	0	0	0	0	0	target_unresolved_no_anchor	0	unresolved	no_anchor_clean_source_shape			undotted_rows:1	0	no_anchor_alignment_triage	wts_1_34	ང་པོ་ skyun po Ahle, Pfriem, Stichel.
ང	stan	sta<FINAL_NASAL>							0	1	0	0	0	0	0	0	0	0	0	0	0	0	0	0	0	0	0	0	target_unresolved_no_anchor	0	unresolved	no_anchor_clean_source_shape			undotted_rows:1	0	no_anchor_alignment_triage	wts_1_34	ང་ཀྲེའ།” stan zil auch stans zil ein Mineral,
ང	thon	tho<FINAL_NASAL>							0	1	0	0	0	0	0	0	0	0	0	0	0	0	0	0	0	0	0	0	target_unresolved_no_anchor	0	unresolved	no_anchor_clean_source_shape			undotted_rows:1	0	no_anchor_alignment_triage	wts_1_34	ང་ཐང་ thon thon
ང	vollkommen	vollkomme<FINAL_NASAL>							0	1	0	0	0	0	0	0	0	0	0	0	0	0	0	0	0	0	0	0	target_unresolved_no_anchor	0	unresolved	no_anchor_clean_source_shape			undotted_rows:1	0	no_anchor_alignment_triage	wts_1_34	སྙིང་ཕྲ་ང་ szin phur vollkommen, eindringlich
ང	ykan	yka<FINAL_NASAL>							0	1	0	0	0	0	0	0	0	0	0	0	0	0	0	0	0	0	0	0	target_unresolved_no_anchor	0	unresolved	no_anchor_clean_source_shape			undotted_rows:1	0	no_anchor_alignment_triage	wts_1_34	ང་སྙས།་ ykan skyes Bez. für Angehörige der un-
ངང	nah	na<FINAL_NASAL>							0	1	0	0	0	0	0	0	0	0	0	0	0	0	0	0	0	0	0	0	target_unresolved_no_anchor	0	unresolved	no_anchor_clean_source_shape			undotted_rows:1	0	no_anchor_alignment_triage	wts_1_34	ངང་པའི་རྐང་པ་ nah pa’ rkaṅ pa Bez. für
ཅང	con	co<FINAL_NASAL>							0	1	0	0	0	0	0	0	0	0	0	0	0	0	0	0	0	0	0	0	target_unresolved_no_anchor	0	unresolved	no_anchor_clean_source_shape			undotted_rows:1	0	no_anchor_alignment_triage	wts_1_34	"ཅང"" con 27 auch cun Zi, con Zu, gcon Zı ein"
ཆུང	ch	c<FINAL_NASAL>							0	1	0	0	0	0	0	0	0	0	0	0	0	0	0	0	0	0	0	0	target_unresolved_no_anchor	0	unresolved	no_anchor_clean_source_shape			undotted_rows:1	0	no_anchor_alignment_triage	wts_1_34	སྟག་འུ་ཆུང་ stag u ch
ཉུང	nun	nu<FINAL_NASAL>							0	1	0	0	0	0	0	0	0	0	0	0	0	0	0	0	0	0	0	0	target_unresolved_no_anchor	0	unresolved	no_anchor_clean_source_shape			undotted_rows:1	0	no_anchor_alignment_triage	wts_1_34	ཉུང་ཀར་ nun kar [/7//77.4 kar.
ཉུང	run	ru<FINAL_NASAL>							0	1	0	0	0	0	0	0	0	0	0	0	0	0	0	0	0	0	0	0	target_unresolved_no_anchor	0	unresolved	no_anchor_clean_source_shape			undotted_rows:1	0	no_anchor_alignment_triage	wts_1_34	ཁ་ཉུང་ kha run wortkarg.
ཏིང	tun	tu<FINAL_NASAL>							0	1	0	0	0	0	0	0	0	0	0	0	0	0	0	0	0	0	0	0	target_unresolved_no_anchor	0	unresolved	no_anchor_clean_source_shape			undotted_rows:1	0	no_anchor_alignment_triage	wts_1_34	ཏིང་ངེ་འཛིན་་ tun ne ’dzin ...
ཐང	lhan	lha<FINAL_NASAL>							0	1	0	0	0	0	0	0	0	0	0	0	0	0	0	0	0	0	0	0	target_unresolved_no_anchor	0	unresolved	no_anchor_clean_source_shape			undotted_rows:1	0	no_anchor_alignment_triage	wts_1_34	ཐང་ཆོད་ lhan chod
ཐང	thin	thi<FINAL_NASAL>							0	1	0	0	0	0	0	0	0	0	0	0	0	0	0	0	0	0	0	0	target_unresolved_no_anchor	0	unresolved	no_anchor_clean_source_shape			undotted_rows:1	0	no_anchor_alignment_triage	wts_1_34	ཐང་ཤང་ thin sin ein blauer Farbstoff.
ཐང	thon	tho<FINAL_NASAL>							0	1	0	0	0	0	0	0	0	0	0	0	0	0	0	0	0	0	0	0	target_unresolved_no_anchor	0	unresolved	no_anchor_clean_source_shape			undotted_rows:1	0	no_anchor_alignment_triage	wts_1_34	ང་ཐང་ thon thon
དང	buddh	budd<FINAL_NASAL>							0	1	0	0	0	0	0	0	0	0	0	0	0	0	0	0	0	0	0	0	target_unresolved_no_anchor	0	unresolved	no_anchor_clean_source_shape			undotted_rows:1	0	no_anchor_alignment_triage	wts_1_34	T དང buddh. Gemeinde.
དང	dangon	dango<FINAL_NASAL>							0	1	0	0	0	0	0	0	0	0	0	0	0	0	0	0	0	0	0	0	target_unresolved_no_anchor	0	unresolved	no_anchor_clean_source_shape			undotted_rows:1	0	no_anchor_alignment_triage	wts_1_34	དང་གོང་ dangon in thugs kyi — Brust.
དཔང	dban	dba<FINAL_NASAL>							0	1	0	0	0	0	0	0	0	0	0	0	0	0	0	0	0	0	0	0	target_unresolved_no_anchor	0	unresolved	no_anchor_clean_source_shape			undotted_rows:1	0	no_anchor_alignment_triage	wts_1_34	དགའ་རབ་དཔང་རམྱག་ dga’ rab dban phyug
དཔུང	dpuṅń	dpuṅ<FINAL_NASAL>							0	1	0	0	0	0	0	0	0	0	0	0	0	0	0	0	0	0	0	0	target_unresolved_no_anchor	0	unresolved	no_anchor_clean_source_shape			undotted_rows:1	0	no_anchor_alignment_triage	wts_35_51	དཔུང་ 'dpuṅń
དུང	drun	dru<FINAL_NASAL>							0	1	0	0	0	0	0	0	0	0	0	0	0	0	0	0	0	0	0	0	target_unresolved_no_anchor	0	unresolved	no_anchor_clean_source_shape			undotted_rows:1	0	no_anchor_alignment_triage	wts_1_34	ཐོག་དུང་ thog drun hoch und niedrig; Höhe.
དོང	Wildschwein	Wildschwei<FINAL_NASAL>							0	1	0	0	0	0	0	0	0	0	0	0	0	0	0	0	0	0	0	0	target_unresolved_no_anchor	0	obvious_gloss_or_alignment_noise	obvious_alignment_or_gloss_noise			undotted_rows:1	0	no_anchor_alignment_triage	wts_35_51	ཕྲག་དོང་ phagrgod Wildschwein; wilder Eber,
ནིང	manin	mani<FINAL_NASAL>							0	1	0	0	0	0	0	0	0	0	0	0	0	0	0	0	0	0	0	0	target_unresolved_no_anchor	0	unresolved	no_anchor_clean_source_shape			undotted_rows:1	0	no_anchor_alignment_triage	wts_9_m	"མ་ནིང་ཕྲ Em"" manin phrag dog ..."
པང	Daseinsbereichen	Daseinsbereiche<FINAL_NASAL>							0	1	0	0	0	0	0	0	0	0	0	0	0	0	0	0	0	0	0	0	target_unresolved_no_anchor	0	obvious_gloss_or_alignment_noise	obvious_alignment_or_gloss_noise			undotted_rows:1	0	no_anchor_alignment_triage	wts_1_34	པང Daseinsbereichen.
ཕང	pan	pa<FINAL_NASAL>							0	1	0	0	0	0	0	0	0	0	0	0	0	0	0	0	0	0	0	0	target_unresolved_no_anchor	0	unresolved	no_anchor_clean_source_shape			undotted_rows:1	0	no_anchor_alignment_triage	wts_9_m	"མ་ཕང་ ""ma pan feine Spindel."
ཕུང	ph	p<FINAL_NASAL>							0	1	0	0	0	0	0	0	0	0	0	0	0	0	0	0	0	0	0	0	target_unresolved_no_anchor	0	unresolved	no_anchor_clean_source_shape			undotted_rows:1	0	no_anchor_alignment_triage	wts_35_51	ཕུང་གཡོ་བ་ ph g.yoba Verleumdung, Intrige.
ཕྱང	byan	bya<FINAL_NASAL>							0	1	0	0	0	0	0	0	0	0	0	0	0	0	0	0	0	0	0	0	target_unresolved_no_anchor	0	unresolved	no_anchor_clean_source_shape			undotted_rows:1	0	no_anchor_alignment_triage	wts_1_34	།ཁ་ཕྱང་བ་ kha byan ba
ཕྱིང	pyih	pyi<FINAL_NASAL>							0	1	0	0	0	0	0	0	0	0	0	0	0	0	0	0	0	0	0	0	target_unresolved_no_anchor	0	unresolved	no_anchor_clean_source_shape			undotted_rows:1	0	no_anchor_alignment_triage	wts_35_51	ཕྱིང་ pyih lphyin.
བང	Rhan	Rha<FINAL_NASAL>							0	1	0	0	0	0	0	0	0	0	0	0	0	0	0	0	0	0	0	0	target_unresolved_no_anchor	0	unresolved	no_anchor_clean_source_shape			undotted_rows:1	0	no_anchor_alignment_triage	wts_1_34	།བང་བྱུ་ Rhan bu Häuschen, kleine Behausung.
བང	byun	byu<FINAL_NASAL>							0	1	0	0	0	0	0	0	0	0	0	0	0	0	0	0	0	0	0	0	target_unresolved_no_anchor	0	unresolved	no_anchor_clean_source_shape			undotted_rows:1	0	no_anchor_alignment_triage	wts_8_b	"བང་སྔོང་ ""byun son Einkünfte und Ausgaben."
བང	than	tha<FINAL_NASAL>							0	1	0	0	0	0	0	0	0	0	0	0	0	0	0	0	0	0	0	0	target_unresolved_no_anchor	0	unresolved	no_anchor_clean_source_shape			undotted_rows:1	0	no_anchor_alignment_triage	wts_1_34	བང་ཉོ།། than mo eine Gruppe von Gottheiten.
བང	thun	thu<FINAL_NASAL>							0	1	0	0	0	0	0	0	0	0	0	0	0	0	0	0	0	0	0	0	target_unresolved_no_anchor	0	unresolved	no_anchor_clean_source_shape			undotted_rows:1	0	no_anchor_alignment_triage	wts_1_34	Dämonen besessen sein. བང་ thun alttib. auch thune kurz, klein sein; ༡
བཏུང	btin	bti<FINAL_NASAL>							0	1	0	0	0	0	0	0	0	0	0	0	0	0	0	0	0	0	0	0	target_unresolved_no_anchor	0	unresolved	no_anchor_clean_source_shape			undotted_rows:1	0	no_anchor_alignment_triage	wts_1_34	བཏུང btin auch btins pf. zu \’din ausbreiten,
བཟུང	von	vo<FINAL_NASAL>							0	1	0	0	0	0	0	0	0	0	0	0	0	0	0	0	0	0	0	0	target_unresolved_no_anchor	0	unresolved	no_anchor_clean_source_shape			undotted_rows:1	0	no_anchor_alignment_triage	wts_1_34	ད་གཟོད་ནས་བཟུང་ dagzod nas bzuṅ von nun an.
བསླང	bskan	bska<FINAL_NASAL>							0	1	0	0	0	0	0	0	0	0	0	0	0	0	0	0	0	0	0	0	target_unresolved_no_anchor	0	unresolved	no_anchor_clean_source_shape			undotted_rows:1	0	no_anchor_alignment_triage	wts_1_34	བསླང་ bskan fur. t'skon erfüllen; zufrieden-
བསླང	bskun	bsku<FINAL_NASAL>							0	1	0	0	0	0	0	0	0	0	0	0	0	0	0	0	0	0	0	0	target_unresolved_no_anchor	0	unresolved	no_anchor_clean_source_shape			undotted_rows:1	0	no_anchor_alignment_triage	wts_1_34	བསླང་ bskun fut. zu tskun verbergen.
བསླང	bsruh	bsru<FINAL_NASAL>							0	1	0	0	0	0	0	0	0	0	0	0	0	0	0	0	0	0	0	0	target_unresolved_no_anchor	0	unresolved	no_anchor_clean_source_shape			undotted_rows:1	0	no_anchor_alignment_triage	wts_1_34	སྒོ་བསླང་བ་ sgo bsruh ba auch sgo bsruns Tsgo
བིང	thin	thi<FINAL_NASAL>							0	1	0	0	0	0	0	0	0	0	0	0	0	0	0	0	0	0	0	0	target_unresolved_no_anchor	0	unresolved	no_anchor_clean_source_shape			undotted_rows:1	0	no_anchor_alignment_triage	wts_1_34	བིང་ ཡུག་ thin yug eine hohe Zahl.
བྲང	bzan	bza<FINAL_NASAL>							0	1	0	0	0	0	0	0	0	0	0	0	0	0	0	0	0	0	0	0	target_unresolved_no_anchor	0	unresolved	no_anchor_clean_source_shape			undotted_rows:1	0	no_anchor_alignment_triage	wts_1_34	སྟོབས་བྲང་ལྷ་མོ་ stobs bzan lba mo Beiname
བྲེང	entzweien	entzweie<FINAL_NASAL>							0	1	0	0	0	0	0	0	0	0	0	0	0	0	0	0	0	0	0	0	target_unresolved_no_anchor	0	unresolved	no_anchor_clean_source_shape			undotted_rows:1	0	no_anchor_alignment_triage	wts_8_b	བྲེན་བྲེང་ dbyenbyed entzweien, spalten, tren-
བྲེང	rennen	renne<FINAL_NASAL>							0	1	0	0	0	0	0	0	0	0	0	0	0	0	0	0	0	0	0	0	target_unresolved_no_anchor	0	unresolved	no_anchor_clean_source_shape			undotted_rows:1	0	no_anchor_alignment_triage	wts_8_b	བྲེངས་སེ་བྲེང་ brenssebreṅ onom. rennen,
མང	mon	mo<FINAL_NASAL>							0	1	0	0	0	0	0	0	0	0	0	0	0	0	0	0	0	0	0	0	target_unresolved_no_anchor	0	unresolved	no_anchor_clean_source_shape			undotted_rows:1	0	no_anchor_alignment_triage	wts_1_34	མཐུན་མང་ mthun mon །[//)//?2 mon.
མངང	mdun	mdu<FINAL_NASAL>							0	1	0	0	0	0	0	0	0	0	0	0	0	0	0	0	0	0	0	0	target_unresolved_no_anchor	0	unresolved	no_anchor_clean_source_shape			undotted_rows:1	0	no_anchor_alignment_triage	wts_1_34	སྒྲོ་མངང་ sgro mdun eine Waffe.
མཐང	mthin	mthi<FINAL_NASAL>							0	1	0	0	0	0	0	0	0	0	0	0	0	0	0	0	0	0	0	0	target_unresolved_no_anchor	0	unresolved	no_anchor_clean_source_shape			undotted_rows:1	0	no_anchor_alignment_triage	wts_1_34	མཐང་ཤཱུན་ mthin Sun ein blaues Leder oder ein
མདང	mdon	mdo<FINAL_NASAL>							0	1	0	0	0	0	0	0	0	0	0	0	0	0	0	0	0	0	0	0	target_unresolved_no_anchor	0	unresolved	no_anchor_clean_source_shape			undotted_rows:1	0	no_anchor_alignment_triage	wts_1_34	ཇ་མདང་ ja mdon auch ja ldon Butterfaß, um
མོང	dban	dba<FINAL_NASAL>							0	1	0	0	0	0	0	0	0	0	0	0	0	0	0	0	0	0	0	0	target_unresolved_no_anchor	0	unresolved	no_anchor_clean_source_shape			undotted_rows:1	0	no_anchor_alignment_triage	wts_1_34	མ།ཁའ་མོང་ངཔང་ལོ་ mkha’ spyod dban po Beina-
མོང	mthon	mtho<FINAL_NASAL>							0	1	0	0	0	0	0	0	0	0	0	0	0	0	0	0	0	0	0	0	target_unresolved_no_anchor	0	unresolved	no_anchor_clean_source_shape			undotted_rows:1	0	no_anchor_alignment_triage	wts_1_34	མོང་རྒ་ཆེ་ mthon rgya che weitsichtig, erfah-
མོང	thun	thu<FINAL_NASAL>							0	1	0	0	0	0	0	0	0	0	0	0	0	0	0	0	0	0	0	0	target_unresolved_no_anchor	0	unresolved	no_anchor_clean_source_shape			undotted_rows:1	0	no_anchor_alignment_triage	wts_1_34	"ཐུན་མོང་ EN"" thun mon chos."
ཚང	ishah	isha<FINAL_NASAL>							0	1	0	0	0	0	0	0	0	0	0	0	0	0	0	0	0	0	0	0	target_unresolved_no_anchor	0	unresolved	no_anchor_clean_source_shape			undotted_rows:1	0	no_anchor_alignment_triage	wts_35_51	ནག་ཚང་ nag ishah Kurzf. für nag po'i tshaṅ.
ཝང	ldan	lda<FINAL_NASAL>							0	1	0	0	0	0	0	0	0	0	0	0	0	0	0	0	0	0	0	0	target_unresolved_no_anchor	0	unresolved	no_anchor_clean_source_shape			undotted_rows:1	0	no_anchor_alignment_triage	wts_1_34	མངོན་དྭ་ཝང་བ་ mnon du ldan ba ehrerbietiges
ཞང	Zin	Zi<FINAL_NASAL>							0	1	0	0	0	0	0	0	0	0	0	0	0	0	0	0	0	0	0	0	target_unresolved_no_anchor	0	unresolved	no_anchor_clean_source_shape			undotted_rows:1	0	no_anchor_alignment_triage	wts_1_34	ཆུ ཞང་ chu Zin Reisfeld.
འགང	gah	ga<FINAL_NASAL>							0	1	0	0	0	0	0	0	0	0	0	0	0	0	0	0	0	0	0	0	target_unresolved_no_anchor	0	unresolved	no_anchor_clean_source_shape			undotted_rows:1	0	no_anchor_alignment_triage	wts_1_34	དིང་འགང་ din ’'gah (zw.) Filztuch; vgl. Igdin
འགྱང	byun	byu<FINAL_NASAL>							0	1	0	0	0	0	0	0	0	0	0	0	0	0	0	0	0	0	0	0	target_unresolved_no_anchor	0	unresolved	no_anchor_clean_source_shape			undotted_rows:1	0	no_anchor_alignment_triage	wts_1_34	"ངེས་པར་འགྱང་ nes par ""byun"
འཆང	bzun	bzu<FINAL_NASAL>							0	1	0	0	0	0	0	0	0	0	0	0	0	0	0	0	0	0	0	0	target_unresolved_no_anchor	0	unresolved	no_anchor_clean_source_shape			undotted_rows:1	0	no_anchor_alignment_triage	wts_1_34	འཆང་བཟུང་ (9) bzun Tchan bzun.
འདྲེང	drin	dri<FINAL_NASAL>							0	1	0	0	0	0	0	0	0	0	0	0	0	0	0	0	0	0	0	0	target_unresolved_no_anchor	0	unresolved	no_anchor_clean_source_shape			undotted_rows:1	0	no_anchor_alignment_triage	wts_1_34	གློ་བ་འདྲེང་ glo ba ’drin unloyal, untreu sein;
འཕུང	dpun	dpu<FINAL_NASAL>							0	1	0	0	0	0	0	0	0	0	0	0	0	0	0	0	0	0	0	0	target_unresolved_no_anchor	0	unresolved	no_anchor_clean_source_shape			undotted_rows:1	0	no_anchor_alignment_triage	wts_9_m	དམག་འཕུང་ Tdmag dpun.
འབུང	byun	byu<FINAL_NASAL>							0	1	0	0	0	0	0	0	0	0	0	0	0	0	0	0	0	0	0	0	target_unresolved_no_anchor	0	unresolved	no_anchor_clean_source_shape			undotted_rows:1	0	no_anchor_alignment_triage	wts_8_b	"འབུང་བཞི་ ""byun bäi auch 'byun ba bäi die vier"
འབྲང	bren	bre<FINAL_NASAL>							0	1	0	0	0	0	0	0	0	0	0	0	0	0	0	0	0	0	0	0	target_unresolved_no_anchor	0	unresolved	no_anchor_clean_source_shape			undotted_rows:1	0	no_anchor_alignment_triage	wts_1_34	རྫཾས་སུ་འབྲང་ rjes su bren Trjes su ’bran.
འབྲང	byun	byu<FINAL_NASAL>							0	1	0	0	0	0	0	0	0	0	0	0	0	0	0	0	0	0	0	0	target_unresolved_no_anchor	0	unresolved	no_anchor_clean_source_shape			undotted_rows:1	0	no_anchor_alignment_triage	wts_35_51	"བདད་རྩེའི་འབྲང་གནས་ bdud risi'i ""byun gnas"
འབྲེང	then	the<FINAL_NASAL>							0	1	0	0	0	0	0	0	0	0	0	0	0	0	0	0	0	0	0	0	target_unresolved_no_anchor	0	unresolved	no_anchor_clean_source_shape			undotted_rows:1	0	no_anchor_alignment_triage	wts_1_34	འབྲེང་མ་ ’then ma lahm.
འཚོང	ishoh	isho<FINAL_NASAL>							0	1	0	0	0	0	0	0	0	0	0	0	0	0	0	0	0	0	0	0	target_unresolved_no_anchor	0	unresolved	no_anchor_clean_source_shape			undotted_rows:1	0	no_anchor_alignment_triage	wts_35_51	ནམ་འཚོང་ nam 'ishoh auch nam tsoṅ, nam
ཡང	nun	nu<FINAL_NASAL>							0	1	0	0	0	0	0	0	0	0	0	0	0	0	0	0	0	0	0	0	target_unresolved_no_anchor	0	unresolved	no_anchor_clean_source_shape			undotted_rows:1	0	no_anchor_alignment_triage	wts_1_34	ད་ཡང་ dayan nun; auch jetzt, auch jetzt noch;
རང	spyan	spya<FINAL_NASAL>							0	1	0	0	0	0	0	0	0	0	0	0	0	0	0	0	0	0	0	0	target_unresolved_no_anchor	0	unresolved	no_anchor_clean_source_shape			undotted_rows:1	0	no_anchor_alignment_triage	wts_35_51	'རང་དྲང་ཅྲན་ spyan raṅ dran can
རུང	noch	noc<FINAL_NASAL>							0	1	0	0	0	0	0	0	0	0	0	0	0	0	0	0	0	0	0	0	target_unresolved_no_anchor	0	obvious_gloss_or_alignment_noise	obvious_alignment_or_gloss_noise			undotted_rows:1	0	no_anchor_alignment_triage	wts_1_34	ད་རུང་ darun noch, dann, weiterhin, noch im-
རེངས	auchmoren	auchmore<FINAL_NASAL>							0	1	0	0	0	0	0	0	0	0	0	0	0	0	0	0	0	0	0	0	target_unresolved_no_anchor	0	unresolved	no_anchor_clean_source_shape			undotted_rows:1	0	no_anchor_alignment_triage	wts_9_m	མོ་རེངས།་ morens auchmoren, mo hreris allein-
རྐང	bran	bra<FINAL_NASAL>							0	1	0	0	0	0	0	0	0	0	0	0	0	0	0	0	0	0	0	0	target_unresolved_no_anchor	0	unresolved	no_anchor_clean_source_shape			undotted_rows:1	0	no_anchor_alignment_triage	wts_1_34	བའུ་བང་རྐང་གཅུག་ lhe u bran rkan geig ein für
རྐང	ran	ra<FINAL_NASAL>							0	1	0	0	0	0	0	0	0	0	0	0	0	0	0	0	0	0	0	0	target_unresolved_no_anchor	0	unresolved	no_anchor_clean_source_shape			undotted_rows:1	0	no_anchor_alignment_triage	wts_1_34	རྐང་དྲུག་ ran ing ep
རྐྱང	Ryan	Rya<FINAL_NASAL>							0	1	0	0	0	0	0	0	0	0	0	0	0	0	0	0	0	0	0	0	target_unresolved_no_anchor	0	unresolved	no_anchor_clean_source_shape			undotted_rows:1	0	no_anchor_alignment_triage	wts_1_34	རྐྱང་ཟླ་ Ryan zla.
རྒྱང	igyan	igya<FINAL_NASAL>							0	1	0	0	0	0	0	0	0	0	0	0	0	0	0	0	0	0	0	0	target_unresolved_no_anchor	0	unresolved	no_anchor_clean_source_shape			undotted_rows:1	0	no_anchor_alignment_triage	wts_1_34	དཀར་མོའི་རྒྱང་གྲགས་ dkar mo’i igyan grags !dkar
རྟིང	yein	yei<FINAL_NASAL>							0	1	0	0	0	0	0	0	0	0	0	0	0	0	0	0	0	0	0	0	target_unresolved_no_anchor	0	unresolved	no_anchor_clean_source_shape			undotted_rows:1	0	no_anchor_alignment_triage	wts_1_34	རྟིང་འབྲང་བ་ yein ’braṅ ba
རྨང	rlun	rlu<FINAL_NASAL>							0	1	0	0	0	0	0	0	0	0	0	0	0	0	0	0	0	0	0	0	target_unresolved_no_anchor	0	unresolved	no_anchor_clean_source_shape			undotted_rows:1	0	no_anchor_alignment_triage	wts_1_34	ཐལ་རྨང་ thal rlun Sandsturm.
ལང	lin	li<FINAL_NASAL>							0	1	0	0	0	0	0	0	0	0	0	0	0	0	0	0	0	0	0	0	target_unresolved_no_anchor	0	unresolved	no_anchor_clean_source_shape			undotted_rows:1	0	no_anchor_alignment_triage	wts_1_34	མག་ལང་ go lin.
ལྔང	lan	la<FINAL_NASAL>							0	1	0	0	0	0	0	0	0	0	0	0	0	0	0	0	0	0	0	0	target_unresolved_no_anchor	0	unresolved	no_anchor_clean_source_shape			undotted_rows:1	0	no_anchor_alignment_triage	wts_1_34	ལྔང་སེར་ཅན་ lan ser can Bez. für Dürvä-Gras.
ལྔང	ljan	lja<FINAL_NASAL>							0	1	0	0	0	0	0	0	0	0	0	0	0	0	0	0	0	0	0	0	target_unresolved_no_anchor	0	unresolved	no_anchor_clean_source_shape			undotted_rows:1	0	no_anchor_alignment_triage	wts_1_34	འཇམ་ལྔང་འདབ་ལྡན་ am ljan ’dab ldan Bez. für
ལྕང	lcun	lcu<FINAL_NASAL>							0	1	0	0	0	0	0	0	0	0	0	0	0	0	0	0	0	0	0	0	target_unresolved_no_anchor	0	unresolved	no_anchor_clean_source_shape			undotted_rows:1	0	no_anchor_alignment_triage	wts_1_34	ལྕང་མོ་ lcun mo Fingerhut.
ལྤང	bon	bo<FINAL_NASAL>							0	1	0	0	0	0	0	0	0	0	0	0	0	0	0	0	0	0	0	0	target_unresolved_no_anchor	0	unresolved	no_anchor_clean_source_shape			undotted_rows:1	0	no_anchor_alignment_triage	wts_35_51	ཕ་ལྤང་ phpha bon.
ཤང	Sun	Su<FINAL_NASAL>							0	1	0	0	0	0	0	0	0	0	0	0	0	0	0	0	0	0	0	0	target_unresolved_no_anchor	0	unresolved	no_anchor_clean_source_shape			undotted_rows:1	0	no_anchor_alignment_triage	wts_1_34	ཅང་འེ་ཤང་ can ’e Sun npr.
ཤེང	śen	śe<FINAL_NASAL>							0	1	0	0	0	0	0	0	0	0	0	0	0	0	0	0	0	0	0	0	target_unresolved_no_anchor	0	unresolved	no_anchor_clean_source_shape			undotted_rows:1	0	no_anchor_alignment_triage	wts_1_34	ཀིམ་ཤེང་ཀོང་ཅོ་ kim śen koṅ co, auch kim sen khon
སང	srun	sru<FINAL_NASAL>							0	1	0	0	0	0	0	0	0	0	0	0	0	0	0	0	0	0	0	0	target_unresolved_no_anchor	0	unresolved	no_anchor_clean_source_shape			undotted_rows:1	0	no_anchor_alignment_triage	wts_1_34	ངོ་སང་ no srun pf. und fut. ro bsrun jmdm.
སྔོང	son	so<FINAL_NASAL>							0	1	0	0	0	0	0	0	0	0	0	0	0	0	0	0	0	0	0	0	target_unresolved_no_anchor	0	unresolved	no_anchor_clean_source_shape			undotted_rows:1	0	no_anchor_alignment_triage	wts_8_b	"བང་སྔོང་ ""byun son Einkünfte und Ausgaben."
སྔོང	ston	sto<FINAL_NASAL>							0	1	0	0	0	0	0	0	0	0	0	0	0	0	0	0	0	0	0	0	target_unresolved_no_anchor	0	unresolved	no_anchor_clean_source_shape			undotted_rows:1	0	no_anchor_alignment_triage	wts_1_34	སྔོང་བརང་འྲཆི་བདག་ ston bdud ’chi bdag eine
སྙང	Min	Mi<FINAL_NASAL>							0	1	0	0	0	0	0	0	0	0	0	0	0	0	0	0	0	0	0	0	target_unresolved_no_anchor	0	unresolved	no_anchor_clean_source_shape			undotted_rows:1	0	no_anchor_alignment_triage	wts_1_34	སྙང་ནད་ Min nad Herzerkrankung, Herz-
སྙང	san	sa<FINAL_NASAL>							0	1	0	0	0	0	0	0	0	0	0	0	0	0	0	0	0	0	0	0	target_unresolved_no_anchor	0	unresolved	no_anchor_clean_source_shape			undotted_rows:1	0	no_anchor_alignment_triage	wts_1_34	སྙང་རླུང་ san rluṅ
སྙང	sh	s<FINAL_NASAL>							0	1	0	0	0	0	0	0	0	0	0	0	0	0	0	0	0	0	0	0	target_unresolved_no_anchor	0	unresolved	no_anchor_clean_source_shape			undotted_rows:1	0	no_anchor_alignment_triage	wts_1_34	སྙང་པོའ་།ཁང་པ་ sh po’i khaṅ pa Bez. für
སྙང	shan	sha<FINAL_NASAL>							0	1	0	0	0	0	0	0	0	0	0	0	0	0	0	0	0	0	0	0	target_unresolved_no_anchor	0	unresolved	no_anchor_clean_source_shape			undotted_rows:1	0	no_anchor_alignment_triage	wts_1_34	སྙང་སྙོང་ shan sion sinnlos, 111111061༽༣61110,
སྙིང	sh	s<FINAL_NASAL>							0	1	0	0	0	0	0	0	0	0	0	0	0	0	0	0	0	0	0	0	target_unresolved_no_anchor	0	unresolved	no_anchor_clean_source_shape			undotted_rows:1	0	no_anchor_alignment_triage	wts_1_34	དགང་སྙིང་ dgun shäin Bez. der chin. Tierkreis-
སྙིང	sien	sie<FINAL_NASAL>							0	1	0	0	0	0	0	0	0	0	0	0	0	0	0	0	0	0	0	0	target_unresolved_no_anchor	0	unresolved	no_anchor_clean_source_shape			undotted_rows:1	0	no_anchor_alignment_triage	wts_1_34	སྙིང་ 'sien auch $)76/75 pf. Ibsnens fur. Ibsäen
སྙིང	sth	st<FINAL_NASAL>							0	1	0	0	0	0	0	0	0	0	0	0	0	0	0	0	0	0	0	0	target_unresolved_no_anchor	0	unresolved	no_anchor_clean_source_shape			undotted_rows:1	0	no_anchor_alignment_triage	wts_35_51	"auch der Himmelsfluß"" (brDa); ha' chn bo ནམ་མཁའི་སྙིང་པོ nam mkha'i sth po auch nam"
སྙིང	sun	su<FINAL_NASAL>							0	1	0	0	0	0	0	0	0	0	0	0	0	0	0	0	0	0	1	0	target_unresolved_no_anchor	0	unresolved	no_anchor_clean_source_shape			undotted_rows:1	0	no_anchor_alignment_triage	wts_1_34	སྙིང་ sun.
སྙིང	szin	szi<FINAL_NASAL>							0	1	0	0	0	0	0	0	0	0	0	0	0	0	0	0	0	0	0	0	target_unresolved_no_anchor	0	unresolved	no_anchor_clean_source_shape			undotted_rows:1	0	no_anchor_alignment_triage	wts_1_34	སྙིང་ཕྲ་ང་ szin phur vollkommen, eindringlich
སྟངས	n	<FINAL_NASAL>							0	1	0	0	0	0	0	0	0	0	0	0	0	0	0	0	0	0	0	0	target_unresolved_no_anchor	0	unresolved	no_anchor_clean_source_shape			undotted_rows:1	0	no_anchor_alignment_triage	wts_1_34	འགྱིང་སྟངས་ ’oyın stans Hochmut.
སྟེང	Dach	Dac<FINAL_NASAL>							0	1	0	0	0	0	0	0	0	0	0	0	0	0	0	0	0	0	0	0	target_unresolved_no_anchor	0	obvious_gloss_or_alignment_noise	obvious_alignment_or_gloss_noise			undotted_rows:1	0	no_anchor_alignment_triage	wts_35_51	པུ་ཤུ་སྟེང་ ༼ sten Giebel, Dach eines Pala-
སྤོང	nan	na<FINAL_NASAL>							0	1	0	0	0	0	0	0	0	0	0	0	0	0	0	0	0	0	0	0	target_unresolved_no_anchor	0	unresolved	no_anchor_clean_source_shape			undotted_rows:1	0	no_anchor_alignment_triage	wts_1_34	& “་སྤོང་སྐྱེས་ nan spoh skyes Bez. für dürväa-
སྲིང	shin	shi<FINAL_NASAL>							0	1	0	0	0	0	0	0	0	0	0	0	0	0	0	0	0	0	0	0	target_unresolved_no_anchor	0	unresolved	no_anchor_clean_source_shape			undotted_rows:1	0	no_anchor_alignment_triage	wts_1_34	མ་མགོ་ཀགྲང་སྲིང་ dom mgo glan shin eine füh-
སྲིང	sin	si<FINAL_NASAL>							0	1	0	0	0	0	0	0	0	0	0	0	0	0	0	0	0	0	0	0	target_unresolved_no_anchor	0	unresolved	no_anchor_clean_source_shape			undotted_rows:1	0	no_anchor_alignment_triage	wts_1_34	ཅུང་སྲིང་ cun sin eine Speise.
སླང	skun	sku<FINAL_NASAL>							0	1	0	0	0	0	0	0	0	0	0	0	0	0	0	0	0	0	0	0	target_unresolved_no_anchor	0	unresolved	no_anchor_clean_source_shape			undotted_rows:1	0	no_anchor_alignment_triage	wts_1_34	ང་སླང་ skun skun verborgen, geheim.
སླང	span	spa<FINAL_NASAL>							0	1	0	0	0	0	0	0	0	0	0	0	0	0	0	0	0	0	0	0	target_unresolved_no_anchor	0	unresolved	no_anchor_clean_source_shape			undotted_rows:1	0	no_anchor_alignment_triage	wts_1_34	གབ་སླང་ gab span [arch.] Gebälk, Abschluß-
སློང	sgon	sgo<FINAL_NASAL>							0	1	0	0	0	0	0	0	0	0	0	0	0	0	0	0	0	0	0	0	target_unresolved_no_anchor	0	unresolved	no_anchor_clean_source_shape			undotted_rows:1	0	no_anchor_alignment_triage	wts_1_34	མབར་སློང་ mkhar sgon
