tibetan_syllable	source_variant	former_mechanical_variant_nonsemantic	audit_priority	alignment_review_status	note	context_excerpt
གསུང	gsuṅń	gsuṅṅ	malformed_internal_nasal	unresolved	Mechanical string transformation only; not a proposed correction and not evidence of the canonical transcription.	པདྨ་གསུང་ padma gsuṅń cine Mahāyoga-Praxis Ir. -NI'i Hana
དཔུང	dpuṅń	dpuṅṅ	malformed_internal_nasal	unresolved	Mechanical string transformation only; not a proposed correction and not evidence of the canonical transcription.	དཔུང་ 'dpuṅń
པང	Daseinsbereichen	Daseinsbereicheṅ	long_or_gloss_like	obvious_gloss_or_alignment_noise	Mechanical string transformation only; not a proposed correction and not evidence of the canonical transcription.	པང Daseinsbereichen.
དོང	Wildschwein	Wildschweiṅ	long_or_gloss_like	obvious_gloss_or_alignment_noise	Mechanical string transformation only; not a proposed correction and not evidence of the canonical transcription.	ཕྲག་དོང་ phagrgod Wildschwein; wilder Eber,
ང	vollkommen	vollkommeṅ	long_or_gloss_like	unresolved	Mechanical string transformation only; not a proposed correction and not evidence of the canonical transcription.	སྙིང་ཕྲ་ང་ szin phur vollkommen, eindringlich
བྲེང	entzweien	entzweieṅ	long_or_gloss_like	unresolved	Mechanical string transformation only; not a proposed correction and not evidence of the canonical transcription.	བྲེན་བྲེང་ dbyenbyed entzweien, spalten, tren-
རེངས	auchmoren	auchmoreṅ	long_or_gloss_like	unresolved	Mechanical string transformation only; not a proposed correction and not evidence of the canonical transcription.	མོ་རེངས།་ morens auchmoren, mo hreris allein-
གང	Mannsh	Mannsṅ	long_or_gloss_like	obvious_gloss_or_alignment_noise	Mechanical string transformation only; not a proposed correction and not evidence of the canonical transcription.	མི་གང་ migari Mannshöhe, Klafter.
རུང	noch	nocṅ	long_or_gloss_like	obvious_gloss_or_alignment_noise	Mechanical string transformation only; not a proposed correction and not evidence of the canonical transcription.	ད་རུང་ darun noch, dann, weiterhin, noch im-
སྟེང	Dach	Dacṅ	long_or_gloss_like	obvious_gloss_or_alignment_noise	Mechanical string transformation only; not a proposed correction and not evidence of the canonical transcription.	པུ་ཤུ་སྟེང་ ༼ sten Giebel, Dach eines Pala-
གཏོང	vernich	vernicṅ	ordinary_manual_review	unresolved	Mechanical string transformation only; not a proposed correction and not evidence of the canonical transcription.	ཏོར་ཁྲ་ཏག་ཏ་གཏོང་ gtor brlag du gton vernich-
དང	dangon	dangoṅ	ordinary_manual_review	unresolved	Mechanical string transformation only; not a proposed correction and not evidence of the canonical transcription.	དང་གོང་ dangon in thugs kyi — Brust.
བྲེང	rennen	renneṅ	ordinary_manual_review	unresolved	Mechanical string transformation only; not a proposed correction and not evidence of the canonical transcription.	བྲེངས་སེ་བྲེང་ brenssebreṅ onom. rennen,
ཀྱང	khyun	khyuṅ	ordinary_manual_review	unresolved	Mechanical string transformation only; not a proposed correction and not evidence of the canonical transcription.	ཀྱང་སྡེར་ khyun sder eine Heilpflanze.
ཁང	khrun	khruṅ	ordinary_manual_review	unresolved	Mechanical string transformation only; not a proposed correction and not evidence of the canonical transcription.	ཁང་ཁང་འཇོམས་ khrun khrun ”joms Beiname
ཁང	khrun	khruṅ	ordinary_manual_review	unresolved	Mechanical string transformation only; not a proposed correction and not evidence of the canonical transcription.	ཁང་ཁང་འཇོམས་ khrun khrun ”joms Beiname
ཁང	khrun	khruṅ	ordinary_manual_review	unresolved	Mechanical string transformation only; not a proposed correction and not evidence of the canonical transcription.	།ཁང་མ་། khrun ma Kellnerin.
ཁུང	khyun	khyuṅ	ordinary_manual_review	unresolved	Mechanical string transformation only; not a proposed correction and not evidence of the canonical transcription.	ཁུང་སེང་འདས་པ་ khyun seṅ ’dus pa achtfüßiger
ཁུང	khrun	khruṅ	ordinary_manual_review	unresolved	Mechanical string transformation only; not a proposed correction and not evidence of the canonical transcription.	ཁུང་ khrun resp. für chan.
ཁུང	khrun	khruṅ	ordinary_manual_review	unresolved	Mechanical string transformation only; not a proposed correction and not evidence of the canonical transcription.	ཁུང་ཞེ་ཆཿ khrun Zu ma Kellnerin.
ཁུང	Felsh	Felsṅ	ordinary_manual_review	unresolved	Mechanical string transformation only; not a proposed correction and not evidence of the canonical transcription.	བྲཐ།ཁུང་ bragkburi Felshöhle, Felsspalte.
ཁོང	ikhon	ikhoṅ	ordinary_manual_review	unresolved	Mechanical string transformation only; not a proposed correction and not evidence of the canonical transcription.	ཁོང་པ་ ikhon pa 1'khon.
ཁྱུང	kbyun	kbyuṅ	ordinary_manual_review	unresolved	Mechanical string transformation only; not a proposed correction and not evidence of the canonical transcription.	ཀླུ་སྦྲལ་འོད་ཁྱུང་ klu sbrul ’od kbyun ¦/5// sbrul ’od
ཁྱུང	khrun	khruṅ	ordinary_manual_review	unresolved	Mechanical string transformation only; not a proposed correction and not evidence of the canonical transcription.	ཁྱུང་ཁྱུང་ khrun khrun
ཁྱུང	khrun	khruṅ	ordinary_manual_review	unresolved	Mechanical string transformation only; not a proposed correction and not evidence of the canonical transcription.	ཁྱུང་ཁྱུང་ khrun khrun
ཁྱུང	khrun	khruṅ	ordinary_manual_review	unresolved	Mechanical string transformation only; not a proposed correction and not evidence of the canonical transcription.	ཁྱུང་ཏཁྱུང་ khrun khrun.
གྲོང	grorn	grorṅ	ordinary_manual_review	unresolved	Mechanical string transformation only; not a proposed correction and not evidence of the canonical transcription.	གྲོང་འཇིག་ grorn jig „Städtezerstörer“, Bei-
ང	skyun	skyuṅ	ordinary_manual_review	unresolved	Mechanical string transformation only; not a proposed correction and not evidence of the canonical transcription.	ང་པོ་ skyun po Ahle, Pfriem, Stichel.
དང	buddh	buddṅ	ordinary_manual_review	unresolved	Mechanical string transformation only; not a proposed correction and not evidence of the canonical transcription.	T དང buddh. Gemeinde.
ནིང	manin	maniṅ	ordinary_manual_review	unresolved	Mechanical string transformation only; not a proposed correction and not evidence of the canonical transcription.	"མ་ནིང་ཕྲ Em"" manin phrag dog ..."
ཕྱང	phyun	phyuṅ	ordinary_manual_review	unresolved	Mechanical string transformation only; not a proposed correction and not evidence of the canonical transcription.	།ཁྭ་ཆུ་ཆུས་ཕྱང་ kha chu chus phyun ein Schuh.
ཕྱང	phyun	phyuṅ	ordinary_manual_review	unresolved	Mechanical string transformation only; not a proposed correction and not evidence of the canonical transcription.	ཁྲག་ཕྱང་ khrag phyun pf. zu lkhrag 'byin „Blut
ཕྱང	phyun	phyuṅ	ordinary_manual_review	unresolved	Mechanical string transformation only; not a proposed correction and not evidence of the canonical transcription.	མངོན་ད་ཕྱང་ mnon du phyun pf. enthüllen,
བགྲང	beran	beraṅ	ordinary_manual_review	unresolved	Mechanical string transformation only; not a proposed correction and not evidence of the canonical transcription.	བགྲང་ beran
བགྲང	beran	beraṅ	ordinary_manual_review	unresolved	Mechanical string transformation only; not a proposed correction and not evidence of the canonical transcription.	བགྲང་ beran
བགྲང	beran	beraṅ	ordinary_manual_review	unresolved	Mechanical string transformation only; not a proposed correction and not evidence of the canonical transcription.	བགྲང་རྟོགས་ beran rtogs eine hohe Zahl.
བགྲང	beran	beraṅ	ordinary_manual_review	unresolved	Mechanical string transformation only; not a proposed correction and not evidence of the canonical transcription.	བགྲང་ཕྲེང་འཛིན་ beran phreṅ ’dzin Beiname des
བགྲང	beran	beraṅ	ordinary_manual_review	unresolved	Mechanical string transformation only; not a proposed correction and not evidence of the canonical transcription.	བགྲང་གཞི་ beran gäi.
བསླང	bskan	bskaṅ	ordinary_manual_review	unresolved	Mechanical string transformation only; not a proposed correction and not evidence of the canonical transcription.	བསླང་ bskan fur. t'skon erfüllen; zufrieden-
བསླང	bskun	bskuṅ	ordinary_manual_review	unresolved	Mechanical string transformation only; not a proposed correction and not evidence of the canonical transcription.	བསླང་ bskun fut. zu tskun verbergen.
བསླང	bsruh	bsruṅ	ordinary_manual_review	unresolved	Mechanical string transformation only; not a proposed correction and not evidence of the canonical transcription.	སྒོ་བསླང་བ་ sgo bsruh ba auch sgo bsruns Tsgo
མཐང	mthan	mthaṅ	ordinary_manual_review	unresolved	Mechanical string transformation only; not a proposed correction and not evidence of the canonical transcription.	མཐང་སྤྲད་པ་ mthan sprad pa
མཐང	mthan	mthaṅ	ordinary_manual_review	unresolved	Mechanical string transformation only; not a proposed correction and not evidence of the canonical transcription.	མཐང་སྤྲད་པ་ mthan sprad pa Bez. für Ge-
མཐང	mthan	mthaṅ	ordinary_manual_review	unresolved	Mechanical string transformation only; not a proposed correction and not evidence of the canonical transcription.	མཐང་སྦྱར་བ་ mthan sbyar ba
མཐང	mthan	mthaṅ	ordinary_manual_review	unresolved	Mechanical string transformation only; not a proposed correction and not evidence of the canonical transcription.	མཐང་སྦྱར་བ་ mthan sbyar ba auch 'than sbyar
མཐང	mthin	mthiṅ	ordinary_manual_review	unresolved	Mechanical string transformation only; not a proposed correction and not evidence of the canonical transcription.	མཐང་ཤཱུན་ mthin Sun ein blaues Leder oder ein
མཐང	mthan	mthaṅ	ordinary_manual_review	unresolved	Mechanical string transformation only; not a proposed correction and not evidence of the canonical transcription.	བླ་མཐང་ bla mthan.
མོང	mthon	mthoṅ	ordinary_manual_review	unresolved	Mechanical string transformation only; not a proposed correction and not evidence of the canonical transcription.	མོང་རྒ་ཆེ་ mthon rgya che weitsichtig, erfah-
ཚང	ishah	ishaṅ	ordinary_manual_review	unresolved	Mechanical string transformation only; not a proposed correction and not evidence of the canonical transcription.	ནག་ཚང་ nag ishah Kurzf. für nag po'i tshaṅ.
འཚོང	ishoh	ishoṅ	ordinary_manual_review	unresolved	Mechanical string transformation only; not a proposed correction and not evidence of the canonical transcription.	ནམ་འཚོང་ nam 'ishoh auch nam tsoṅ, nam
རང	spyan	spyaṅ	ordinary_manual_review	unresolved	Mechanical string transformation only; not a proposed correction and not evidence of the canonical transcription.	'རང་དྲང་ཅྲན་ spyan raṅ dran can
རྐྱང	rgyan	rgyaṅ	ordinary_manual_review	unresolved	Mechanical string transformation only; not a proposed correction and not evidence of the canonical transcription.	འཇིག་རྟེན་རྐྱང་ཕན་ ig rten rgyan phan
རྐྱང	rgyan	rgyaṅ	ordinary_manual_review	unresolved	Mechanical string transformation only; not a proposed correction and not evidence of the canonical transcription.	འཇིག་རྟེན་རྐྱང་ཕན་ ig rten rgyan phan auch ’jig
རྒྱང	igyan	igyaṅ	ordinary_manual_review	unresolved	Mechanical string transformation only; not a proposed correction and not evidence of the canonical transcription.	དཀར་མོའི་རྒྱང་གྲགས་ dkar mo’i igyan grags !dkar
རྒྱང	rgyon	rgyoṅ	ordinary_manual_review	unresolved	Mechanical string transformation only; not a proposed correction and not evidence of the canonical transcription.	རྒྱང་ rgyon
རྒྱང	rgyon	rgyoṅ	ordinary_manual_review	unresolved	Mechanical string transformation only; not a proposed correction and not evidence of the canonical transcription.	རྒྱང་ rgyon pf. \brgyans fut. \brgyan imp.
ཀྱང	Ryan	Ryaṅ	ordinary_manual_review	unresolved	Mechanical string transformation only; not a proposed correction and not evidence of the canonical transcription.	ཅིས་ཀྱང་ cis Ryan Tcinas kyan.
ཀྱང	byun	byuṅ	ordinary_manual_review	unresolved	Mechanical string transformation only; not a proposed correction and not evidence of the canonical transcription.	ཐལ་ཀྱང་ thal byun geradewegs; ༡ du ’gro glatt
ཀྱོང	kyon	kyoṅ	ordinary_manual_review	unresolved	Mechanical string transformation only; not a proposed correction and not evidence of the canonical transcription.	ཀྱང་ཀྱོང་ kyaṅ kyon uneben, wellig.
ཀྱོང	kyon	kyoṅ	ordinary_manual_review	unresolved	Mechanical string transformation only; not a proposed correction and not evidence of the canonical transcription.	ཀྱོང་ kyon
ཀྱོང	kyon	kyoṅ	ordinary_manual_review	unresolved	Mechanical string transformation only; not a proposed correction and not evidence of the canonical transcription.	ཀྱོང་ཀྱོང་ kyon kyon
ཀྱོང	kyon	kyoṅ	ordinary_manual_review	unresolved	Mechanical string transformation only; not a proposed correction and not evidence of the canonical transcription.	ཀྱོང་ཀྱོང་ kyon kyon
ཀྱོང	kyon	kyoṅ	ordinary_manual_review	unresolved	Mechanical string transformation only; not a proposed correction and not evidence of the canonical transcription.	ཀྱོང་བུ་ kyon bu ein Gerät, vgl. Ikyon mo.
ཀྲོང	gron	groṅ	ordinary_manual_review	unresolved	Mechanical string transformation only; not a proposed correction and not evidence of the canonical transcription.	ཀྲོང་སྤྲེའུ་ gron spre’u Bez. für Katze.
ཀླང	krun	kruṅ	ordinary_manual_review	unresolved	Mechanical string transformation only; not a proposed correction and not evidence of the canonical transcription.	ཀྲུང་ཀླང་ kruṅ krun \khrun khrun.
ཀླང	klon	kloṅ	ordinary_manual_review	unresolved	Mechanical string transformation only; not a proposed correction and not evidence of the canonical transcription.	ཀླང་ཆན་པ་” klon chen pa...
ཁང	khon	khoṅ	ordinary_manual_review	unresolved	Mechanical string transformation only; not a proposed correction and not evidence of the canonical transcription.	།ཁང་།ཁྲ་ khon khro auch khon khro ba Zorn,
ཁང	khon	khoṅ	ordinary_manual_review	unresolved	Mechanical string transformation only; not a proposed correction and not evidence of the canonical transcription.	།ཁང་སང་ khon sen auch khon sin, khon gsen
ཁང	khun	khuṅ	ordinary_manual_review	unresolved	Mechanical string transformation only; not a proposed correction and not evidence of the canonical transcription.	ཆཁྲ་།ཁང་ chab khun Abfluß, Toilette.
ཁང	than	thaṅ	ordinary_manual_review	unresolved	Mechanical string transformation only; not a proposed correction and not evidence of the canonical transcription.	ཁང་ཆོང་ than chod entschieden, entschlossen
ཁང	khun	khuṅ	ordinary_manual_review	unresolved	Mechanical string transformation only; not a proposed correction and not evidence of the canonical transcription.	ཁྲབ་།ཁང་ thab khun Feuerplatz, Herd.
ཁུང	Rhun	Rhuṅ	ordinary_manual_review	unresolved	Mechanical string transformation only; not a proposed correction and not evidence of the canonical transcription.	ཁུང་ཉལ་ Rhun nal.
ཁོང	Khon	Khoṅ	ordinary_manual_review	unresolved	Mechanical string transformation only; not a proposed correction and not evidence of the canonical transcription.	ཁོང་སྒྲིལ་ Khon sgril Fesseln.
གཅུང	geun	geuṅ	ordinary_manual_review	unresolved	Mechanical string transformation only; not a proposed correction and not evidence of the canonical transcription.	གཅུང་ geun
གཏང	gran	graṅ	ordinary_manual_review	unresolved	Mechanical string transformation only; not a proposed correction and not evidence of the canonical transcription.	གཏང་ gran
གཏང	gtin	gtiṅ	ordinary_manual_review	unresolved	Mechanical string transformation only; not a proposed correction and not evidence of the canonical transcription.	གཏང་ gtin Tiefe, Grund, Boden; ~ rin tief; ~
གཏང	gtin	gtiṅ	ordinary_manual_review	unresolved	Mechanical string transformation only; not a proposed correction and not evidence of the canonical transcription.	གཏང་དཔག་ gtin dpog fur. gtin dpag ergründen.
གཏང	gtin	gtiṅ	ordinary_manual_review	unresolved	Mechanical string transformation only; not a proposed correction and not evidence of the canonical transcription.	གཏང་སླེབས་ gtin slebs ergründen.
གཏང	gron	groṅ	ordinary_manual_review	unresolved	Mechanical string transformation only; not a proposed correction and not evidence of the canonical transcription.	གཏང་ཕགས་ gron phogs
གཏང	gton	gtoṅ	ordinary_manual_review	unresolved	Mechanical string transformation only; not a proposed correction and not evidence of the canonical transcription.	གཏང་ བའ ནོར་ gton ༼/¢'/7 nor Besitz der Frei-
གཏིང	gein	geiṅ	ordinary_manual_review	unresolved	Mechanical string transformation only; not a proposed correction and not evidence of the canonical transcription.	གཏིང་ཀློ་ gein klo
གདང	gdun	gduṅ	ordinary_manual_review	unresolved	Mechanical string transformation only; not a proposed correction and not evidence of the canonical transcription.	དྱངུལ་གདང་བརརྐྱད་ dnul gdun brgyad eine Kal-
གདང	gdun	gduṅ	ordinary_manual_review	unresolved	Mechanical string transformation only; not a proposed correction and not evidence of the canonical transcription.	རྗེས་གདང་ rjes gdun 1765 su gdun.
གདང	gdun	gduṅ	ordinary_manual_review	unresolved	Mechanical string transformation only; not a proposed correction and not evidence of the canonical transcription.	ཉེ་བར་གདང་བ་ fie bar gdun ba starke Schmer-
གདང	gdun	gduṅ	ordinary_manual_review	unresolved	Mechanical string transformation only; not a proposed correction and not evidence of the canonical transcription.	ཏལ་གདང་ tal gdun ein Balken.
གདུང	odun	oduṅ	ordinary_manual_review	unresolved	Mechanical string transformation only; not a proposed correction and not evidence of the canonical transcription.	"གདུང་ ""odun"
གྱང	gyun	gyuṅ	ordinary_manual_review	unresolved	Mechanical string transformation only; not a proposed correction and not evidence of the canonical transcription.	གྱང་རོ་ gyun ro hart, trocken; trockene Leiche.
གྲང	oran	oraṅ	ordinary_manual_review	unresolved	Mechanical string transformation only; not a proposed correction and not evidence of the canonical transcription.	གྲང་ཚལ་ oran tshal
གྲང	gron	groṅ	ordinary_manual_review	unresolved	Mechanical string transformation only; not a proposed correction and not evidence of the canonical transcription.	ཆུ་ཨུན་གྲང་ཏྱར་ chu srin gron khyer
གྲུང	glan	glaṅ	ordinary_manual_review	unresolved	Mechanical string transformation only; not a proposed correction and not evidence of the canonical transcription.	གྲུང་པོའི་རྒྱལ་པོ་ glan po’i rgyal po Bez. für den
གླང	gran	graṅ	ordinary_manual_review	unresolved	Mechanical string transformation only; not a proposed correction and not evidence of the canonical transcription.	གླང་ཁྲ་ gran ba.
གླང	gran	graṅ	ordinary_manual_review	unresolved	Mechanical string transformation only; not a proposed correction and not evidence of the canonical transcription.	གླང་རླང་ gran rlun eine Krankheit.
གླང	glin	gliṅ	ordinary_manual_review	unresolved	Mechanical string transformation only; not a proposed correction and not evidence of the canonical transcription.	གླང་ཕྲན་ glin phran.
གླེང	khan	khaṅ	ordinary_manual_review	unresolved	Mechanical string transformation only; not a proposed correction and not evidence of the canonical transcription.	'བྲེད་ཁྲས་ཁང་གླེང་ dag byed khrus khan glin
གློང	glon	gloṅ	ordinary_manual_review	unresolved	Mechanical string transformation only; not a proposed correction and not evidence of the canonical transcription.	གློང་ glon pf. !glons umrühren, aufwirbeln.
ང	klun	kluṅ	ordinary_manual_review	unresolved	Mechanical string transformation only; not a proposed correction and not evidence of the canonical transcription.	ང་ klun.
ང	klun	kluṅ	ordinary_manual_review	unresolved	Mechanical string transformation only; not a proposed correction and not evidence of the canonical transcription.	ང་རྟ་ klun rta; vgl. Irlun rta. — chin. ES i-ma
ང	ykan	ykaṅ	ordinary_manual_review	unresolved	Mechanical string transformation only; not a proposed correction and not evidence of the canonical transcription.	ང་སྙས།་ ykan skyes Bez. für Angehörige der un-
ང	rkon	rkoṅ	ordinary_manual_review	unresolved	Mechanical string transformation only; not a proposed correction and not evidence of the canonical transcription.	ང་བྲར་ rkon zor
ང	skun	skuṅ	ordinary_manual_review	unresolved	Mechanical string transformation only; not a proposed correction and not evidence of the canonical transcription.	ང་སླང་ skun skun verborgen, geheim.
ང	glin	gliṅ	ordinary_manual_review	unresolved	Mechanical string transformation only; not a proposed correction and not evidence of the canonical transcription.	ང་བཞི་ལྟེ་བ་ glin bźi Ite ba auch glin bZi’i Ite
ང	glin	gliṅ	ordinary_manual_review	unresolved	Mechanical string transformation only; not a proposed correction and not evidence of the canonical transcription.	ང་བཞི་ཌྡེགས་པ་ glin bźi ldegs pa Bez. für Erde
ང	gcon	gcoṅ	ordinary_manual_review	unresolved	Mechanical string transformation only; not a proposed correction and not evidence of the canonical transcription.	a ང་ཞེ་ gcon Zi Tcon Zi.
ང	lcan	lcaṅ	ordinary_manual_review	unresolved	Mechanical string transformation only; not a proposed correction and not evidence of the canonical transcription.	ང་ར * lcan rüid Weidenkätzchen.
ང	chan	chaṅ	ordinary_manual_review	unresolved	Mechanical string transformation only; not a proposed correction and not evidence of the canonical transcription.	"ང་ཅན"" chan can Weinbecher; vgl. chin. &"
ང	klon	kloṅ	ordinary_manual_review	unresolved	Mechanical string transformation only; not a proposed correction and not evidence of the canonical transcription.	EN བེངས་ཀོང་ང་བཤགས་ chos dbyins klon du
ང	stan	staṅ	ordinary_manual_review	unresolved	Mechanical string transformation only; not a proposed correction and not evidence of the canonical transcription.	ང་ཀྲེའ།” stan zil auch stans zil ein Mineral,
ང	thon	thoṅ	ordinary_manual_review	unresolved	Mechanical string transformation only; not a proposed correction and not evidence of the canonical transcription.	ང་ཐང་ thon thon
ང	bźin	bźiṅ	ordinary_manual_review	unresolved	Mechanical string transformation only; not a proposed correction and not evidence of the canonical transcription.	"""Ras ་ཀྱི ང་ངེ་འཛྲིནྒ་ de bźin nid kyi tin ne"
ཐང	lhan	lhaṅ	ordinary_manual_review	unresolved	Mechanical string transformation only; not a proposed correction and not evidence of the canonical transcription.	ཐང་ཆོད་ lhan chod
ཐང	thin	thiṅ	ordinary_manual_review	unresolved	Mechanical string transformation only; not a proposed correction and not evidence of the canonical transcription.	ཐང་ཤང་ thin sin ein blauer Farbstoff.
ཐང	thon	thoṅ	ordinary_manual_review	unresolved	Mechanical string transformation only; not a proposed correction and not evidence of the canonical transcription.	ང་ཐང་ thon thon
དཔང	dban	dbaṅ	ordinary_manual_review	unresolved	Mechanical string transformation only; not a proposed correction and not evidence of the canonical transcription.	དགའ་རབ་དཔང་རམྱག་ dga’ rab dban phyug
དུང	drun	druṅ	ordinary_manual_review	unresolved	Mechanical string transformation only; not a proposed correction and not evidence of the canonical transcription.	ཐོག་དུང་ thog drun hoch und niedrig; Höhe.
ཕྱང	byan	byaṅ	ordinary_manual_review	unresolved	Mechanical string transformation only; not a proposed correction and not evidence of the canonical transcription.	།ཁ་ཕྱང་བ་ kha byan ba
ཕྱིང	pyih	pyiṅ	ordinary_manual_review	unresolved	Mechanical string transformation only; not a proposed correction and not evidence of the canonical transcription.	ཕྱིང་ pyih lphyin.
བང	Rhan	Rhaṅ	ordinary_manual_review	unresolved	Mechanical string transformation only; not a proposed correction and not evidence of the canonical transcription.	།བང་བྱུ་ Rhan bu Häuschen, kleine Behausung.
བང	khan	khaṅ	ordinary_manual_review	unresolved	Mechanical string transformation only; not a proposed correction and not evidence of the canonical transcription.	།བང་རྩ་ khan rtsa
བང	khan	khaṅ	ordinary_manual_review	unresolved	Mechanical string transformation only; not a proposed correction and not evidence of the canonical transcription.	།བང་རྩ་ * khan rtsa Fundament, Grundmauer.
བང	khan	khaṅ	ordinary_manual_review	unresolved	Mechanical string transformation only; not a proposed correction and not evidence of the canonical transcription.	།བང་སྲངས་ khan sruns Haushälterin.
བང	than	thaṅ	ordinary_manual_review	unresolved	Mechanical string transformation only; not a proposed correction and not evidence of the canonical transcription.	བང་ཉོ།། than mo eine Gruppe von Gottheiten.
བང	thun	thuṅ	ordinary_manual_review	unresolved	Mechanical string transformation only; not a proposed correction and not evidence of the canonical transcription.	Dämonen besessen sein. བང་ thun alttib. auch thune kurz, klein sein; ༡
བང	byun	byuṅ	ordinary_manual_review	unresolved	Mechanical string transformation only; not a proposed correction and not evidence of the canonical transcription.	"བང་སྔོང་ ""byun son Einkünfte und Ausgaben."
བཏང	btun	btuṅ	ordinary_manual_review	unresolved	Mechanical string transformation only; not a proposed correction and not evidence of the canonical transcription.	བཏང་ btun
བཏང	btun	btuṅ	ordinary_manual_review	unresolved	Mechanical string transformation only; not a proposed correction and not evidence of the canonical transcription.	བཏང་ btun fur. zu 1⁄7//0)//) trinken; ༡༨ ba Ge-
བཏུང	btin	btiṅ	ordinary_manual_review	unresolved	Mechanical string transformation only; not a proposed correction and not evidence of the canonical transcription.	བཏུང btin auch btins pf. zu \’din ausbreiten,
བིང	thin	thiṅ	ordinary_manual_review	unresolved	Mechanical string transformation only; not a proposed correction and not evidence of the canonical transcription.	བིང་ ཡུག་ thin yug eine hohe Zahl.
བོང	thon	thoṅ	ordinary_manual_review	unresolved	Mechanical string transformation only; not a proposed correction and not evidence of the canonical transcription.	ཐོང་བོང་ thon thon Lebensalter; jugendlich.
བོང	thon	thoṅ	ordinary_manual_review	unresolved	Mechanical string transformation only; not a proposed correction and not evidence of the canonical transcription.	བོང་མི་ཁྲ་ thon mi ba.
བྲང	bzan	bzaṅ	ordinary_manual_review	unresolved	Mechanical string transformation only; not a proposed correction and not evidence of the canonical transcription.	སྟོབས་བྲང་ལྷ་མོ་ stobs bzan lba mo Beiname
མངང	mdun	mduṅ	ordinary_manual_review	unresolved	Mechanical string transformation only; not a proposed correction and not evidence of the canonical transcription.	སྒྲོ་མངང་ sgro mdun eine Waffe.
མདང	mdon	mdoṅ	ordinary_manual_review	unresolved	Mechanical string transformation only; not a proposed correction and not evidence of the canonical transcription.	ཇ་མདང་ ja mdon auch ja ldon Butterfaß, um
མདང	mdun	mduṅ	ordinary_manual_review	unresolved	Mechanical string transformation only; not a proposed correction and not evidence of the canonical transcription.	རྟེན་མདང་ rten mdun Lanze für ein Medium
མདང	mdun	mduṅ	ordinary_manual_review	unresolved	Mechanical string transformation only; not a proposed correction and not evidence of the canonical transcription.	ཐག་མདང་ thag mdun Wurfspieß.
མོང	dban	dbaṅ	ordinary_manual_review	unresolved	Mechanical string transformation only; not a proposed correction and not evidence of the canonical transcription.	མ།ཁའ་མོང་ངཔང་ལོ་ mkha’ spyod dban po Beina-
མོང	thun	thuṅ	ordinary_manual_review	unresolved	Mechanical string transformation only; not a proposed correction and not evidence of the canonical transcription.	"ཐུན་མོང་ EN"" thun mon chos."
ཝང	ldan	ldaṅ	ordinary_manual_review	unresolved	Mechanical string transformation only; not a proposed correction and not evidence of the canonical transcription.	མངོན་དྭ་ཝང་བ་ mnon du ldan ba ehrerbietiges
འགྱང	byun	byuṅ	ordinary_manual_review	unresolved	Mechanical string transformation only; not a proposed correction and not evidence of the canonical transcription.	"ངེས་པར་འགྱང་ nes par ""byun"
འཆང	bzun	bzuṅ	ordinary_manual_review	unresolved	Mechanical string transformation only; not a proposed correction and not evidence of the canonical transcription.	འཆང་བཟུང་ (9) bzun Tchan bzun.
འདྲེང	drin	driṅ	ordinary_manual_review	unresolved	Mechanical string transformation only; not a proposed correction and not evidence of the canonical transcription.	གློ་བ་འདྲེང་ glo ba ’drin unloyal, untreu sein;
འཕུང	dpun	dpuṅ	ordinary_manual_review	unresolved	Mechanical string transformation only; not a proposed correction and not evidence of the canonical transcription.	དམག་འཕུང་ Tdmag dpun.
འབུང	thun	thuṅ	ordinary_manual_review	unresolved	Mechanical string transformation only; not a proposed correction and not evidence of the canonical transcription.	རྐང་འབུང་ rkaṅ ’thun auch rkan thun „Fußtrin-
འབུང	thun	thuṅ	ordinary_manual_review	unresolved	Mechanical string transformation only; not a proposed correction and not evidence of the canonical transcription.	ཁྱད་པར་འབུང་ khyad par ’thun Bez. für Mond.
འབུང	thun	thuṅ	ordinary_manual_review	unresolved	Mechanical string transformation only; not a proposed correction and not evidence of the canonical transcription.	ཆུ་འབུང་ chu ’thun.
འབུང	thun	thuṅ	ordinary_manual_review	unresolved	Mechanical string transformation only; not a proposed correction and not evidence of the canonical transcription.	སྟིང་འབུང་ sten thun Bez. für Wasserlilie; -
འབུང	byun	byuṅ	ordinary_manual_review	unresolved	Mechanical string transformation only; not a proposed correction and not evidence of the canonical transcription.	"འབུང་བཞི་ ""byun bäi auch 'byun ba bäi die vier"
འབྲང	bren	breṅ	ordinary_manual_review	unresolved	Mechanical string transformation only; not a proposed correction and not evidence of the canonical transcription.	རྫཾས་སུ་འབྲང་ rjes su bren Trjes su ’bran.
འབྲང	byun	byuṅ	ordinary_manual_review	unresolved	Mechanical string transformation only; not a proposed correction and not evidence of the canonical transcription.	"བདད་རྩེའི་འབྲང་གནས་ bdud risi'i ""byun gnas"
འབྲེང	then	theṅ	ordinary_manual_review	unresolved	Mechanical string transformation only; not a proposed correction and not evidence of the canonical transcription.	འབྲེང་མ་ ’then ma lahm.
རྐང	bran	braṅ	ordinary_manual_review	unresolved	Mechanical string transformation only; not a proposed correction and not evidence of the canonical transcription.	བའུ་བང་རྐང་གཅུག་ lhe u bran rkan geig ein für
རྐྱང	Ryan	Ryaṅ	ordinary_manual_review	unresolved	Mechanical string transformation only; not a proposed correction and not evidence of the canonical transcription.	རྐྱང་ཟླ་ Ryan zla.
རྟིང	yein	yeiṅ	ordinary_manual_review	unresolved	Mechanical string transformation only; not a proposed correction and not evidence of the canonical transcription.	རྟིང་འབྲང་བ་ yein ’braṅ ba
རྨང	rlun	rluṅ	ordinary_manual_review	unresolved	Mechanical string transformation only; not a proposed correction and not evidence of the canonical transcription.	ཐལ་རྨང་ thal rlun Sandsturm.
ལྔང	ljan	ljaṅ	ordinary_manual_review	unresolved	Mechanical string transformation only; not a proposed correction and not evidence of the canonical transcription.	འཇམ་ལྔང་འདབ་ལྡན་ am ljan ’dab ldan Bez. für
ལྕང	lcun	lcuṅ	ordinary_manual_review	unresolved	Mechanical string transformation only; not a proposed correction and not evidence of the canonical transcription.	ལྕང་མོ་ lcun mo Fingerhut.
ལྗང	ljan	ljaṅ	ordinary_manual_review	unresolved	Mechanical string transformation only; not a proposed correction and not evidence of the canonical transcription.	ལྗང་ཚགས་ ljan tshags Sieb.
ལྗང	ljan	ljaṅ	ordinary_manual_review	unresolved	Mechanical string transformation only; not a proposed correction and not evidence of the canonical transcription.	དྲུག་མར་ལྗང་ drug mar ljan
ལྗང	ljan	ljaṅ	ordinary_manual_review	unresolved	Mechanical string transformation only; not a proposed correction and not evidence of the canonical transcription.	དྲུག་མར་ལྗང་ drug mar ljan Ocker; Laberitum
སང	srun	sruṅ	ordinary_manual_review	unresolved	Mechanical string transformation only; not a proposed correction and not evidence of the canonical transcription.	ངོ་སང་ no srun pf. und fut. ro bsrun jmdm.
སང	sran	sraṅ	ordinary_manual_review	unresolved	Mechanical string transformation only; not a proposed correction and not evidence of the canonical transcription.	དྭྱངལ་སང་ drul sran
སང	sran	sraṅ	ordinary_manual_review	unresolved	Mechanical string transformation only; not a proposed correction and not evidence of the canonical transcription.	དྭངལ་སང་ dnul sran eine Währung.
སྔོང	sdon	sdoṅ	ordinary_manual_review	unresolved	Mechanical string transformation only; not a proposed correction and not evidence of the canonical transcription.	སྐྱེ་སྔོང་ skye sdon ein Baum.
སྔོང	sdon	sdoṅ	ordinary_manual_review	unresolved	Mechanical string transformation only; not a proposed correction and not evidence of the canonical transcription.	མཆོད་སྔོང་ mchod sdon
སྔོང	sdon	sdoṅ	ordinary_manual_review	unresolved	Mechanical string transformation only; not a proposed correction and not evidence of the canonical transcription.	མཆོད་སྔོང་ mchod sdon.
སྔོང	sdon	sdoṅ	ordinary_manual_review	unresolved	Mechanical string transformation only; not a proposed correction and not evidence of the canonical transcription.	མཆོད་སྔོང་ཅན་ mchod sdon can
སྔོང	sdon	sdoṅ	ordinary_manual_review	unresolved	Mechanical string transformation only; not a proposed correction and not evidence of the canonical transcription.	མཆོད་སྔོང་ཅན་ mchod sdon can Bez. für Was-
སྔོང	ston	stoṅ	ordinary_manual_review	unresolved	Mechanical string transformation only; not a proposed correction and not evidence of the canonical transcription.	སྔོང་བརང་འྲཆི་བདག་ ston bdud ’chi bdag eine
སྙང	shan	shaṅ	ordinary_manual_review	unresolved	Mechanical string transformation only; not a proposed correction and not evidence of the canonical transcription.	སྙང་སྙོང་ shan sion sinnlos, 111111061༽༣61110,
སྙིང	shin	shiṅ	ordinary_manual_review	unresolved	Mechanical string transformation only; not a proposed correction and not evidence of the canonical transcription.	དགེ་བའི་སྙིང་པོ་ dge ba’i shin po
སྙིང	shin	shiṅ	ordinary_manual_review	unresolved	Mechanical string transformation only; not a proposed correction and not evidence of the canonical transcription.	ཆེད་སྙིང་ ched shin
སྙིང	shin	shiṅ	ordinary_manual_review	unresolved	Mechanical string transformation only; not a proposed correction and not evidence of the canonical transcription.	མཇུག་སྙིང་ mjug shin
སྙིང	snin	sniṅ	ordinary_manual_review	unresolved	Mechanical string transformation only; not a proposed correction and not evidence of the canonical transcription.	སྙིང་ཀ་ snin ka Isnin ga.
སྙིང	snin	sniṅ	ordinary_manual_review	unresolved	Mechanical string transformation only; not a proposed correction and not evidence of the canonical transcription.	སྙིང་གི་ཡན་ལག་འགྲམས་ snin gi yan lag ’grams
སྙིང	snin	sniṅ	ordinary_manual_review	unresolved	Mechanical string transformation only; not a proposed correction and not evidence of the canonical transcription.	སྙིང་འཐིབས་པ་ snin ’thibs pa verwirrt, betrübt.
སྙིང	snin	sniṅ	ordinary_manual_review	unresolved	Mechanical string transformation only; not a proposed correction and not evidence of the canonical transcription.	སྙིང་གདོས་ snin gdos {.5/7//? sdos
སྙིང	szin	sziṅ	ordinary_manual_review	unresolved	Mechanical string transformation only; not a proposed correction and not evidence of the canonical transcription.	སྙིང་ཕྲ་ང་ szin phur vollkommen, eindringlich
སྙིང	sAin	sAiṅ	ordinary_manual_review	unresolved	Mechanical string transformation only; not a proposed correction and not evidence of the canonical transcription.	སྙིང་ལས་ sAin las Sorge.
སྙིང	sAin	sAiṅ	ordinary_manual_review	unresolved	Mechanical string transformation only; not a proposed correction and not evidence of the canonical transcription.	སྙིང་ཤ་ sAin śa das Organ Herz.
སྙིང	sien	sieṅ	ordinary_manual_review	unresolved	Mechanical string transformation only; not a proposed correction and not evidence of the canonical transcription.	སྙིང་ 'sien auch $)76/75 pf. Ibsnens fur. Ibsäen
སྙིང	shin	shiṅ	ordinary_manual_review	unresolved	Mechanical string transformation only; not a proposed correction and not evidence of the canonical transcription.	འཐབ་སྙིང་ 'thab shin geübt.
སྲིང	shin	shiṅ	ordinary_manual_review	unresolved	Mechanical string transformation only; not a proposed correction and not evidence of the canonical transcription.	མ་མགོ་ཀགྲང་སྲིང་ dom mgo glan shin eine füh-
སླང	skun	skuṅ	ordinary_manual_review	unresolved	Mechanical string transformation only; not a proposed correction and not evidence of the canonical transcription.	ང་སླང་ skun skun verborgen, geheim.
སླང	span	spaṅ	ordinary_manual_review	unresolved	Mechanical string transformation only; not a proposed correction and not evidence of the canonical transcription.	གབ་སླང་ gab span [arch.] Gebälk, Abschluß-
སློང	sgon	sgoṅ	ordinary_manual_review	unresolved	Mechanical string transformation only; not a proposed correction and not evidence of the canonical transcription.	མབར་སློང་ mkhar sgon
ཀེང	ken	keṅ	ordinary_manual_review	unresolved	Mechanical string transformation only; not a proposed correction and not evidence of the canonical transcription.	ཀེང་ཙེ་ལན་མེད་ ken tse lan med
ཀེང	ken	keṅ	ordinary_manual_review	unresolved	Mechanical string transformation only; not a proposed correction and not evidence of the canonical transcription.	ཀེང་ཙེ་ལན་མེད་ ken tse lan med N. einer Phya-
ཀེང	ken	keṅ	ordinary_manual_review	unresolved	Mechanical string transformation only; not a proposed correction and not evidence of the canonical transcription.	ཀེང་རུས་ ken rus
ཀེང	ken	keṅ	ordinary_manual_review	unresolved	Mechanical string transformation only; not a proposed correction and not evidence of the canonical transcription.	ཀེང་རུས་ ken rus Knochen, Gebeine, Gerippe,
ཀེང	ken	keṅ	ordinary_manual_review	unresolved	Mechanical string transformation only; not a proposed correction and not evidence of the canonical transcription.	ཀེང་རུས་དཀར་མོ་ ken rus dkar mo „weißes Ske-
ཀེང	ken	keṅ	ordinary_manual_review	unresolved	Mechanical string transformation only; not a proposed correction and not evidence of the canonical transcription.	ཀེང་རུས་ཅན་ ken rus can npr. „mit einem Skelett
ཀེང	ken	keṅ	ordinary_manual_review	unresolved	Mechanical string transformation only; not a proposed correction and not evidence of the canonical transcription.	ཀེང་རུས་ཆེན་པོ་ ken rus chen po „großes Skelett“,
ཀེང	ken	keṅ	ordinary_manual_review	unresolved	Mechanical string transformation only; not a proposed correction and not evidence of the canonical transcription.	ཀེང་ཤི་ ken si tkin %.
ཀེང	ken	keṅ	ordinary_manual_review	unresolved	Mechanical string transformation only; not a proposed correction and not evidence of the canonical transcription.	ཀེང་ཤུ་ཀ་ ken Su ka Tkin Su ka.
ཀེང	ken	keṅ	ordinary_manual_review	unresolved	Mechanical string transformation only; not a proposed correction and not evidence of the canonical transcription.	ཀེང་ཤེ་ ken se Tkin 7.
ཀེང	ken	keṅ	ordinary_manual_review	unresolved	Mechanical string transformation only; not a proposed correction and not evidence of the canonical transcription.	ཅང་ཀེང་ caṅ ken
ཀེང	ken	keṅ	ordinary_manual_review	unresolved	Mechanical string transformation only; not a proposed correction and not evidence of the canonical transcription.	ཅང་ཀེང་ can ken die chin. Regierungsdevise &
ཀོང	gon	goṅ	ordinary_manual_review	unresolved	Mechanical string transformation only; not a proposed correction and not evidence of the canonical transcription.	ཀོང་ད་འཕེལ་ gon du ’phel sich verbreiten, zu-
ཀོང	gon	goṅ	ordinary_manual_review	unresolved	Mechanical string transformation only; not a proposed correction and not evidence of the canonical transcription.	ཀོང་མ་སྲེག་ gon ma sreg ein Vogel, Rebhuhn.
ཀོང	gon	goṅ	ordinary_manual_review	unresolved	Mechanical string transformation only; not a proposed correction and not evidence of the canonical transcription.	ཀོང་མོ་ gon mo ein Vogel.
ཀོང	gon	goṅ	ordinary_manual_review	unresolved	Mechanical string transformation only; not a proposed correction and not evidence of the canonical transcription.	ཀོང་རྩེ་ gon rtse Kragen.
ཀོང	gon	goṅ	ordinary_manual_review	unresolved	Mechanical string transformation only; not a proposed correction and not evidence of the canonical transcription.	ཀོང་ལེན་ gon len
ཀོང	gon	goṅ	ordinary_manual_review	unresolved	Mechanical string transformation only; not a proposed correction and not evidence of the canonical transcription.	ཀོང་ལེན་ gon len Trophäe.
ཀོང	gon	goṅ	ordinary_manual_review	unresolved	Mechanical string transformation only; not a proposed correction and not evidence of the canonical transcription.	ཀོང་སེལ་ gon sel ein Ritual.
ཀོང	gon	goṅ	ordinary_manual_review	unresolved	Mechanical string transformation only; not a proposed correction and not evidence of the canonical transcription.	ཀྲཁ།་ཀོང་ thal gon der Bereich zwischen den
ཁང	kan	kaṅ	ordinary_manual_review	unresolved	Mechanical string transformation only; not a proposed correction and not evidence of the canonical transcription.	ཁང་ཁུང་ kan khuṅ
གང	gun	guṅ	ordinary_manual_review	unresolved	Mechanical string transformation only; not a proposed correction and not evidence of the canonical transcription.	གང་བྲང་ gun than npr. eine Gegend in mÑa’-
གང	gun	guṅ	ordinary_manual_review	unresolved	Mechanical string transformation only; not a proposed correction and not evidence of the canonical transcription.	གང་ལོ་ gun lo Ydgun 2.
གང	gon	goṅ	ordinary_manual_review	unresolved	Mechanical string transformation only; not a proposed correction and not evidence of the canonical transcription.	གང་སྐར་ gon skor
གཏང	gun	guṅ	ordinary_manual_review	unresolved	Mechanical string transformation only; not a proposed correction and not evidence of the canonical transcription.	གཏང་དཔག་ gun dpag fur. zu gti dpog_ er-
གདུང	gun	guṅ	ordinary_manual_review	unresolved	Mechanical string transformation only; not a proposed correction and not evidence of the canonical transcription.	སྐུ་གདུང་ sh gun.
གདོང	can	caṅ	ordinary_manual_review	unresolved	Mechanical string transformation only; not a proposed correction and not evidence of the canonical transcription.	རྟ་ཡི་གདོང་ཅན་ rta ༡// gdon can Trta gdon can.
གཞུང	gun	guṅ	ordinary_manual_review	unresolved	Mechanical string transformation only; not a proposed correction and not evidence of the canonical transcription.	ཁྲེལ་གཞུང་ khrel gun \khrel.
ང	kan	kaṅ	ordinary_manual_review	unresolved	Mechanical string transformation only; not a proposed correction and not evidence of the canonical transcription.	ང་ཀ་ནག་ག་ཀ་བཅཙན་ kan ka nag gi klu btsan eine
ང	kun	kuṅ	ordinary_manual_review	unresolved	Mechanical string transformation only; not a proposed correction and not evidence of the canonical transcription.	ང་ས་ kun sa divin., einer der vier bzw. fünf gro-
ང	kon	koṅ	ordinary_manual_review	unresolved	Mechanical string transformation only; not a proposed correction and not evidence of the canonical transcription.	ང་ཚོ་ kon tsho eine Schule, die von śab-rtse im
ང	gan	gaṅ	ordinary_manual_review	unresolved	Mechanical string transformation only; not a proposed correction and not evidence of the canonical transcription.	ང་ཁོ་སྦིས། བྲེང་ gan po skem byed Beiname des
ང	dan	daṅ	ordinary_manual_review	unresolved	Mechanical string transformation only; not a proposed correction and not evidence of the canonical transcription.	ང་པོའི་རྫལ་རྨན་ dan po’ rdul can Bez. für
ངང	dun	duṅ	ordinary_manual_review	unresolved	Mechanical string transformation only; not a proposed correction and not evidence of the canonical transcription.	ཁྲིམས་ངང་ khrims dun
ངང	dun	duṅ	ordinary_manual_review	unresolved	Mechanical string transformation only; not a proposed correction and not evidence of the canonical transcription.	ཁྲིམས་ངང་ khrims dun ein bei Gericht geblase-
ངང	nan	naṅ	ordinary_manual_review	unresolved	Mechanical string transformation only; not a proposed correction and not evidence of the canonical transcription.	འགྲོ་བའི་ངང་ཚུལ་ gro ba’i nan tshul Bez. für
ངང	nan	naṅ	ordinary_manual_review	unresolved	Mechanical string transformation only; not a proposed correction and not evidence of the canonical transcription.	ངང་སྐྱ་ nan skya isabellfarben, weißlich.
ངང	nan	naṅ	ordinary_manual_review	unresolved	Mechanical string transformation only; not a proposed correction and not evidence of the canonical transcription.	ངང་འགྲོས་ nan ’gros Bez. eines rituellen Tan-
ངང	nan	naṅ	ordinary_manual_review	unresolved	Mechanical string transformation only; not a proposed correction and not evidence of the canonical transcription.	ངང་ཐག་བསྲིང་ nan thag bsrin fut. ertragen.
ངང	man	maṅ	ordinary_manual_review	unresolved	Mechanical string transformation only; not a proposed correction and not evidence of the canonical transcription.	ངང་པ་ man pa
ངང	nan	naṅ	ordinary_manual_review	unresolved	Mechanical string transformation only; not a proposed correction and not evidence of the canonical transcription.	ངང་འཐེན་ nan ’then Aufschub, Verzögerung.
ངང	nan	naṅ	ordinary_manual_review	unresolved	Mechanical string transformation only; not a proposed correction and not evidence of the canonical transcription.	ངང་པ་ཅན་ nan pa can
ངང	nah	naṅ	ordinary_manual_review	unresolved	Mechanical string transformation only; not a proposed correction and not evidence of the canonical transcription.	ངང་པའི་རྐང་པ་ nah pa’ rkaṅ pa Bez. für
ངང	man	maṅ	ordinary_manual_review	unresolved	Mechanical string transformation only; not a proposed correction and not evidence of the canonical transcription.	ངང་པའི་ཁ་ཉོ། man pa’i bu mo Beiname der
ངང	nan	naṅ	ordinary_manual_review	unresolved	Mechanical string transformation only; not a proposed correction and not evidence of the canonical transcription.	ངང་པའི་བཞོན་པ་ nan pa’i bon pa Beiname des
ངང	nan	naṅ	ordinary_manual_review	unresolved	Mechanical string transformation only; not a proposed correction and not evidence of the canonical transcription.	ངང་པའི་ཤིང་རྟ་ nan pa’i siṅ rta Beiname des
ངང	nan	naṅ	ordinary_manual_review	unresolved	Mechanical string transformation only; not a proposed correction and not evidence of the canonical transcription.	ངང་བསིངས་ nan bsrins
ངང	nan	naṅ	ordinary_manual_review	unresolved	Mechanical string transformation only; not a proposed correction and not evidence of the canonical transcription.	ངང་ཞེར་ nan Zur isabellfarbenes Pferd bzw.
ངང	nan	naṅ	ordinary_manual_review	unresolved	Mechanical string transformation only; not a proposed correction and not evidence of the canonical transcription.	ངང་སེར་ nan ser.
ངང	nan	naṅ	ordinary_manual_review	unresolved	Mechanical string transformation only; not a proposed correction and not evidence of the canonical transcription.	ངང་བསིང་ nan bsrin fut. verlängern, hinaus-
ངང	nan	naṅ	ordinary_manual_review	unresolved	Mechanical string transformation only; not a proposed correction and not evidence of the canonical transcription.	ངང་བསིངས་ nan bsrins pf. verlängern, hinaus-
ངང	nan	naṅ	ordinary_manual_review	unresolved	Mechanical string transformation only; not a proposed correction and not evidence of the canonical transcription.	དུམ་བུའི་ངང་ཚུལ་ dum bu’i nan tshul eine sinn-
ཅང	con	coṅ	ordinary_manual_review	unresolved	Mechanical string transformation only; not a proposed correction and not evidence of the canonical transcription.	"ཅང"" con 27 auch cun Zi, con Zu, gcon Zı ein"
ཉུང	run	ruṅ	ordinary_manual_review	unresolved	Mechanical string transformation only; not a proposed correction and not evidence of the canonical transcription.	ཁ་ཉུང་ kha run wortkarg.
ཉུང	nun	nuṅ	ordinary_manual_review	unresolved	Mechanical string transformation only; not a proposed correction and not evidence of the canonical transcription.	ཉུང་ཀར་ nun kar [/7//77.4 kar.
ཏང	tin	tiṅ	ordinary_manual_review	unresolved	Mechanical string transformation only; not a proposed correction and not evidence of the canonical transcription.	ཆུ་ཏང་རན chu tin ron npr. eine Nägini.
ཏང	tin	tiṅ	ordinary_manual_review	unresolved	Mechanical string transformation only; not a proposed correction and not evidence of the canonical transcription.	ཏང་གོར་ tin gor Melasse, die in einer Schale in
ཏང	tin	tiṅ	ordinary_manual_review	unresolved	Mechanical string transformation only; not a proposed correction and not evidence of the canonical transcription.	ཏང་ཏང་ tin tin (0110111, ein Laut.
ཏང	tin	tiṅ	ordinary_manual_review	unresolved	Mechanical string transformation only; not a proposed correction and not evidence of the canonical transcription.	ཏང་ཏང་ tin tin (0110111, ein Laut.
ཏང	tin	tiṅ	ordinary_manual_review	unresolved	Mechanical string transformation only; not a proposed correction and not evidence of the canonical transcription.	ཏང་ཏང་མ་ tin tin ma ein Vogel.
ཏང	tin	tiṅ	ordinary_manual_review	unresolved	Mechanical string transformation only; not a proposed correction and not evidence of the canonical transcription.	ཏང་ཏང་མ་ tin tin ma ein Vogel.
ཏང	tin	tiṅ	ordinary_manual_review	unresolved	Mechanical string transformation only; not a proposed correction and not evidence of the canonical transcription.	ཏང་ཏང་ཤགས་ tin tin Sags 1///7 6:95.
ཏང	tin	tiṅ	ordinary_manual_review	unresolved	Mechanical string transformation only; not a proposed correction and not evidence of the canonical transcription.	ཏང་ཏང་ཤགས་ tin tin Sags 1///7 6:95.
ཏང	tin	tiṅ	ordinary_manual_review	unresolved	Mechanical string transformation only; not a proposed correction and not evidence of the canonical transcription.	ཏང་ནམ་ tin nam Zi. Wasser, Ozean.
ཏང	tin	tiṅ	ordinary_manual_review	unresolved	Mechanical string transformation only; not a proposed correction and not evidence of the canonical transcription.	ཏང་ནམ་རྒྱལ་མོ་ tin nam rgyal mo npr. eine
ཏང	tin	tiṅ	ordinary_manual_review	unresolved	Mechanical string transformation only; not a proposed correction and not evidence of the canonical transcription.	ཏང་འཛན་ tin 7/7//7 Yiin ne 'dzin.
ཏང	tin	tiṅ	ordinary_manual_review	unresolved	Mechanical string transformation only; not a proposed correction and not evidence of the canonical transcription.	ཏང་ཤ་ tin so
ཏིང	tun	tuṅ	ordinary_manual_review	unresolved	Mechanical string transformation only; not a proposed correction and not evidence of the canonical transcription.	ཏིང་ངེ་འཛིན་་ tun ne ’dzin ...
དང	dun	duṅ	ordinary_manual_review	unresolved	Mechanical string transformation only; not a proposed correction and not evidence of the canonical transcription.	དགན་དང་ dgun dun \dgon dun.
དང	dun	duṅ	ordinary_manual_review	unresolved	Mechanical string transformation only; not a proposed correction and not evidence of the canonical transcription.	དགོན་དང་ dgon dun auch ~ can, dgun dun can
དང	dun	duṅ	ordinary_manual_review	unresolved	Mechanical string transformation only; not a proposed correction and not evidence of the canonical transcription.	རྒྱ་མཚོའི་དང་ྲེང་ rgya mtsho’i dun phren Bez.
དང	dun	duṅ	ordinary_manual_review	unresolved	Mechanical string transformation only; not a proposed correction and not evidence of the canonical transcription.	སྒྲ་སྐྱེད་ཀློག་དང་ ཡའ a skyed glog dun Lautspre-
དང	dun	duṅ	ordinary_manual_review	unresolved	Mechanical string transformation only; not a proposed correction and not evidence of the canonical transcription.	བྱྱ་བྱིན་དང་ brgya byin dun nach rechts ge-
ཕང	pan	paṅ	ordinary_manual_review	unresolved	Mechanical string transformation only; not a proposed correction and not evidence of the canonical transcription.	"མ་ཕང་ ""ma pan feine Spindel."
བཟུང	von	voṅ	ordinary_manual_review	unresolved	Mechanical string transformation only; not a proposed correction and not evidence of the canonical transcription.	ད་གཟོད་ནས་བཟུང་ dagzod nas bzuṅ von nun an.
མང	mon	moṅ	ordinary_manual_review	unresolved	Mechanical string transformation only; not a proposed correction and not evidence of the canonical transcription.	མཐུན་མང་ mthun mon །[//)//?2 mon.
ཞང	Zin	Ziṅ	ordinary_manual_review	unresolved	Mechanical string transformation only; not a proposed correction and not evidence of the canonical transcription.	ཆུ ཞང་ chu Zin Reisfeld.
འགང	gah	gaṅ	ordinary_manual_review	unresolved	Mechanical string transformation only; not a proposed correction and not evidence of the canonical transcription.	དིང་འགང་ din ’'gah (zw.) Filztuch; vgl. Igdin
ཡང	nun	nuṅ	ordinary_manual_review	unresolved	Mechanical string transformation only; not a proposed correction and not evidence of the canonical transcription.	ད་ཡང་ dayan nun; auch jetzt, auch jetzt noch;
རྐང	ran	raṅ	ordinary_manual_review	unresolved	Mechanical string transformation only; not a proposed correction and not evidence of the canonical transcription.	རྐང་དྲུག་ ran ing ep
ལང	lin	liṅ	ordinary_manual_review	unresolved	Mechanical string transformation only; not a proposed correction and not evidence of the canonical transcription.	མག་ལང་ go lin.
ལྔང	lan	laṅ	ordinary_manual_review	unresolved	Mechanical string transformation only; not a proposed correction and not evidence of the canonical transcription.	ལྔང་སེར་ཅན་ lan ser can Bez. für Dürvä-Gras.
ལྗང	han	haṅ	ordinary_manual_review	unresolved	Mechanical string transformation only; not a proposed correction and not evidence of the canonical transcription.	སྒྲོ་ལྗང་ sgro han Papagei.
ལྗང	han	haṅ	ordinary_manual_review	unresolved	Mechanical string transformation only; not a proposed correction and not evidence of the canonical transcription.	ལྗང་ཁ་ han khn.
ལྗང	han	haṅ	ordinary_manual_review	unresolved	Mechanical string transformation only; not a proposed correction and not evidence of the canonical transcription.	ལྗང་ལྔོའི་བུ་ han sho’i bu
ལྗང	han	haṅ	ordinary_manual_review	unresolved	Mechanical string transformation only; not a proposed correction and not evidence of the canonical transcription.	ལྗང་ཡུལ་ han yul jan.
ལྗང	han	haṅ	ordinary_manual_review	unresolved	Mechanical string transformation only; not a proposed correction and not evidence of the canonical transcription.	ལྗང་ལོ་ han lo alttib. für t/can lo 2 Haarlocke.
ལྤང	bon	boṅ	ordinary_manual_review	unresolved	Mechanical string transformation only; not a proposed correction and not evidence of the canonical transcription.	ཕ་ལྤང་ phpha bon.
ཤང	Sin	Siṅ	ordinary_manual_review	unresolved	Mechanical string transformation only; not a proposed correction and not evidence of the canonical transcription.	རྒྱངས ཤང་ rgyans Sin ein Werkzeug zum Be-
ཤང	Sun	Suṅ	ordinary_manual_review	unresolved	Mechanical string transformation only; not a proposed correction and not evidence of the canonical transcription.	ཅང་འེ་ཤང་ can ’e Sun npr.
ཤང	Sin	Siṅ	ordinary_manual_review	unresolved	Mechanical string transformation only; not a proposed correction and not evidence of the canonical transcription.	ཆུ་ཤང་ ch Sin.
ཤང	Sin	Siṅ	ordinary_manual_review	unresolved	Mechanical string transformation only; not a proposed correction and not evidence of the canonical transcription.	ཆུ་ཤང་ཆ cha Sin ma.
ཤང	Sin	Siṅ	ordinary_manual_review	unresolved	Mechanical string transformation only; not a proposed correction and not evidence of the canonical transcription.	ཉ མའ་ཤང་ ni ma’ Sin eine Pflanze.
ཤང	Sin	Siṅ	ordinary_manual_review	unresolved	Mechanical string transformation only; not a proposed correction and not evidence of the canonical transcription.	གཉའ་ཤང་གང་ཅམ་ལྟ་བ་ gia’ Sin gaṅ tsam lta ba
ཤེང	sen	seṅ	ordinary_manual_review	unresolved	Mechanical string transformation only; not a proposed correction and not evidence of the canonical transcription.	ཀམ་ཤེང་ kam sen, auch skam sen, kham śen ein
ཤེང	śen	śeṅ	ordinary_manual_review	unresolved	Mechanical string transformation only; not a proposed correction and not evidence of the canonical transcription.	ཀིམ་ཤེང་ཀོང་ཅོ་ kim śen koṅ co, auch kim sen khon
ཤེང	sen	seṅ	ordinary_manual_review	unresolved	Mechanical string transformation only; not a proposed correction and not evidence of the canonical transcription.	ཀུན་ཤེང་ཀོང་ཇོ་ kun sen koṅ jo \wun sin kon jo.
ཤེང	sen	seṅ	ordinary_manual_review	unresolved	Mechanical string transformation only; not a proposed correction and not evidence of the canonical transcription.	ཀོ་ཤེང་ ko sen, auch kon sen N. einer Gegend.
ཤེང	sen	seṅ	ordinary_manual_review	unresolved	Mechanical string transformation only; not a proposed correction and not evidence of the canonical transcription.	ཀོང་ཤེང་ koṅ sen eine Region in der Nähe von
ཤེང	sen	seṅ	ordinary_manual_review	unresolved	Mechanical string transformation only; not a proposed correction and not evidence of the canonical transcription.	སྐམ་ཤེང་ skam sen kam Sen.
ཤེང	sen	seṅ	ordinary_manual_review	unresolved	Mechanical string transformation only; not a proposed correction and not evidence of the canonical transcription.	ཁམ་ཤེང་ kham sen Tkam sen.
སང	sen	seṅ	ordinary_manual_review	unresolved	Mechanical string transformation only; not a proposed correction and not evidence of the canonical transcription.	སྐྱ་སང་སང་པ་ skya sen sen po
སང	sen	seṅ	ordinary_manual_review	unresolved	Mechanical string transformation only; not a proposed correction and not evidence of the canonical transcription.	སྐྱ་སང་སང་པ་ skya sen sen po
སང	sen	seṅ	ordinary_manual_review	unresolved	Mechanical string transformation only; not a proposed correction and not evidence of the canonical transcription.	།ཁང་སང་ khon sen auch khon sin, khon gsen
སང	sen	seṅ	ordinary_manual_review	unresolved	Mechanical string transformation only; not a proposed correction and not evidence of the canonical transcription.	སྙང་རྩ་སང་བ་ SAN risa sen ba erleichtert, er-
སྔང	san	saṅ	ordinary_manual_review	unresolved	Mechanical string transformation only; not a proposed correction and not evidence of the canonical transcription.	ཆེང་སྔང་ chin san auch ’chin san, phyin san
སྔང	san	saṅ	ordinary_manual_review	unresolved	Mechanical string transformation only; not a proposed correction and not evidence of the canonical transcription.	འཆིང་སྔང་ chiṅ san Tchin san.
སྔོང	son	soṅ	ordinary_manual_review	unresolved	Mechanical string transformation only; not a proposed correction and not evidence of the canonical transcription.	"བང་སྔོང་ ""byun son Einkünfte und Ausgaben."
སྙང	sin	siṅ	ordinary_manual_review	unresolved	Mechanical string transformation only; not a proposed correction and not evidence of the canonical transcription.	"མཇུག་སྙང་ ming sin auch ""ug säin Herzstück"
སྙང	sin	siṅ	ordinary_manual_review	unresolved	Mechanical string transformation only; not a proposed correction and not evidence of the canonical transcription.	སྙང་ཆུ་ sin chu eine Herzkrankheit.
སྙང	Min	Miṅ	ordinary_manual_review	unresolved	Mechanical string transformation only; not a proposed correction and not evidence of the canonical transcription.	སྙང་ནད་ Min nad Herzerkrankung, Herz-
སྙང	sin	siṅ	ordinary_manual_review	unresolved	Mechanical string transformation only; not a proposed correction and not evidence of the canonical transcription.	སྙང་པ་ཡ་ག་དྲག་མ་ sin po yi ge drug ma der
སྙང	sin	siṅ	ordinary_manual_review	unresolved	Mechanical string transformation only; not a proposed correction and not evidence of the canonical transcription.	སྙང་མ་ sin ma (zw.) Blüten; vgl. Isie ma.
སྙང	san	saṅ	ordinary_manual_review	unresolved	Mechanical string transformation only; not a proposed correction and not evidence of the canonical transcription.	སྙང་རླུང་ san rluṅ
སྙིང	sun	suṅ	ordinary_manual_review	unresolved	Mechanical string transformation only; not a proposed correction and not evidence of the canonical transcription.	སྙིང་ sun.
སྙིང	sth	stṅ	ordinary_manual_review	unresolved	Mechanical string transformation only; not a proposed correction and not evidence of the canonical transcription.	"auch der Himmelsfluß"" (brDa); ha' chn bo ནམ་མཁའི་སྙིང་པོ nam mkha'i sth po auch nam"
སྤོང	nan	naṅ	ordinary_manual_review	unresolved	Mechanical string transformation only; not a proposed correction and not evidence of the canonical transcription.	& “་སྤོང་སྐྱེས་ nan spoh skyes Bez. für dürväa-
སྲིང	sin	siṅ	ordinary_manual_review	unresolved	Mechanical string transformation only; not a proposed correction and not evidence of the canonical transcription.	ཅུང་སྲིང་ cun sin eine Speise.
གོང	in	iṅ	ordinary_manual_review	unresolved	Mechanical string transformation only; not a proposed correction and not evidence of the canonical transcription.	དང་གོང་ dangon in thugs kyi — Brust.
ཆུང	ch	cṅ	ordinary_manual_review	unresolved	Mechanical string transformation only; not a proposed correction and not evidence of the canonical transcription.	སྟག་འུ་ཆུང་ stag u ch
ཕུང	ph	pṅ	ordinary_manual_review	unresolved	Mechanical string transformation only; not a proposed correction and not evidence of the canonical transcription.	ཕུང་གཡོ་བ་ ph g.yoba Verleumdung, Intrige.
སྙང	sh	sṅ	ordinary_manual_review	unresolved	Mechanical string transformation only; not a proposed correction and not evidence of the canonical transcription.	སྙང་པོའ་།ཁང་པ་ sh po’i khaṅ pa Bez. für
སྙིང	sh	sṅ	ordinary_manual_review	unresolved	Mechanical string transformation only; not a proposed correction and not evidence of the canonical transcription.	དགང་སྙིང་ dgun shäin Bez. der chin. Tierkreis-
སྟངས	n	ṅ	ordinary_manual_review	unresolved	Mechanical string transformation only; not a proposed correction and not evidence of the canonical transcription.	འགྱིང་སྟངས་ ’oyın stans Hochmut.
