volume	page	line	token_index	tibetan_syllable	source_latin_token	source_signature	proposed_latin_target	compatible_accepted_target_count	compatible_competing_form_counts	incompatible_dotted_form_counts	same_tibetan_dotted_evidence_total	old_alignment_category	source_compatible_category	damage_scope	syllable_identity_guard	confidence	suggested_action	context_excerpt	reason_for_deferral
wts_1_34	54	164	2	ཤང	San	Sa<FINAL_NASAL>	Saṅ	1		siṅ:1	2	competing_latin_forms	source_compatible_insufficient_evidence	none	exact_same_tibetan_syllable	low	defer	ཀིམ་ཤང ཁོང་ཅོ kim San khon co, kim Sin kon co,	Fewer than two case-sensitive compatible dotted anchors are available.
wts_1_34	569	95	3	ཤང	San	Sa<FINAL_NASAL>	Saṅ	1		siṅ:1	2	competing_latin_forms	source_compatible_insufficient_evidence	none	exact_same_tibetan_syllable	low	defer	སྔོ་གྲོ་ཤང་རྩེ་ sho gro San rtse eine Pflanze, Oro-	Fewer than two case-sensitive compatible dotted anchors are available.
wts_1_34	35	164	3	ཞང	Zan	Za<FINAL_NASAL>	Zaṅ	1			1	insufficient_consensus	source_compatible_insufficient_evidence	none	exact_same_tibetan_syllable	low	defer	ཀ་ཅོག་ཞང་ ka cog Zan, auch ska cog Zan Kurzf. für	Fewer than two case-sensitive compatible dotted anchors are available.
wts_1_34	1117	21	3	ཞང	Zan	Za<FINAL_NASAL>	Zaṅ	1			1	insufficient_consensus	source_compatible_insufficient_evidence	none	exact_same_tibetan_syllable	low	defer	དན་འབག་ཞང་པོ་ dan ’bag Zan po npr. eine in	Fewer than two case-sensitive compatible dotted anchors are available.
wts_1_34	253	1	2	ཞེང	Zen	Ze<FINAL_NASAL>	Zeṅ	1		zeṅ:1; Ziṅ:1; ziṅ:1	4	competing_latin_forms	source_compatible_insufficient_evidence	none	exact_same_tibetan_syllable	low	defer	ཁ་ཞེང་ kha Zen rag kha bzla །ཁ་ཏའུར་ kha ’ur ཁ་ཡིག་ kha yig	Fewer than two case-sensitive compatible dotted anchors are available.
wts_1_34	651	56	2	ཞེང	Zen	Ze<FINAL_NASAL>	Zeṅ	1		zeṅ:1; Ziṅ:1; ziṅ:1	4	competing_latin_forms	source_compatible_insufficient_evidence	none	exact_same_tibetan_syllable	low	defer	ཆུ་ཞེང་གབ་པ་ chu Zen gab pa	Fewer than two case-sensitive compatible dotted anchors are available.
wts_1_34	651	81	2	ཞེང	Zen	Ze<FINAL_NASAL>	Zeṅ	1		zeṅ:1; Ziṅ:1; ziṅ:1	4	competing_latin_forms	source_compatible_insufficient_evidence	none	exact_same_tibetan_syllable	low	defer	ཆུ་ཞེང་ chu Zen Länge und Breite, Umfang.	Fewer than two case-sensitive compatible dotted anchors are available.
wts_1_34	651	90	2	ཞེང	Zen	Ze<FINAL_NASAL>	Zeṅ	1		zeṅ:1; Ziṅ:1; ziṅ:1	4	competing_latin_forms	source_compatible_insufficient_evidence	none	exact_same_tibetan_syllable	low	defer	ཆུ་ཞེང་གབ་པ་ chu Zen gab pa Umfang; wohl-	Fewer than two case-sensitive compatible dotted anchors are available.
wts_1_34	219	44	2	བགྲང	bgran	bgra<FINAL_NASAL>	bgraṅ	1			1	insufficient_consensus	source_compatible_insufficient_evidence	none	exact_same_tibetan_syllable	low	defer	སྐྱོན་བགྲང་ skyon bgran Kurzf. für skyon du bgran	Fewer than two case-sensitive compatible dotted anchors are available.
wts_1_34	219	127	3	བགྲང	bgran	bgra<FINAL_NASAL>	bgraṅ	1			1	insufficient_consensus	source_compatible_insufficient_evidence	none	exact_same_tibetan_syllable	low	defer	སྐྱོན་དུ་བགྲང་བ་ skyon du bgran ba Tskyon bgran.	Fewer than two case-sensitive compatible dotted anchors are available.
wts_1_34	424	82	1	བགྲང	bgran	bgra<FINAL_NASAL>	bgraṅ	1			1	insufficient_consensus	source_compatible_insufficient_evidence	none	exact_same_tibetan_syllable	low	defer	བགྲང་ bgran zählen, rechnen; ¬ du med uner-	Fewer than two case-sensitive compatible dotted anchors are available.
wts_1_34	424	141	1	བགྲང	bgran	bgra<FINAL_NASAL>	bgraṅ	1			1	insufficient_consensus	source_compatible_insufficient_evidence	none	exact_same_tibetan_syllable	low	defer	བགྲང་ཝྲེང་ bgran phren Gebetskette.	Fewer than two case-sensitive compatible dotted anchors are available.
wts_1_34	424	178	1	བགྲང	bgran	bgra<FINAL_NASAL>	bgraṅ	1			1	insufficient_consensus	source_compatible_insufficient_evidence	none	exact_same_tibetan_syllable	low	defer	བགྲང་ཡས་ bgran yas auch bgran yal eine hohe	Fewer than two case-sensitive compatible dotted anchors are available.
wts_1_34	424	188	1	བགྲང	bgran	bgra<FINAL_NASAL>	bgraṅ	1			1	insufficient_consensus	source_compatible_insufficient_evidence	none	exact_same_tibetan_syllable	low	defer	བགྲང་ཡོལ་ bgran yol eine hohe Zahl.	Fewer than two case-sensitive compatible dotted anchors are available.
wts_1_34	547	174	2	བགྲང	bgran	bgra<FINAL_NASAL>	bgraṅ	1			1	insufficient_consensus	source_compatible_insufficient_evidence	none	exact_same_tibetan_syllable	low	defer	མངན་བགྲང་ mnan bgran \rnan bgran.	Fewer than two case-sensitive compatible dotted anchors are available.
wts_1_34	560	16	2	བགྲང	bgran	bgra<FINAL_NASAL>	bgraṅ	1			1	insufficient_consensus	source_compatible_insufficient_evidence	none	exact_same_tibetan_syllable	low	defer	རྔན་བགྲང་ rnan bgran auch mnan bgran [.	Fewer than two case-sensitive compatible dotted anchors are available.
wts_1_34	683	46	2	པྲང	bran	bra<FINAL_NASAL>	braṅ	1			1	insufficient_consensus	source_compatible_insufficient_evidence	none	exact_same_tibetan_syllable	low	defer	མཆི་པྲང་ mchi bran Ehefrau.	Fewer than two case-sensitive compatible dotted anchors are available.
wts_1_34	235	148	1	བསྐྱེང	bskyen	bskye<FINAL_NASAL>	bskyeṅ	1			1	insufficient_consensus	source_compatible_insufficient_evidence	none	exact_same_tibetan_syllable	low	defer	བསྐྱེང་ bskyen beschämt sein; vgl. Iskyens.	Fewer than two case-sensitive compatible dotted anchors are available.
wts_1_34	905	1	2	བབཟུང	bzun	bzu<FINAL_NASAL>	bzuṅ	1			1	insufficient_consensus	source_compatible_insufficient_evidence	none	exact_same_tibetan_syllable	low	defer	བཏང་བབཟུང་ཆེན་པོ་ btaṅ bzun chen po	Fewer than two case-sensitive compatible dotted anchors are available.
wts_1_34	54	45	2	ཅང	can	ca<FINAL_NASAL>	caṅ	1			1	insufficient_consensus	source_compatible_insufficient_evidence	later_gloss_or_commentary	exact_same_tibetan_syllable	low	defer	ཀིང་ཅང་ཧྭ་ kiṅ can hu ¦/07/7 jan hü.	Fewer than two case-sensitive compatible dotted anchors are available.
wts_1_34	243	85	2	ཅང	can	ca<FINAL_NASAL>	caṅ	1			1	insufficient_consensus	source_compatible_insufficient_evidence	none	exact_same_tibetan_syllable	low	defer	།ཐ་ཅང་ kha can \kha gcan.	Fewer than two case-sensitive compatible dotted anchors are available.
wts_1_34	460	127	2	ཅང	can	ca<FINAL_NASAL>	caṅ	1			1	insufficient_consensus	source_compatible_insufficient_evidence	none	exact_same_tibetan_syllable	low	defer	རྒྱ་ཅང་ raya can auch rgya can, rgya chan ein	Fewer than two case-sensitive compatible dotted anchors are available.
wts_1_34	575	202	1	ཅང	can	ca<FINAL_NASAL>	caṅ	1			1	insufficient_consensus	source_compatible_insufficient_evidence	none	exact_same_tibetan_syllable	low	defer	ཅང་ཀན་ can kan die chin. Regierungsdevise A	Fewer than two case-sensitive compatible dotted anchors are available.
wts_1_34	575	211	1	ཅང	can	ca<FINAL_NASAL>	caṅ	1			1	insufficient_consensus	source_compatible_insufficient_evidence	none	exact_same_tibetan_syllable	low	defer	ཅང་ཀེང་ can ken die chin. Regierungsdevise &	Fewer than two case-sensitive compatible dotted anchors are available.
wts_1_34	576	6	1	ཅང	can	ca<FINAL_NASAL>	caṅ	1			1	insufficient_consensus	source_compatible_insufficient_evidence	none	exact_same_tibetan_syllable	low	defer	ཅང་གིས་འཇུས་པ་ can gis ’jus pa auch cans kyis	Fewer than two case-sensitive compatible dotted anchors are available.
wts_1_34	576	18	1	ཅང	can	ca<FINAL_NASAL>	caṅ	1			1	damaged_context	source_compatible_damaged_context	latin_headword_overlap	exact_same_tibetan_syllable	manual	manual_alignment_review	ཅང་ངེ་ཅོག་གེ་ can he €09 ge zögerlich, unschlüs-	OCR damage overlaps or precedes the aligned headword phrase.
wts_1_34	576	31	1	ཅང	can	ca<FINAL_NASAL>	caṅ	1			1	insufficient_consensus	source_compatible_insufficient_evidence	none	exact_same_tibetan_syllable	low	defer	ཅང་ཏེའུ can te’u eine Trommel, skt. damarn,	Fewer than two case-sensitive compatible dotted anchors are available.
wts_1_34	576	55	1	ཅང	can	ca<FINAL_NASAL>	caṅ	1			1	insufficient_consensus	source_compatible_insufficient_evidence	none	exact_same_tibetan_syllable	low	defer	ཅང་འེ་ཤང་ can ’e Sun npr.	Fewer than two case-sensitive compatible dotted anchors are available.
wts_1_34	576	62	1	ཅང	can	ca<FINAL_NASAL>	caṅ	1			1	damaged_context	source_compatible_damaged_context	latin_headword_overlap	exact_same_tibetan_syllable	manual	manual_alignment_review	ཅང་རིག་ can 7:79 klug, schlau.	OCR damage overlaps or precedes the aligned headword phrase.
wts_1_34	576	65	1	ཅང	can	ca<FINAL_NASAL>	caṅ	1			1	insufficient_consensus	source_compatible_insufficient_evidence	none	exact_same_tibetan_syllable	low	defer	ཅང་ཤེས་ can Ses.	Fewer than two case-sensitive compatible dotted anchors are available.
wts_1_34	576	89	1	ཅང	can	ca<FINAL_NASAL>	caṅ	1			1	insufficient_consensus	source_compatible_insufficient_evidence	none	exact_same_tibetan_syllable	low	defer	ཅང་སེང་ can seṅ auch can se eine Gruppe von	Fewer than two case-sensitive compatible dotted anchors are available.
wts_1_34	584	106	2	ཅང	can	ca<FINAL_NASAL>	caṅ	1			1	insufficient_consensus	source_compatible_insufficient_evidence	none	exact_same_tibetan_syllable	low	defer	ཅེ་ཅང་ ce can	Fewer than two case-sensitive compatible dotted anchors are available.
wts_1_34	645	94	2	འཆེང	chin	chi<FINAL_NASAL>	chiṅ	1			1	insufficient_consensus	source_compatible_structure_mismatch	none	consonantal_structure_mismatch	manual	syllable_specific_analysis	ཆ་འཆེང་ chu ’chin Bez. für Dach, chinesisches	Proposed target omits an explicit Tibetan consonant or vowel feature: e; requires a syllable-specific analysis.
wts_1_34	703	193	1	འཆེང	chin	chi<FINAL_NASAL>	chiṅ	1			1	insufficient_consensus	source_compatible_structure_mismatch	none	consonantal_structure_mismatch	manual	syllable_specific_analysis	འཆེང་ཀྱིམ་ chin khyim.	Proposed target omits an explicit Tibetan consonant or vowel feature: e; requires a syllable-specific analysis.
wts_1_34	703	199	1	འཆེང	chin	chi<FINAL_NASAL>	chiṅ	1			1	insufficient_consensus	source_compatible_structure_mismatch	none	consonantal_structure_mismatch	manual	syllable_specific_analysis	འཆེང་སྒྲིགས་ 'chin sgrigs Vereinbarung.	Proposed target omits an explicit Tibetan consonant or vowel feature: e; requires a syllable-specific analysis.
wts_1_34	704	21	1	འཆེང	chin	chi<FINAL_NASAL>	chiṅ	1			1	insufficient_consensus	source_compatible_structure_mismatch	none	consonantal_structure_mismatch	manual	syllable_specific_analysis	འཆེང་བ་ཀུན་ལྡན་ chin ba kun ldan Bez. für	Proposed target omits an explicit Tibetan consonant or vowel feature: e; requires a syllable-specific analysis.
wts_1_34	704	35	1	འཆེང	chin	chi<FINAL_NASAL>	chiṅ	1			1	insufficient_consensus	source_compatible_structure_mismatch	none	consonantal_structure_mismatch	manual	syllable_specific_analysis	འཆེང་བ་གསུམ་ 'chin ba gsum die drei Fesseln:	Proposed target omits an explicit Tibetan consonant or vowel feature: e; requires a syllable-specific analysis.
wts_1_34	704	72	1	འཆེང	chin	chi<FINAL_NASAL>	chiṅ	1			1	insufficient_consensus	source_compatible_structure_mismatch	none	consonantal_structure_mismatch	manual	syllable_specific_analysis	འཆེང་ཞགས་ chin Zags Schlinge.	Proposed target omits an explicit Tibetan consonant or vowel feature: e; requires a syllable-specific analysis.
wts_1_34	704	78	1	འཆེང	chin	chi<FINAL_NASAL>	chiṅ	1			1	insufficient_consensus	source_compatible_structure_mismatch	none	consonantal_structure_mismatch	manual	syllable_specific_analysis	འཆེང་བླཟླམ་གནང་ 'chin bzlum gnaṅ vermitteln,	Proposed target omits an explicit Tibetan consonant or vowel feature: e; requires a syllable-specific analysis.
wts_1_34	750	80	1	ལྗང	Dan	Da<FINAL_NASAL>	daṅ	0		daṅ:1; ldaṅ:1; laṅ:1	3	competing_latin_forms	source_compatible_insufficient_evidence	none	exact_same_tibetan_syllable	low	defer	"ལྗང་ Dan ""jan."	Fewer than two case-sensitive compatible dotted anchors are available.
wts_1_34	407	109	1	དགུང	dgun	dgu<FINAL_NASAL>	dguṅ	1			1	insufficient_consensus	source_compatible_insufficient_evidence	none	exact_same_tibetan_syllable	low	defer	དགུང་ཆར་ dgun char	Fewer than two case-sensitive compatible dotted anchors are available.
wts_1_34	407	136	1	དགུང	dgun	dgu<FINAL_NASAL>	dguṅ	1			1	insufficient_consensus	source_compatible_insufficient_evidence	none	exact_same_tibetan_syllable	low	defer	དགུང་ཆར་ dgun char Bez. für Regen.	Fewer than two case-sensitive compatible dotted anchors are available.
wts_1_34	407	140	1	དགུང	dgun	dgu<FINAL_NASAL>	dguṅ	1			1	damaged_context	source_compatible_damaged_context	latin_headword_overlap	exact_same_tibetan_syllable	manual	manual_alignment_review	དགུང་མཉམ་ dgun 77777:777 resp. gleichaltrig.	OCR damage overlaps or precedes the aligned headword phrase.
wts_1_34	407	161	1	དགུང	dgun	dgu<FINAL_NASAL>	dguṅ	1			1	insufficient_consensus	source_compatible_insufficient_evidence	none	exact_same_tibetan_syllable	low	defer	དགུང་མོ་ ” dgun mo	Fewer than two case-sensitive compatible dotted anchors are available.
wts_1_34	407	168	1	དགུང	dgun	dgu<FINAL_NASAL>	dguṅ	1			1	insufficient_consensus	source_compatible_insufficient_evidence	none	exact_same_tibetan_syllable	low	defer	དགུང་གདགས་ dgun gdugs Mittagshitze.	Fewer than two case-sensitive compatible dotted anchors are available.
wts_1_34	407	173	1	དགུང	dgun	dgu<FINAL_NASAL>	dguṅ	1			1	insufficient_consensus	source_compatible_insufficient_evidence	none	exact_same_tibetan_syllable	low	defer	དགུང་བདན་ dgun bdun sieben Tage, Woche.	Fewer than two case-sensitive compatible dotted anchors are available.
wts_1_34	407	186	1	དགུང	dgun	dgu<FINAL_NASAL>	dguṅ	1			1	insufficient_consensus	source_compatible_insufficient_evidence	none	exact_same_tibetan_syllable	low	defer	དགུང་གནམ་ dgun gnam Himmel.	Fewer than two case-sensitive compatible dotted anchors are available.
wts_1_34	407	191	1	དགུང	dgun	dgu<FINAL_NASAL>	dguṅ	1			1	insufficient_consensus	source_compatible_insufficient_evidence	none	exact_same_tibetan_syllable	low	defer	དགུང་མོ་ dgun mo Mitte, Abend, Nacht, Mit-	Fewer than two case-sensitive compatible dotted anchors are available.
wts_1_34	408	2	1	དགུང	dgun	dgu<FINAL_NASAL>	dguṅ	1			1	insufficient_consensus	source_compatible_insufficient_evidence	none	exact_same_tibetan_syllable	low	defer	དགུང་ཚིགས་ dgun tshigs Tgun tshigs.	Fewer than two case-sensitive compatible dotted anchors are available.
wts_1_34	625	3	2	འདིང	din	di<FINAL_NASAL>	diṅ	1			1	insufficient_consensus	source_compatible_insufficient_evidence	none	exact_same_tibetan_syllable	low	defer	ཆག་འདིང་ chag ’din	Fewer than two case-sensitive compatible dotted anchors are available.
wts_1_34	625	9	2	འདིང	din	di<FINAL_NASAL>	diṅ	1			1	insufficient_consensus	source_compatible_insufficient_evidence	none	exact_same_tibetan_syllable	low	defer	ཆག་འདིང་ chag ’din beraten, planen.	Fewer than two case-sensitive compatible dotted anchors are available.
wts_1_34	111	3	2	གཞུང	gzun	gzu<FINAL_NASAL>	gZuṅ	0		gZuṅ:1	1	insufficient_consensus	source_compatible_insufficient_evidence	none	exact_same_tibetan_syllable	low	defer	ཀླད་གཞུང་ klad gzun Rückenmark.	Fewer than two case-sensitive compatible dotted anchors are available.
wts_1_34	595	1	1	གཅུང	gcun	gcu<FINAL_NASAL>	gcuṅ	1			1	insufficient_consensus	source_compatible_insufficient_evidence	none	exact_same_tibetan_syllable	low	defer	གཅུང་པ་སྤྱི་ gcun pa spyi	Fewer than two case-sensitive compatible dotted anchors are available.
wts_1_34	390	14	2	གླེང	glen	gle<FINAL_NASAL>	gleṅ	1		gliṅ:1	2	competing_latin_forms	source_compatible_insufficient_evidence	none	exact_same_tibetan_syllable	low	defer	གྲོས་གླེང་ gros glen Gespräch, Beratung, Dis-	Fewer than two case-sensitive compatible dotted anchors are available.
wts_1_34	398	40	1	གླེང	glen	gle<FINAL_NASAL>	gleṅ	1		gliṅ:1	2	competing_latin_forms	source_compatible_insufficient_evidence	none	exact_same_tibetan_syllable	low	defer	གླེང་ glen sprechen, berichten, erklären.	Fewer than two case-sensitive compatible dotted anchors are available.
wts_1_34	398	53	1	གླེང	glen	gle<FINAL_NASAL>	gleṅ	1		gliṅ:1	2	competing_latin_forms	source_compatible_insufficient_evidence	none	exact_same_tibetan_syllable	low	defer	གླེང་མོ་ glen mo	Fewer than two case-sensitive compatible dotted anchors are available.
wts_1_34	398	118	1	གླེང	glen	gle<FINAL_NASAL>	gleṅ	1		gliṅ:1	2	competing_latin_forms	source_compatible_insufficient_evidence	none	exact_same_tibetan_syllable	low	defer	གླེང་གཞི་ glen gäi.	Fewer than two case-sensitive compatible dotted anchors are available.
wts_1_34	398	146	1	གླེང	glen	gle<FINAL_NASAL>	gleṅ	1		gliṅ:1	2	damaged_context	source_compatible_damaged_context	latin_headword_overlap	exact_same_tibetan_syllable	manual	manual_alignment_review	གླེང་སློང་ glen $/077 jmd., der ein Gespräch an-	OCR damage overlaps or precedes the aligned headword phrase.
wts_1_34	398	154	1	གླེང	glen	gle<FINAL_NASAL>	gleṅ	1		gliṅ:1	2	competing_latin_forms	source_compatible_insufficient_evidence	none	exact_same_tibetan_syllable	low	defer	གླེང་བསླང་བ་ glen bslaṅ ba Einleitung.	Fewer than two case-sensitive compatible dotted anchors are available.
wts_1_34	398	165	1	གླེང	glen	gle<FINAL_NASAL>	gleṅ	1		gliṅ:1	2	competing_latin_forms	source_compatible_insufficient_evidence	none	exact_same_tibetan_syllable	low	defer	གླེང་བསླངས་པ་ glen bslans pa eingeleitet.	Fewer than two case-sensitive compatible dotted anchors are available.
wts_1_34	425	104	2	གླེང	glen	gle<FINAL_NASAL>	gleṅ	1		gliṅ:1	2	competing_latin_forms	source_compatible_insufficient_evidence	none	exact_same_tibetan_syllable	low	defer	བཀགྲོ་གླེང་ bgro glen	Fewer than two case-sensitive compatible dotted anchors are available.
wts_1_34	425	126	2	གླེང	glen	gle<FINAL_NASAL>	gleṅ	1		gliṅ:1	2	competing_latin_forms	source_compatible_insufficient_evidence	none	exact_same_tibetan_syllable	low	defer	བཀྲོ་གླེང་ bgro glen Unterhaltung, Diskussion.	Fewer than two case-sensitive compatible dotted anchors are available.
wts_1_34	887	78	3	གླེང	glen	gle<FINAL_NASAL>	gleṅ	1		gliṅ:1	2	competing_latin_forms	source_compatible_insufficient_evidence	none	exact_same_tibetan_syllable	low	defer	གཏམ་གྱི་གླེང་གཞི་ gtam gyi glen gäi \gtam glen 2,	Fewer than two case-sensitive compatible dotted anchors are available.
wts_1_34	887	88	2	གླེང	glen	gle<FINAL_NASAL>	gleṅ	1		gliṅ:1	2	competing_latin_forms	source_compatible_insufficient_evidence	none	exact_same_tibetan_syllable	low	defer	གཏམ་གླེང་ gtam glen.	Fewer than two case-sensitive compatible dotted anchors are available.
wts_1_34	887	205	3	གླེང	glen	gle<FINAL_NASAL>	gleṅ	1		gliṅ:1	2	competing_latin_forms	source_compatible_insufficient_evidence	later_gloss_or_commentary	exact_same_tibetan_syllable	low	defer	གཏམ་ད་གླེང་ gtam du glen 9777 glen.	Fewer than two case-sensitive compatible dotted anchors are available.
wts_1_34	439	200	1	འགང	gon	go<FINAL_NASAL>	goṅ	1			1	insufficient_consensus	source_compatible_insufficient_evidence	none	exact_same_tibetan_syllable	low	defer	འགང་པ gon po ein Damon; gon mo eine	Fewer than two case-sensitive compatible dotted anchors are available.
wts_1_34	387	86	1	གློང	gron	gro<FINAL_NASAL>	groṅ	1			1	syllable_structure_mismatch	source_compatible_structure_mismatch	none	consonantal_structure_mismatch	manual	syllable_specific_analysis	གློང་ཀྱེར་དགྲ་བོ་ gron khyer dgra bo Mahesśvara.	Proposed target omits explicit Tibetan subjoined l; requires a syllable-specific analysis.
wts_1_34	387	93	1	གློང	gron	gro<FINAL_NASAL>	groṅ	1			1	syllable_structure_mismatch	source_compatible_structure_mismatch	none	consonantal_structure_mismatch	manual	syllable_specific_analysis	གློང་ཀྱིར་དྲུག་པ་ gron khyer drug pa eine buddh.	Proposed target omits explicit Tibetan subjoined l; requires a syllable-specific analysis.
wts_1_34	387	126	1	གློང	gron	gro<FINAL_NASAL>	groṅ	1			1	syllable_structure_mismatch	source_compatible_structure_mismatch	none	consonantal_structure_mismatch	manual	syllable_specific_analysis	གློང་གི་ཡན་ལག་སྦྱིན་ gron gi yan lag sbyin Mahe-	Proposed target omits explicit Tibetan subjoined l; requires a syllable-specific analysis.
wts_1_34	387	186	1	གློང	gron	gro<FINAL_NASAL>	groṅ	1			1	syllable_structure_mismatch	source_compatible_structure_mismatch	none	consonantal_structure_mismatch	manual	syllable_specific_analysis	གློང་འཇོམཿས་ gron ’joms.	Proposed target omits explicit Tibetan subjoined l; requires a syllable-specific analysis.
wts_1_34	387	200	1	གློང	gron	gro<FINAL_NASAL>	groṅ	1			1	syllable_structure_mismatch	source_compatible_structure_mismatch	none	consonantal_structure_mismatch	manual	syllable_specific_analysis	གློང་དྭ་འདྲེན་པ་ gron du ’dren pa Bez. für Esel.	Proposed target omits explicit Tibetan subjoined l; requires a syllable-specific analysis.
wts_1_34	388	34	1	གློང	gron	gro<FINAL_NASAL>	groṅ	1			1	syllable_structure_mismatch	source_compatible_structure_mismatch	none	consonantal_structure_mismatch	manual	syllable_specific_analysis	གློང་སྡེ་ gron sde Dorfgemeinschaft.	Proposed target omits explicit Tibetan subjoined l; requires a syllable-specific analysis.
wts_1_34	388	52	1	གློང	gron	gro<FINAL_NASAL>	groṅ	1			1	syllable_structure_mismatch	source_compatible_structure_mismatch	none	consonantal_structure_mismatch	manual	syllable_specific_analysis	གློང་བཤུལ་ gron bsul	Proposed target omits explicit Tibetan subjoined l; requires a syllable-specific analysis.
wts_1_34	388	59	1	གློང	gron	gro<FINAL_NASAL>	groṅ	1			1	syllable_structure_mismatch	source_compatible_structure_mismatch	none	consonantal_structure_mismatch	manual	syllable_specific_analysis	གློང་པའི་ཆོས་ gron pa’i chos Bez. für Ge-	Proposed target omits explicit Tibetan subjoined l; requires a syllable-specific analysis.
wts_1_34	388	67	1	གློང	gron	gro<FINAL_NASAL>	groṅ	1			1	syllable_structure_mismatch	source_compatible_structure_mismatch	none	consonantal_structure_mismatch	manual	syllable_specific_analysis	གློང་སྤྱོད་ gron spyod Bez. für Krähe.	Proposed target omits explicit Tibetan subjoined l; requires a syllable-specific analysis.
wts_1_34	388	82	1	གློང	gron	gro<FINAL_NASAL>	groṅ	1			1	syllable_structure_mismatch	source_compatible_structure_mismatch	none	consonantal_structure_mismatch	manual	syllable_specific_analysis	གློང་ཚིག་ gron tshig Umgangssprache.	Proposed target omits explicit Tibetan subjoined l; requires a syllable-specific analysis.
wts_1_34	388	102	1	གློང	gron	gro<FINAL_NASAL>	groṅ	1			1	syllable_structure_mismatch	source_compatible_structure_mismatch	none	consonantal_structure_mismatch	manual	syllable_specific_analysis	གློང་གསུམ་མཐར་བྱེད་ gron gsum mthar byed	Proposed target omits explicit Tibetan subjoined l; requires a syllable-specific analysis.
wts_1_34	535	66	3	གཏང	gtan	gta<FINAL_NASAL>	gtaṅ	1			1	insufficient_consensus	source_compatible_insufficient_evidence	none	exact_same_tibetan_syllable	low	defer	ངེས་པར་གཏང་བར་བྱཀྱི་ nes par gtan bar bgyi fut.	Fewer than two case-sensitive compatible dotted anchors are available.
wts_1_34	626	210	5	གཏང	gtan	gta<FINAL_NASAL>	gtaṅ	1			1	damaged_context	source_compatible_damaged_context	tibetan_headword_overlap	exact_same_tibetan_syllable	manual	manual_alignment_review	7055). ཆགས་ཉིལ་ད་གཏང་ chags Mil du gtan nieder-	OCR damage overlaps or precedes the aligned headword phrase.
wts_1_34	627	168	3	གཏང	gtan	gta<FINAL_NASAL>	gtaṅ	1			1	insufficient_consensus	source_compatible_insufficient_evidence	none	exact_same_tibetan_syllable	low	defer	ཆགས་གསུམ་གཏང་བ་ chags gsum gtan ba ein	Fewer than two case-sensitive compatible dotted anchors are available.
wts_1_34	882	65	1	གཏང	gtan	gta<FINAL_NASAL>	gtaṅ	1			1	insufficient_consensus	source_compatible_insufficient_evidence	none	exact_same_tibetan_syllable	low	defer	གཏང་ gtan fur. zu Igton.	Fewer than two case-sensitive compatible dotted anchors are available.
wts_1_34	882	109	1	གཏང	gtan	gta<FINAL_NASAL>	gtaṅ	1			1	insufficient_consensus	source_compatible_insufficient_evidence	none	exact_same_tibetan_syllable	low	defer	གཏང་གཅཉོད་ gtan gcod	Fewer than two case-sensitive compatible dotted anchors are available.
wts_1_34	882	160	1	གཏང	gtan	gta<FINAL_NASAL>	gtaṅ	1			1	insufficient_consensus	source_compatible_insufficient_evidence	none	exact_same_tibetan_syllable	low	defer	གཏང་གཅོད་ gtan gcod \btan gcod.	Fewer than two case-sensitive compatible dotted anchors are available.
wts_1_34	882	164	1	གཏང	gtan	gta<FINAL_NASAL>	gtaṅ	1			1	insufficient_consensus	source_compatible_insufficient_evidence	none	exact_same_tibetan_syllable	low	defer	གཏང་མདོས་ gtan mdos ein Fadenkreuz (Neb	Fewer than two case-sensitive compatible dotted anchors are available.
wts_1_34	882	167	1	གཏང	gtan	gta<FINAL_NASAL>	gtaṅ	1			1	insufficient_consensus	source_compatible_insufficient_evidence	none	exact_same_tibetan_syllable	low	defer	གཏང་མ་ gtan ma Sieg.	Fewer than two case-sensitive compatible dotted anchors are available.
wts_1_34	882	181	1	གཏང	gtan	gta<FINAL_NASAL>	gtaṅ	1			1	insufficient_consensus	source_compatible_insufficient_evidence	none	exact_same_tibetan_syllable	low	defer	གཏང་ཡས་ gtan yas auch btan yas eine hohe	Fewer than two case-sensitive compatible dotted anchors are available.
wts_1_34	882	188	1	གཏང	gtan	gta<FINAL_NASAL>	gtaṅ	1			1	insufficient_consensus	source_compatible_insufficient_evidence	none	exact_same_tibetan_syllable	low	defer	གཏང་རག་ gtan rag auch btan rag Dankesgabe,	Fewer than two case-sensitive compatible dotted anchors are available.
wts_1_34	93	97	2	གྱོང	gyon	gyo<FINAL_NASAL>	gyoṅ	1			1	insufficient_consensus	source_compatible_insufficient_evidence	none	exact_same_tibetan_syllable	low	defer	ཀོ་ གྱོང་ ko gyon	Fewer than two case-sensitive compatible dotted anchors are available.
wts_1_34	93	106	2	གྱོང	gyon	gyo<FINAL_NASAL>	gyoṅ	1			1	insufficient_consensus	source_compatible_insufficient_evidence	none	exact_same_tibetan_syllable	low	defer	ཀོ་གྱོང་ ko gyon hartes Leder.	Fewer than two case-sensitive compatible dotted anchors are available.
wts_1_34	270	1	2	ཀྱོང	gyon	gyo<FINAL_NASAL>	gyoṅ	1			1	insufficient_consensus	source_compatible_insufficient_evidence	none	exact_same_tibetan_syllable	low	defer	ཁེ་ཀྱོང་ khe gyon	Fewer than two case-sensitive compatible dotted anchors are available.
wts_1_34	270	3	2	གྱོང	gyon	gyo<FINAL_NASAL>	gyoṅ	1			1	insufficient_consensus	source_compatible_insufficient_evidence	none	exact_same_tibetan_syllable	low	defer	ཁེ་གྱོང་ khe gyon Gewinn und Verlust.	Fewer than two case-sensitive compatible dotted anchors are available.
wts_1_34	370	15	1	ཀྱོང	gyon	gyo<FINAL_NASAL>	gyoṅ	1			1	insufficient_consensus	source_compatible_insufficient_evidence	none	exact_same_tibetan_syllable	low	defer	ཀྱོང་ gyon Verlust, Mangel; med. Austrock-	Fewer than two case-sensitive compatible dotted anchors are available.
wts_1_34	370	28	1	ཀྱོང	gyon	gyo<FINAL_NASAL>	gyoṅ	1			1	insufficient_consensus	source_compatible_insufficient_evidence	none	exact_same_tibetan_syllable	low	defer	ཀྱོང་བསྐར་ gyon bskur unberücksichtigt lassen,	Fewer than two case-sensitive compatible dotted anchors are available.
wts_1_34	370	54	1	གྱོང	gyon	gyo<FINAL_NASAL>	gyoṅ	1			1	insufficient_consensus	source_compatible_insufficient_evidence	none	exact_same_tibetan_syllable	low	defer	གྱོང་རོལ་ gyon rol	Fewer than two case-sensitive compatible dotted anchors are available.
wts_1_34	370	60	1	གྱོང	gyon	gyo<FINAL_NASAL>	gyoṅ	1			1	insufficient_consensus	source_compatible_insufficient_evidence	none	exact_same_tibetan_syllable	low	defer	གྱོང་ཀྱོང་ gyon gyon hart, zäh, widerstandsfä-	Fewer than two case-sensitive compatible dotted anchors are available.
wts_1_34	370	60	2	ཀྱོང	gyon	gyo<FINAL_NASAL>	gyoṅ	1			1	insufficient_consensus	source_compatible_insufficient_evidence	none	exact_same_tibetan_syllable	low	defer	གྱོང་ཀྱོང་ gyon gyon hart, zäh, widerstandsfä-	Fewer than two case-sensitive compatible dotted anchors are available.
wts_1_34	370	70	1	གྱོང	gyon	gyo<FINAL_NASAL>	gyoṅ	1			1	insufficient_consensus	source_compatible_insufficient_evidence	none	exact_same_tibetan_syllable	low	defer	གྱོང་གླགས་པ་ gyon grugs pa Bez. für die Speise	Fewer than two case-sensitive compatible dotted anchors are available.
wts_1_34	370	106	1	ཀྱོང	gyon	gyo<FINAL_NASAL>	gyoṅ	1			1	insufficient_consensus	source_compatible_insufficient_evidence	none	exact_same_tibetan_syllable	low	defer	ཀྱོང་རོལ་ gyon rol auch gyon ral Bez. für die	Fewer than two case-sensitive compatible dotted anchors are available.
wts_1_34	370	112	1	གྱོང	gyon	gyo<FINAL_NASAL>	gyoṅ	1			1	insufficient_consensus	source_compatible_insufficient_evidence	none	exact_same_tibetan_syllable	low	defer	གྱོང་བཞིག་ gyon bsig	Fewer than two case-sensitive compatible dotted anchors are available.
wts_1_34	370	123	1	གྱོང	gyon	gyo<FINAL_NASAL>	gyoṅ	1			1	insufficient_consensus	source_compatible_insufficient_evidence	none	exact_same_tibetan_syllable	low	defer	གྱོང་བཤིག་ gyon bśig Zerstörung.	Fewer than two case-sensitive compatible dotted anchors are available.
wts_1_34	896	108	2	ཀྱོང	gyon	gyo<FINAL_NASAL>	gyoṅ	1			1	insufficient_consensus	source_compatible_insufficient_evidence	none	exact_same_tibetan_syllable	low	defer	གཏོང་ཀྱོང་ gtoṅ gyon	Fewer than two case-sensitive compatible dotted anchors are available.
wts_1_34	896	136	2	ཀྱོང	gyon	gyo<FINAL_NASAL>	gyoṅ	1			1	insufficient_consensus	source_compatible_insufficient_evidence	none	exact_same_tibetan_syllable	low	defer	གཏོང་ཀྱོང་ gtoṅ gyon Verlust.	Fewer than two case-sensitive compatible dotted anchors are available.
wts_1_34	350	61	2	ཧང	han	ha<FINAL_NASAL>	haṅ	1			1	insufficient_consensus	source_compatible_insufficient_evidence	none	exact_same_tibetan_syllable	low	defer	གི་ཧང་ gi han †9/ wan	Fewer than two case-sensitive compatible dotted anchors are available.
wts_1_34	401	171	2	ཧང	han	ha<FINAL_NASAL>	haṅ	1			1	insufficient_consensus	source_compatible_insufficient_evidence	later_gloss_or_commentary	exact_same_tibetan_syllable	low	defer	གྷི་ཧང་ ghi han †£7 wan.	Fewer than two case-sensitive compatible dotted anchors are available.
wts_1_34	48	15	1	ཀང	kan	ka<FINAL_NASAL>	kaṅ	1			1	insufficient_consensus	source_compatible_insufficient_evidence	none	exact_same_tibetan_syllable	low	defer	ཀང་ kan lkhani, \kin kai.	Fewer than two case-sensitive compatible dotted anchors are available.
wts_1_34	48	17	1	ཀང	kan	ka<FINAL_NASAL>	kaṅ	1			1	insufficient_consensus	source_compatible_insufficient_evidence	none	exact_same_tibetan_syllable	low	defer	ཀང་ཀ་ kan ka ~ skt. kanka ein Raubvogel. - vgl.	Fewer than two case-sensitive compatible dotted anchors are available.
wts_1_34	48	30	1	ཀང	kan	ka<FINAL_NASAL>	kaṅ	1			1	insufficient_consensus	source_compatible_insufficient_evidence	none	exact_same_tibetan_syllable	low	defer	ཀང་ཀ་ཀ་ kan ka ka eine weibliche zornvolle	Fewer than two case-sensitive compatible dotted anchors are available.
wts_1_34	48	35	1	ཀང	kan	ka<FINAL_NASAL>	kaṅ	1			1	insufficient_consensus	source_compatible_insufficient_evidence	none	exact_same_tibetan_syllable	low	defer	ཀང་ཀ་རྒོད་མགོ་ kan ka rgod mgo, auch rkan ka	Fewer than two case-sensitive compatible dotted anchors are available.
wts_1_34	48	46	1	ཀང	kan	ka<FINAL_NASAL>	kaṅ	1			1	insufficient_consensus	source_compatible_insufficient_evidence	none	exact_same_tibetan_syllable	low	defer	ཀང་ཀ་སྒྲོགས་ kan ka sgrogs \kanka sgrogs.	Fewer than two case-sensitive compatible dotted anchors are available.
wts_1_34	48	53	1	ཀང	kan	ka<FINAL_NASAL>	kaṅ	1			1	insufficient_consensus	source_compatible_insufficient_evidence	none	exact_same_tibetan_syllable	low	defer	ཀང་སྒྲ་ཅན་ kan sgra can	Fewer than two case-sensitive compatible dotted anchors are available.
wts_1_34	48	58	1	ཀང	kan	ka<FINAL_NASAL>	kaṅ	1			1	insufficient_consensus	source_compatible_insufficient_evidence	none	exact_same_tibetan_syllable	low	defer	ཀང་ཀ་བྱ་རྒོད་མགོ་ཅན་ kan ka bya rgod mgo can	Fewer than two case-sensitive compatible dotted anchors are available.
wts_1_34	48	61	1	ཀང	kan	ka<FINAL_NASAL>	kaṅ	1			1	insufficient_consensus	source_compatible_insufficient_evidence	none	exact_same_tibetan_syllable	low	defer	ཀང་ཀ་རི་ kan ka ri ein best. Kristall oder eine	Fewer than two case-sensitive compatible dotted anchors are available.
wts_1_34	48	71	1	ཀང	kan	ka<FINAL_NASAL>	kaṅ	1			1	insufficient_consensus	source_compatible_insufficient_evidence	none	exact_same_tibetan_syllable	low	defer	ཀང་ཀ་ལ་ kan ka la, auch kam ka la Skelett. - skt.	Fewer than two case-sensitive compatible dotted anchors are available.
wts_1_34	48	77	1	ཀང	kan	ka<FINAL_NASAL>	kaṅ	1			1	insufficient_consensus	source_compatible_insufficient_evidence	none	exact_same_tibetan_syllable	low	defer	ཀང་ཀ་ཤེལ་ kan ka sel ein best. Kristall oder eine	Fewer than two case-sensitive compatible dotted anchors are available.
wts_1_34	48	84	1	ཀང	kan	ka<FINAL_NASAL>	kaṅ	1			1	insufficient_consensus	source_compatible_insufficient_evidence	none	exact_same_tibetan_syllable	low	defer	ཀང་ཀའི་མགོ་ ཅན་ kan ka’i mgo can „die mit dem	Fewer than two case-sensitive compatible dotted anchors are available.
wts_1_34	48	91	1	ཀང	kan	ka<FINAL_NASAL>	kaṅ	1			1	damaged_context	source_compatible_damaged_context	latin_headword_overlap	exact_same_tibetan_syllable	manual	manual_alignment_review	ཀང་ཀའི་མཆུ་ kan /%'7 mchu „Schnabel des	OCR damage overlaps or precedes the aligned headword phrase.
wts_1_34	48	99	1	ཀང	kan	ka<FINAL_NASAL>	kaṅ	1			1	insufficient_consensus	source_compatible_insufficient_evidence	none	exact_same_tibetan_syllable	low	defer	ཀང་ཀིང་ kan kiṅ kin kan.	Fewer than two case-sensitive compatible dotted anchors are available.
wts_1_34	48	101	1	ཀང	kan	ka<FINAL_NASAL>	kaṅ	1			1	insufficient_consensus	source_compatible_insufficient_evidence	none	exact_same_tibetan_syllable	low	defer	ཀང་སྒྲ་ཅན་ kan sgra can „versehen mit dem Laut	Fewer than two case-sensitive compatible dotted anchors are available.
wts_1_34	48	107	1	ཀང	kan	ka<FINAL_NASAL>	kaṅ	1			1	insufficient_consensus	source_compatible_insufficient_evidence	none	exact_same_tibetan_syllable	low	defer	ཀང་བྱ་ kan bya	Fewer than two case-sensitive compatible dotted anchors are available.
wts_1_34	48	112	1	ཀང	kan	ka<FINAL_NASAL>	kaṅ	1			1	insufficient_consensus	source_compatible_insufficient_evidence	none	exact_same_tibetan_syllable	low	defer	ཀང་བྱ་ kan bya Kanka-Vogel oder Vogel der Lei-	Fewer than two case-sensitive compatible dotted anchors are available.
wts_1_34	53	46	2	ཀང	kan	ka<FINAL_NASAL>	kaṅ	1			1	insufficient_consensus	source_compatible_insufficient_evidence	none	exact_same_tibetan_syllable	low	defer	ཀི་ཀང་ 'ki kan	Fewer than two case-sensitive compatible dotted anchors are available.
wts_1_34	53	87	2	ཀང	kan	ka<FINAL_NASAL>	kaṅ	1			1	insufficient_consensus	source_compatible_insufficient_evidence	none	exact_same_tibetan_syllable	low	defer	ཀི་ཀང་ 'ki kan Beiname des Rähu. -- vgl. chın.	Fewer than two case-sensitive compatible dotted anchors are available.
wts_1_34	53	97	2	ཀང	kan	ka<FINAL_NASAL>	kaṅ	1			1	insufficient_consensus	source_compatible_insufficient_evidence	none	exact_same_tibetan_syllable	low	defer	ཀི་ཀང་ ki kan	Fewer than two case-sensitive compatible dotted anchors are available.
wts_1_34	53	116	2	ཀང	kan	ka<FINAL_NASAL>	kaṅ	1			1	insufficient_consensus	source_compatible_insufficient_evidence	none	exact_same_tibetan_syllable	low	defer	ཀི་ཀང་ ki kan eine Pflanze; vgl. ke’n.	Fewer than two case-sensitive compatible dotted anchors are available.
wts_1_34	54	18	2	ཀང	kan	ka<FINAL_NASAL>	kaṅ	1			1	insufficient_consensus	source_compatible_insufficient_evidence	none	exact_same_tibetan_syllable	low	defer	ཀིང་ཀང་ kiṅ kan, auch kan kiṅ, kan dan kiṅ, rkani	Fewer than two case-sensitive compatible dotted anchors are available.
wts_1_34	54	164	3	ཁོང	khon	kho<FINAL_NASAL>	khoṅ	1		kboṅ:1	2	competing_latin_forms	source_compatible_insufficient_evidence	none	exact_same_tibetan_syllable	low	defer	ཀིམ་ཤང ཁོང་ཅོ kim San khon co, kim Sin kon co,	Fewer than two case-sensitive compatible dotted anchors are available.
wts_1_34	275	173	1	ཁོང	khon	kho<FINAL_NASAL>	khoṅ	1		kboṅ:1	2	competing_latin_forms	source_compatible_insufficient_evidence	none	exact_same_tibetan_syllable	low	defer	ཁོང་ 'khon auch khon pa pron. 3. pers. sing.	Fewer than two case-sensitive compatible dotted anchors are available.
wts_1_34	276	1	1	ཁོང	khon	kho<FINAL_NASAL>	khoṅ	1		kboṅ:1	2	competing_latin_forms	source_compatible_insufficient_evidence	none	exact_same_tibetan_syllable	low	defer	ཁོང་སྐེམ་པ་ khon skem pa	Fewer than two case-sensitive compatible dotted anchors are available.
wts_1_34	276	32	1	ཁོང	khon	kho<FINAL_NASAL>	khoṅ	1		kboṅ:1	2	competing_latin_forms	source_compatible_insufficient_evidence	none	exact_same_tibetan_syllable	low	defer	ཁོང་སྐེམ་པ་ khon skem pa auch khon skems pa	Fewer than two case-sensitive compatible dotted anchors are available.
wts_1_34	276	39	1	ཁོང	khon	kho<FINAL_NASAL>	khoṅ	1		kboṅ:1	2	competing_latin_forms	source_compatible_insufficient_evidence	none	exact_same_tibetan_syllable	low	defer	ཁོང་ཀྱལ་ khon khyul auch khon ’khyul Aufge-	Fewer than two case-sensitive compatible dotted anchors are available.
wts_1_34	276	77	1	ཁོང	khon	kho<FINAL_NASAL>	khoṅ	1		kboṅ:1	2	competing_latin_forms	source_compatible_insufficient_evidence	none	exact_same_tibetan_syllable	low	defer	ཁོང་ འཁྱལ་ khon 'khyul Tkhon khyul.	Fewer than two case-sensitive compatible dotted anchors are available.
wts_1_34	276	79	1	ཁོང	khon	kho<FINAL_NASAL>	khoṅ	1		kboṅ:1	2	competing_latin_forms	source_compatible_insufficient_evidence	none	exact_same_tibetan_syllable	low	defer	ཁོང་གླུ་ khon glu Lockruf.	Fewer than two case-sensitive compatible dotted anchors are available.
wts_1_34	276	92	1	ཁོང	Khon	Kho<FINAL_NASAL>	khoṅ	0		khoṅ:1; kboṅ:1	2	competing_latin_forms	source_compatible_insufficient_evidence	none	exact_same_tibetan_syllable	low	defer	ཁོང་སྒྲིལ་ Khon sgril Fesseln.	Fewer than two case-sensitive compatible dotted anchors are available.
wts_1_34	276	94	1	ཁོང	khon	kho<FINAL_NASAL>	khoṅ	1		kboṅ:1	2	competing_latin_forms	source_compatible_insufficient_evidence	none	exact_same_tibetan_syllable	low	defer	ཁོང་གཅོང་ khon gcon.	Fewer than two case-sensitive compatible dotted anchors are available.
wts_1_34	276	99	1	ཁོང	khon	kho<FINAL_NASAL>	khoṅ	1		kboṅ:1	2	damaged_context	source_compatible_damaged_context	latin_headword_overlap	exact_same_tibetan_syllable	manual	manual_alignment_review	ཁོང་སྙིང་ khon $/7/77 Fisenkette.	OCR damage overlaps or precedes the aligned headword phrase.
wts_1_34	276	105	1	ཁོང	khon	kho<FINAL_NASAL>	khoṅ	1		kboṅ:1	2	competing_latin_forms	source_compatible_insufficient_evidence	none	exact_same_tibetan_syllable	low	defer	།ཁོང་ཏ་ khon ta	Fewer than two case-sensitive compatible dotted anchors are available.
wts_1_34	276	114	1	ཁོང	khon	kho<FINAL_NASAL>	khoṅ	1		kboṅ:1	2	competing_latin_forms	source_compatible_insufficient_evidence	none	exact_same_tibetan_syllable	low	defer	ཁོང་ཏ་ khon ta pron. 3. pers.	Fewer than two case-sensitive compatible dotted anchors are available.
wts_1_34	276	120	1	ཁོང	khon	kho<FINAL_NASAL>	khoṅ	1		kboṅ:1	2	competing_latin_forms	source_compatible_insufficient_evidence	none	exact_same_tibetan_syllable	low	defer	ཁོང་དྭ་སྐྱིལ་ khon du skyil 1skyil 3.	Fewer than two case-sensitive compatible dotted anchors are available.
wts_1_34	276	121	1	ཁོང	khon	kho<FINAL_NASAL>	khoṅ	1		kboṅ:1	2	competing_latin_forms	source_compatible_insufficient_evidence	none	exact_same_tibetan_syllable	low	defer	ཁོང་ད་བཅུག་ khon du bcug etw. hineingeben,	Fewer than two case-sensitive compatible dotted anchors are available.
wts_1_34	276	131	1	ཁོང	khon	kho<FINAL_NASAL>	khoṅ	1		kboṅ:1	2	competing_latin_forms	source_compatible_insufficient_evidence	none	exact_same_tibetan_syllable	low	defer	ཁོང་དྲ་ཆུད་ khon du chud auch khons su chud	Fewer than two case-sensitive compatible dotted anchors are available.
wts_1_34	276	157	1	ཁོང	khon	kho<FINAL_NASAL>	khoṅ	1		kboṅ:1	2	competing_latin_forms	source_compatible_insufficient_evidence	none	exact_same_tibetan_syllable	low	defer	ཁོང་མ་ khon ma	Fewer than two case-sensitive compatible dotted anchors are available.
wts_1_34	276	169	1	ཁོང	khon	kho<FINAL_NASAL>	khoṅ	1		kboṅ:1	2	competing_latin_forms	source_compatible_insufficient_evidence	none	exact_same_tibetan_syllable	low	defer	ཁོང་ནོང་ khon non [divin.] ein Jahrgang.	Fewer than two case-sensitive compatible dotted anchors are available.
wts_1_34	276	177	1	ཁོང	khon	kho<FINAL_NASAL>	khoṅ	1		kboṅ:1	2	competing_latin_forms	source_compatible_insufficient_evidence	none	exact_same_tibetan_syllable	low	defer	ཁོང་པ་ ’khon pa das Innere, Körperinnere.	Fewer than two case-sensitive compatible dotted anchors are available.
wts_1_34	276	192	1	ཁོང	khon	kho<FINAL_NASAL>	khoṅ	1		kboṅ:1	2	competing_latin_forms	source_compatible_insufficient_evidence	none	exact_same_tibetan_syllable	low	defer	ཁོང་འྲབས་ khon ’bras Abszeß, Tumor.	Fewer than two case-sensitive compatible dotted anchors are available.
wts_1_34	276	206	1	ཁོང	khon	kho<FINAL_NASAL>	khoṅ	1		kboṅ:1	2	competing_latin_forms	source_compatible_insufficient_evidence	none	exact_same_tibetan_syllable	low	defer	ཁོང་མ་ khon ma auch kho ma eine Zimbel.	Fewer than two case-sensitive compatible dotted anchors are available.
wts_1_34	277	1	1	ཁོང	khon	kho<FINAL_NASAL>	khoṅ	1		kboṅ:1	2	competing_latin_forms	source_compatible_insufficient_evidence	none	exact_same_tibetan_syllable	low	defer	ཁོང་མོ་ khon mo	Fewer than two case-sensitive compatible dotted anchors are available.
wts_1_34	277	8	1	ཁོང	khon	kho<FINAL_NASAL>	khoṅ	1		kboṅ:1	2	competing_latin_forms	source_compatible_insufficient_evidence	none	exact_same_tibetan_syllable	low	defer	ཁོང་མོ་ khon mo wildes Yak.	Fewer than two case-sensitive compatible dotted anchors are available.
wts_1_34	277	11	1	ཁོང	khon	kho<FINAL_NASAL>	khoṅ	1		kboṅ:1	2	competing_latin_forms	source_compatible_insufficient_evidence	none	exact_same_tibetan_syllable	low	defer	ཁོང་ཡངས་པ་ khon yans pa weitherzig, aufge-	Fewer than two case-sensitive compatible dotted anchors are available.
wts_1_34	277	20	1	ཁོང	khon	kho<FINAL_NASAL>	khoṅ	1		kboṅ:1	2	competing_latin_forms	source_compatible_insufficient_evidence	none	exact_same_tibetan_syllable	low	defer	ཁོང་རང་ khon raṅ pron. 3. pers. er, sie, es	Fewer than two case-sensitive compatible dotted anchors are available.
wts_1_34	277	28	1	ཁོང	khon	kho<FINAL_NASAL>	khoṅ	1		kboṅ:1	2	competing_latin_forms	source_compatible_insufficient_evidence	none	exact_same_tibetan_syllable	low	defer	ཁོང་སིང་ khon sin I\khon sen Schlucht.	Fewer than two case-sensitive compatible dotted anchors are available.
wts_1_34	277	30	1	ཁོང	khon	kho<FINAL_NASAL>	khoṅ	1		kboṅ:1	2	competing_latin_forms	source_compatible_insufficient_evidence	none	exact_same_tibetan_syllable	low	defer	ཁོང་སུབས་ khon subs Anhang, Ergänzung.	Fewer than two case-sensitive compatible dotted anchors are available.
wts_1_34	277	51	1	ཁོང	khon	kho<FINAL_NASAL>	khoṅ	1		kboṅ:1	2	competing_latin_forms	source_compatible_insufficient_evidence	none	exact_same_tibetan_syllable	low	defer	ཁོང་སན་ khon sran geduldig.	Fewer than two case-sensitive compatible dotted anchors are available.
wts_1_34	277	57	1	ཁོང	khon	kho<FINAL_NASAL>	khoṅ	1		kboṅ:1	2	competing_latin_forms	source_compatible_insufficient_evidence	none	exact_same_tibetan_syllable	low	defer	ཁོང་གསེང་ khon gsen Tkhon sen.	Fewer than two case-sensitive compatible dotted anchors are available.
wts_1_34	277	65	1	ཁོང	khon	kho<FINAL_NASAL>	khoṅ	1		kboṅ:1	2	competing_latin_forms	source_compatible_insufficient_evidence	none	exact_same_tibetan_syllable	low	defer	ཁོང་ལྷོད་ khon lhod geduldig.	Fewer than two case-sensitive compatible dotted anchors are available.
wts_1_34	117	129	1	ཀློང	klon	klo<FINAL_NASAL>	kloṅ	3		groṅ:2	5	competing_latin_forms	source_compatible_dominant_consensus	none	exact_same_tibetan_syllable	high	exact_review_candidate	ཀློང་ klon.	
wts_1_34	117	165	1	ཀློང	klon	klo<FINAL_NASAL>	kloṅ	3		groṅ:2	5	competing_latin_forms	source_compatible_dominant_consensus	none	exact_same_tibetan_syllable	high	exact_review_candidate	ཀློང་སྒོམ་ klon sgom	
wts_1_34	117	172	1	ཀློང	klon	klo<FINAL_NASAL>	kloṅ	3		groṅ:2	5	competing_latin_forms	source_compatible_dominant_consensus	none	exact_same_tibetan_syllable	high	exact_review_candidate	ཀློང་དཀྱིལ་ klon dkyil Mitee.	
wts_1_34	117	184	1	ཀློང	klon	klo<FINAL_NASAL>	kloṅ	3		groṅ:2	5	competing_latin_forms	source_compatible_dominant_consensus	none	exact_same_tibetan_syllable	high	exact_review_candidate	ཀློང་འཁོར་ klon ’khor Strudel, Welle.	
wts_1_34	117	189	1	ཀློང	klon	klo<FINAL_NASAL>	kloṅ	3		groṅ:2	5	competing_latin_forms	source_compatible_dominant_consensus	none	exact_same_tibetan_syllable	high	exact_review_candidate	ཀློང་གི་མ་མོ་ klon gi ma mo Beiname der Srid-pa	
wts_1_34	117	196	1	ཀློང	klon	klo<FINAL_NASAL>	kloṅ	3		groṅ:2	5	competing_latin_forms	source_compatible_dominant_consensus	none	exact_same_tibetan_syllable	high	exact_review_candidate	ཀློང་གྲམ་ klon grum eine Art Dachs.	
wts_1_34	117	202	1	ཀློང	klon	klo<FINAL_NASAL>	kloṅ	3		groṅ:2	5	competing_latin_forms	source_compatible_dominant_consensus	none	exact_same_tibetan_syllable	high	exact_review_candidate	ཀློང་སྒོམ་ klon sgom die höchste von drei Medita-	
wts_1_34	118	23	1	ཀློང	klon	klo<FINAL_NASAL>	kloṅ	3		groṅ:2	5	competing_latin_forms	source_compatible_dominant_consensus	none	exact_same_tibetan_syllable	high	exact_review_candidate	ཀློང་ཐང་ klon thaṅ N. einer Region in ’Dan	
wts_1_34	118	29	1	ཀློང	klon	klo<FINAL_NASAL>	kloṅ	3		groṅ:2	5	competing_latin_forms	source_compatible_dominant_consensus	none	exact_same_tibetan_syllable	high	exact_review_candidate	ཀློང་དུ་གྱུར་པ་ klon du gyur pa.	
wts_1_34	118	40	1	ཀློང	klon	klo<FINAL_NASAL>	kloṅ	3		groṅ:2	5	competing_latin_forms	source_compatible_dominant_consensus	none	exact_same_tibetan_syllable	high	exact_review_candidate	ཀློང་རྡོལ་ klon rdol npr. ein Kloster in sKyid-śod,	
wts_1_34	118	44	1	ཀློང	klon	klo<FINAL_NASAL>	kloṅ	3		groṅ:2	5	competing_latin_forms	source_compatible_dominant_consensus	none	exact_same_tibetan_syllable	high	exact_review_candidate	ཀློང་རྡོལ་བླ་མ་ klon rdol bla ma npr. der Gelehrte	
wts_1_34	118	56	1	ཀློང	klon	klo<FINAL_NASAL>	kloṅ	3		groṅ:2	5	competing_latin_forms	source_compatible_dominant_consensus	none	exact_same_tibetan_syllable	high	exact_review_candidate	"ཀློང་ ""klon sde eine Abteilung der rDzogs-"	
wts_1_34	118	64	1	ཀློང	klon	klo<FINAL_NASAL>	kloṅ	3		groṅ:2	5	competing_latin_forms	source_compatible_dominant_consensus	none	exact_same_tibetan_syllable	high	exact_review_candidate	ཀློང་བརྡོལ་ klon brdol „aus der Mitte hervorkom-	
wts_1_34	118	74	1	ཀློང	klon	klo<FINAL_NASAL>	kloṅ	3		groṅ:2	5	competing_latin_forms	source_compatible_dominant_consensus	none	exact_same_tibetan_syllable	high	exact_review_candidate	ཀློང་པ་ klon pa Schmutz, Schlamm.	
wts_1_34	118	77	1	ཀློང	klon	klo<FINAL_NASAL>	kloṅ	3		groṅ:2	5	competing_latin_forms	source_compatible_dominant_consensus	none	exact_same_tibetan_syllable	high	exact_review_candidate	ཀློང་ཡངས་ klon yans ausgedehnt, weitherzig.	
wts_1_34	642	135	2	ཀློང	klon	klo<FINAL_NASAL>	kloṅ	3		groṅ:2	5	competing_latin_forms	source_compatible_dominant_consensus	none	exact_same_tibetan_syllable	high	exact_review_candidate	ཆུ་ཀློང་ chu klon Flußmitte.	
wts_1_34	675	26	2	ཀློང	klon	klo<FINAL_NASAL>	kloṅ	3		groṅ:2	5	competing_latin_forms	source_compatible_dominant_consensus	none	exact_same_tibetan_syllable	high	exact_review_candidate	ཆོས་ཀློང་ chos klon Allwissenheit, Meister-	
wts_1_34	675	30	2	ཀློང	klon	klo<FINAL_NASAL>	kloṅ	3		groṅ:2	5	damaged_context	source_compatible_damaged_context	latin_headword_overlap	exact_same_tibetan_syllable	manual	manual_alignment_review	ཆོས་ཀློང་རྙོག་ chos klon ?7709 aufgebracht sein.	OCR damage overlaps or precedes the aligned headword phrase.
wts_1_34	680	1	3	ཀློང	klon	klo<FINAL_NASAL>	kloṅ	3		groṅ:2	5	competing_latin_forms	source_compatible_dominant_consensus	none	exact_same_tibetan_syllable	high	exact_review_candidate	ཆོས་དབྱིངས་ཀློང་དུ་ chos dbyins klon du	
wts_1_34	721	142	2	ཀློང	klon	klo<FINAL_NASAL>	kloṅ	3		groṅ:2	5	competing_latin_forms	source_compatible_dominant_consensus	none	exact_same_tibetan_syllable	high	exact_review_candidate	འཇའ་ཀློང་ཡེ་ཤེས་ ja’ klon ye śes ein ritueller	
wts_1_34	109	55	1	ཀྲོང	kron	kro<FINAL_NASAL>	kroṅ	1			1	insufficient_consensus	source_compatible_insufficient_evidence	none	exact_same_tibetan_syllable	low	defer	ཀྲོང་ངེ་ kron ne	Fewer than two case-sensitive compatible dotted anchors are available.
wts_1_34	109	88	1	ཀྲོང	kron	kro<FINAL_NASAL>	kroṅ	1			1	insufficient_consensus	source_compatible_insufficient_evidence	none	exact_same_tibetan_syllable	low	defer	ཀྲོང་ཀྲོང་ kron kron.	Fewer than two case-sensitive compatible dotted anchors are available.
wts_1_34	109	88	2	ཀྲོང	kron	kro<FINAL_NASAL>	kroṅ	1			1	insufficient_consensus	source_compatible_insufficient_evidence	none	exact_same_tibetan_syllable	low	defer	ཀྲོང་ཀྲོང་ kron kron.	Fewer than two case-sensitive compatible dotted anchors are available.
wts_1_34	109	100	1	ཀྲོང	kron	kro<FINAL_NASAL>	kroṅ	1			1	insufficient_consensus	source_compatible_insufficient_evidence	none	exact_same_tibetan_syllable	low	defer	ཀྲོང་ངེ་ kron ne auch kran ne aufgerichtet, auf-	Fewer than two case-sensitive compatible dotted anchors are available.
wts_1_34	612	58	2	མདོང	mdon	mdo<FINAL_NASAL>	mdoṅ	1			1	insufficient_consensus	source_compatible_insufficient_evidence	none	exact_same_tibetan_syllable	low	defer	ལྕགས་མདོང་ lcags mdon	Fewer than two case-sensitive compatible dotted anchors are available.
wts_1_34	612	112	2	མདོང	mdon	mdo<FINAL_NASAL>	mdoṅ	1			1	insufficient_consensus	source_compatible_insufficient_evidence	none	exact_same_tibetan_syllable	low	defer	ལྕགས་མདོང་ lcags mdon Eisenrohr.	Fewer than two case-sensitive compatible dotted anchors are available.
wts_1_34	742	149	4	མེང	min	mi<FINAL_NASAL>	miṅ	2		maṅ:1	3	competing_latin_forms	source_compatible_structure_mismatch	none	consonantal_structure_mismatch	manual	syllable_specific_analysis	རྗེས་བསྒྲུབ་ཀྱི་མེང་ rjes bsgrub kyi min Metapher,	Proposed target omits an explicit Tibetan consonant or vowel feature: e; requires a syllable-specific analysis.
wts_1_34	189	140	2	མཇིང	mjin	mji<FINAL_NASAL>	mjiṅ	1			1	insufficient_consensus	source_compatible_insufficient_evidence	none	exact_same_tibetan_syllable	low	defer	སྐེ་མཇིང་ ske mjin Hals.	Fewer than two case-sensitive compatible dotted anchors are available.
wts_1_34	716	53	1	མཇིང	mjin	mji<FINAL_NASAL>	mjiṅ	1			1	insufficient_consensus	source_compatible_insufficient_evidence	none	exact_same_tibetan_syllable	low	defer	མཇིང་ནབ་ mjin nub	Fewer than two case-sensitive compatible dotted anchors are available.
wts_1_34	1067	12	1	མཐང	mthon	mtho<FINAL_NASAL>	mthoṅ	1			1	insufficient_consensus	source_compatible_insufficient_evidence	none	exact_same_tibetan_syllable	low	defer	མཐང་ཁབའ་ས། mthon ba’i sa „Stufe des Sehens	Fewer than two case-sensitive compatible dotted anchors are available.
wts_1_34	547	14	2	རྱོང	myon	myo<FINAL_NASAL>	myoṅ	2		mmyoṅ:1	3	competing_latin_forms	source_compatible_structure_mismatch	none	consonantal_structure_mismatch	manual	syllable_specific_analysis	དངོས་རྱོང་ dinos myon persönliche Wahrneh-	Proposed target omits an explicit Tibetan consonant or vowel feature: r; requires a syllable-specific analysis.
wts_1_34	748	107	3	མྐྱོང	myon	myo<FINAL_NASAL>	myoṅ	1			1	insufficient_consensus	source_compatible_insufficient_evidence	none	exact_same_tibetan_syllable	low	defer	རྗེས་སུ་མྐྱོང་ rjes su myon	Fewer than two case-sensitive compatible dotted anchors are available.
wts_1_34	248	148	2	ནིང	nin	ni<FINAL_NASAL>	niṅ	1		miṅ:1	2	competing_latin_forms	source_compatible_insufficient_evidence	none	exact_same_tibetan_syllable	low	defer	ཁ་ནིང་ kha nin letztes Jahr.	Fewer than two case-sensitive compatible dotted anchors are available.
wts_1_34	166	136	1	རྐྱོང	rkyon	rkyo<FINAL_NASAL>	rkyoṅ	1			1	insufficient_consensus	source_compatible_insufficient_evidence	none	exact_same_tibetan_syllable	low	defer	རྐྱོང་ rkyon pf. Ibrkyans bzw. lbrkyan fut.	Fewer than two case-sensitive compatible dotted anchors are available.
wts_1_34	157	25	2	རྟིང	rtin	rti<FINAL_NASAL>	rtiṅ	1			1	insufficient_consensus	source_compatible_insufficient_evidence	none	exact_same_tibetan_syllable	low	defer	རྐང་རྟིང་ rkaṅ rtin Ferse.	Fewer than two case-sensitive compatible dotted anchors are available.
wts_1_34	918	166	1	རྟིང	rtin	rti<FINAL_NASAL>	rtiṅ	1			1	insufficient_consensus	source_compatible_insufficient_evidence	none	exact_same_tibetan_syllable	low	defer	རྟིང་སྐྱེས་ rtin skyes Irtin nas skyes pa.	Fewer than two case-sensitive compatible dotted anchors are available.
wts_1_34	918	174	1	རྟིང	rtin	rti<FINAL_NASAL>	rtiṅ	1			1	insufficient_consensus	source_compatible_insufficient_evidence	none	exact_same_tibetan_syllable	low	defer	རྟིང་ནས་སྐྱེས་པ་ rtin nas skyes pa auch rtin skyes	Fewer than two case-sensitive compatible dotted anchors are available.
wts_1_34	919	3	1	རྟིང	rtin	rti<FINAL_NASAL>	rtiṅ	1			1	insufficient_consensus	source_compatible_insufficient_evidence	none	exact_same_tibetan_syllable	low	defer	རྟིང་འབྲང་བ་ rtin ’braṅ ba Gefährte; vgl. !rtin	Fewer than two case-sensitive compatible dotted anchors are available.
wts_1_34	919	25	1	རྟིང	rtin	rti<FINAL_NASAL>	rtiṅ	1			1	insufficient_consensus	source_compatible_insufficient_evidence	none	exact_same_tibetan_syllable	low	defer	རྟིང་སོར་ rtin sor in Zukunft, später.	Fewer than two case-sensitive compatible dotted anchors are available.
wts_1_34	919	36	1	རྟིང	rtin	rti<FINAL_NASAL>	rtiṅ	1			1	insufficient_consensus	source_compatible_insufficient_evidence	none	exact_same_tibetan_syllable	low	defer	རྟིང་ལྷམ་ rtin lham Halbschuh.	Fewer than two case-sensitive compatible dotted anchors are available.
wts_1_34	1203	75	2	རྟིང	rtin	rti<FINAL_NASAL>	rtiṅ	1			1	insufficient_consensus	source_compatible_insufficient_evidence	none	exact_same_tibetan_syllable	low	defer	དེ་རྟིང་ de rtin Kurzf. für de’i rtiṅ la dann, da-	Fewer than two case-sensitive compatible dotted anchors are available.
wts_1_34	341	1	2	རུང	run	ru<FINAL_NASAL>	ruṅ	1			1	insufficient_consensus	source_compatible_insufficient_evidence	none	exact_same_tibetan_syllable	low	defer	གང་རུང་ gar run	Fewer than two case-sensitive compatible dotted anchors are available.
wts_1_34	580	1	3	རུང	run	ru<FINAL_NASAL>	ruṅ	1			1	insufficient_consensus	source_compatible_insufficient_evidence	none	exact_same_tibetan_syllable	low	defer	ཅཾ་མ་རུང་ ci ma run	Fewer than two case-sensitive compatible dotted anchors are available.
wts_1_34	580	41	3	རུང	run	ru<FINAL_NASAL>	ruṅ	1			1	insufficient_consensus	source_compatible_insufficient_evidence	none	exact_same_tibetan_syllable	low	defer	ཅི་མ་རུང་ ci ma run wenn doch nur!	Fewer than two case-sensitive compatible dotted anchors are available.
wts_1_34	731	190	3	རུང	run	ru<FINAL_NASAL>	ruṅ	1			1	insufficient_consensus	source_compatible_insufficient_evidence	later_gloss_or_commentary	exact_same_tibetan_syllable	low	defer	འཇིགས་སུ་རུང་བ་ gs su run ba [ ?/0$ run.	Fewer than two case-sensitive compatible dotted anchors are available.
wts_1_34	1018	20	4	རུང	run	ru<FINAL_NASAL>	ruṅ	1			1	insufficient_consensus	source_compatible_insufficient_evidence	none	exact_same_tibetan_syllable	low	defer	ཐུན་ཚོད་དུ་རུང་བ་ thun tshod du run ba „eine	Fewer than two case-sensitive compatible dotted anchors are available.
wts_1_34	1192	1	3	རུང	run	ru<FINAL_NASAL>	ruṅ	1			1	insufficient_consensus	source_compatible_insufficient_evidence	none	exact_same_tibetan_syllable	low	defer	དུས་སུ་རུང་བ་ dus su run ba	Fewer than two case-sensitive compatible dotted anchors are available.
wts_1_34	117	23	4	སྡེང	sden	sde<FINAL_NASAL>	sdeṅ	1			1	insufficient_consensus	source_compatible_insufficient_evidence	none	exact_same_tibetan_syllable	low	defer	ཀློ མི་སྐྱ་སྡེང་ klo mi skya sden npr. ein Volk.	Fewer than two case-sensitive compatible dotted anchors are available.
wts_1_34	277	28	2	སིང	sin	si<FINAL_NASAL>	siṅ	1			1	insufficient_consensus	source_compatible_insufficient_evidence	none	exact_same_tibetan_syllable	low	defer	ཁོང་སིང་ khon sin I\khon sen Schlucht.	Fewer than two case-sensitive compatible dotted anchors are available.
wts_1_34	819	167	1	སྙིང	sin	si<FINAL_NASAL>	siṅ	3		sāiṅ:1; sñiṅ:1; stiṅ:1	6	competing_latin_forms	source_compatible_structure_mismatch	none	consonantal_structure_mismatch	manual	syllable_specific_analysis	སྙིང་ཁམས་ཆེ་བ་ sin khams che ba unver-	Proposed target omits an explicit Tibetan consonant or vowel feature: ny; requires a syllable-specific analysis.
wts_1_34	821	3	1	སྙིང	sin	si<FINAL_NASAL>	siṅ	3		sāiṅ:1; sñiṅ:1; stiṅ:1	6	competing_latin_forms	source_compatible_structure_mismatch	none	consonantal_structure_mismatch	manual	syllable_specific_analysis	སྙིང་རྗེ་བ་ sin rje ba das Mitleiderregende, eine	Proposed target omits an explicit Tibetan consonant or vowel feature: ny; requires a syllable-specific analysis.
wts_1_34	821	87	1	སྙིང	sin	si<FINAL_NASAL>	siṅ	3		sāiṅ:1; sñiṅ:1; stiṅ:1	6	competing_latin_forms	source_compatible_structure_mismatch	none	consonantal_structure_mismatch	manual	syllable_specific_analysis	སྙིང་སྟོབས་ sin stobs.	Proposed target omits an explicit Tibetan consonant or vowel feature: ny; requires a syllable-specific analysis.
wts_1_34	821	116	1	སྙིང	sin	si<FINAL_NASAL>	siṅ	3		sāiṅ:1; sñiṅ:1; stiṅ:1	6	competing_latin_forms	source_compatible_structure_mismatch	none	consonantal_structure_mismatch	manual	syllable_specific_analysis	སྙིང་སྟོབས་ཅན་ sin stobs can	Proposed target omits an explicit Tibetan consonant or vowel feature: ny; requires a syllable-specific analysis.
wts_1_34	821	199	1	སྙིང	sin	si<FINAL_NASAL>	siṅ	3		sāiṅ:1; sñiṅ:1; stiṅ:1	6	competing_latin_forms	source_compatible_structure_mismatch	later_gloss_or_commentary	consonantal_structure_mismatch	manual	syllable_specific_analysis	སྙིང་རྡེང་ sin rden 7577/77 gden.	Proposed target omits an explicit Tibetan consonant or vowel feature: ny; requires a syllable-specific analysis.
wts_1_34	821	208	1	སྙིང	sin	si<FINAL_NASAL>	siṅ	3		sāiṅ:1; sñiṅ:1; stiṅ:1	6	competing_latin_forms	source_compatible_structure_mismatch	later_gloss_or_commentary	consonantal_structure_mismatch	manual	syllable_specific_analysis	སྙིང་སྡོས་ sin sdos auch $77//77 gelos Mut, Aus-	Proposed target omits an explicit Tibetan consonant or vowel feature: ny; requires a syllable-specific analysis.
wts_1_34	822	1	1	སྙིང	sin	si<FINAL_NASAL>	siṅ	3		sāiṅ:1; sñiṅ:1; stiṅ:1	6	competing_latin_forms	source_compatible_structure_mismatch	none	consonantal_structure_mismatch	manual	syllable_specific_analysis	སྙིང་ནད་ sin nad	Proposed target omits an explicit Tibetan consonant or vowel feature: ny; requires a syllable-specific analysis.
wts_1_34	822	106	1	སྙིང	sin	si<FINAL_NASAL>	siṅ	3		sāiṅ:1; sñiṅ:1; stiṅ:1	6	competing_latin_forms	source_compatible_structure_mismatch	none	consonantal_structure_mismatch	manual	syllable_specific_analysis	སྙིང་པོ་མཁྲེགས་ sin po mkhregs	Proposed target omits an explicit Tibetan consonant or vowel feature: ny; requires a syllable-specific analysis.
wts_1_34	822	171	1	སྙིང	sin	si<FINAL_NASAL>	siṅ	3		sāiṅ:1; sñiṅ:1; stiṅ:1	6	competing_latin_forms	source_compatible_structure_mismatch	none	consonantal_structure_mismatch	manual	syllable_specific_analysis	སྙིང་པོ་མཆོག་ sin po mchog eine hohe Zahl.	Proposed target omits an explicit Tibetan consonant or vowel feature: ny; requires a syllable-specific analysis.
wts_1_34	822	179	1	སྙིང	sin	si<FINAL_NASAL>	siṅ	3		sāiṅ:1; sñiṅ:1; stiṅ:1	6	competing_latin_forms	source_compatible_structure_mismatch	none	consonantal_structure_mismatch	manual	syllable_specific_analysis	སྙིང་པོ་ཐུགས་ཀྱེ་དབང་ sin po thugs kyi dbaṅ	Proposed target omits an explicit Tibetan consonant or vowel feature: ny; requires a syllable-specific analysis.
wts_1_34	823	44	1	སྙིང	sin	si<FINAL_NASAL>	siṅ	3		sāiṅ:1; sñiṅ:1; stiṅ:1	6	competing_latin_forms	source_compatible_structure_mismatch	later_gloss_or_commentary	consonantal_structure_mismatch	manual	syllable_specific_analysis	སྙིང་མ་རིངས་པ་་ sin ma rins pa {5/7//) rin.	Proposed target omits an explicit Tibetan consonant or vowel feature: ny; requires a syllable-specific analysis.
wts_1_34	824	42	1	སྙིང	sin	si<FINAL_NASAL>	siṅ	3		sāiṅ:1; sñiṅ:1; stiṅ:1	6	competing_latin_forms	source_compatible_structure_mismatch	none	consonantal_structure_mismatch	manual	syllable_specific_analysis	སྙིང་ཤེད་ sin sed Mut.	Proposed target omits an explicit Tibetan consonant or vowel feature: ny; requires a syllable-specific analysis.
wts_1_34	1275	1	4	སྙིང	sin	si<FINAL_NASAL>	siṅ	3		sāiṅ:1; sñiṅ:1; stiṅ:1	6	competing_latin_forms	source_compatible_structure_mismatch	none	consonantal_structure_mismatch	manual	syllable_specific_analysis	དོམ་མགོ་གླང་སྙིང་ dom mgo glaṅ sin	Proposed target omits an explicit Tibetan consonant or vowel feature: ny; requires a syllable-specific analysis.
wts_1_34	82	132	3	སློང	slon	slo<FINAL_NASAL>	sloṅ	1		slonṅ:1	2	competing_latin_forms	source_compatible_insufficient_evidence	none	exact_same_tibetan_syllable	low	defer	ཀུན་ནས་སློང་བ་ kun nas slon ba, Kurzf. \kun slon.	Fewer than two case-sensitive compatible dotted anchors are available.
wts_1_34	82	157	3	སློང	slon	slo<FINAL_NASAL>	sloṅ	1		slonṅ:1	2	competing_latin_forms	source_compatible_insufficient_evidence	none	exact_same_tibetan_syllable	low	defer	ཀུན་ནས་སློང་བ་པོ་ kun nas slon ba po „der Erhe-	Fewer than two case-sensitive compatible dotted anchors are available.
wts_1_34	87	155	2	སློང	slon	slo<FINAL_NASAL>	sloṅ	1		slonṅ:1	2	competing_latin_forms	source_compatible_insufficient_evidence	none	exact_same_tibetan_syllable	low	defer	ཀུན་སློང་ kun slon	Fewer than two case-sensitive compatible dotted anchors are available.
wts_1_34	87	195	2	སློང	slon	slo<FINAL_NASAL>	sloṅ	1		slonṅ:1	2	competing_latin_forms	source_compatible_insufficient_evidence	later_gloss_or_commentary	exact_same_tibetan_syllable	low	defer	ཀུན་སློང་ kun slon, Kurzf. für Tkun 7775 slon ba.	Fewer than two case-sensitive compatible dotted anchors are available.
wts_1_34	88	1	2	སློང	slon	slo<FINAL_NASAL>	sloṅ	1		slonṅ:1	2	competing_latin_forms	source_compatible_insufficient_evidence	none	exact_same_tibetan_syllable	low	defer	ཀུན་སློང་ཅན་ kun slon can	Fewer than two case-sensitive compatible dotted anchors are available.
wts_1_34	88	8	2	སློང	slon	slo<FINAL_NASAL>	sloṅ	1		slonṅ:1	2	competing_latin_forms	source_compatible_insufficient_evidence	none	exact_same_tibetan_syllable	low	defer	ཀུན་སློང་ཅན་ kun slon can mit bösen Gedanken,	Fewer than two case-sensitive compatible dotted anchors are available.
wts_1_34	230	39	2	སློང	slon	slo<FINAL_NASAL>	sloṅ	1		slonṅ:1	2	competing_latin_forms	source_compatible_insufficient_evidence	none	exact_same_tibetan_syllable	low	defer	བསྐུལ་སློང་ bskul slon Anregung.	Fewer than two case-sensitive compatible dotted anchors are available.
wts_1_34	256	80	2	སློང	slon	slo<FINAL_NASAL>	sloṅ	1		slonṅ:1	2	competing_latin_forms	source_compatible_insufficient_evidence	none	exact_same_tibetan_syllable	low	defer	ཁ་སློང་ kha slon pf. lkha bslans ergänzen.	Fewer than two case-sensitive compatible dotted anchors are available.
wts_1_34	413	26	3	སློང	slon	slo<FINAL_NASAL>	sloṅ	1		slonṅ:1	2	competing_latin_forms	source_compatible_insufficient_evidence	none	exact_same_tibetan_syllable	low	defer	དགེ་བར་སློང་ dge bar slon Bez. für Rsi.	Fewer than two case-sensitive compatible dotted anchors are available.
wts_1_34	414	106	2	སློང	slon	slo<FINAL_NASAL>	sloṅ	1		slonṅ:1	2	competing_latin_forms	source_compatible_insufficient_evidence	none	exact_same_tibetan_syllable	low	defer	དགེ་སློང་ dge slon	Fewer than two case-sensitive compatible dotted anchors are available.
wts_1_34	414	115	2	སློང	slon	slo<FINAL_NASAL>	sloṅ	1		slonṅ:1	2	competing_latin_forms	source_compatible_insufficient_evidence	none	exact_same_tibetan_syllable	low	defer	དགེ་སློང་ dge slon.	Fewer than two case-sensitive compatible dotted anchors are available.
wts_1_34	414	198	2	སློང	slon	slo<FINAL_NASAL>	sloṅ	1		slonṅ:1	2	competing_latin_forms	source_compatible_insufficient_evidence	none	exact_same_tibetan_syllable	low	defer	དགེ་སློང་ཆབ་རིལ་ dge slon chab ril eine Pflanze,	Fewer than two case-sensitive compatible dotted anchors are available.
wts_1_34	530	187	2	སློང	slon	slo<FINAL_NASAL>	sloṅ	1		slonṅ:1	2	competing_latin_forms	source_compatible_insufficient_evidence	none	exact_same_tibetan_syllable	low	defer	ངར་སློང་ nar slon ermutigen, anspornen.	Fewer than two case-sensitive compatible dotted anchors are available.
wts_1_34	769	45	2	སློང	slon	slo<FINAL_NASAL>	sloṅ	1		slonṅ:1	2	competing_latin_forms	source_compatible_insufficient_evidence	none	exact_same_tibetan_syllable	low	defer	ཉལ་སློང་ al slon Bez. für Weisheit.	Fewer than two case-sensitive compatible dotted anchors are available.
wts_1_34	1169	48	2	སློང	slon	slo<FINAL_NASAL>	sloṅ	1		slonṅ:1	2	competing_latin_forms	source_compatible_insufficient_evidence	later_gloss_or_commentary	exact_same_tibetan_syllable	low	defer	དུར་སློང་ dur slon '[0[6112617611]101116,	Fewer than two case-sensitive compatible dotted anchors are available.
wts_1_34	528	121	2	སྲོང	spoh	spo<FINAL_NASAL>	spoṅ	2		sroṅ:1	3	syllable_structure_mismatch	source_compatible_structure_mismatch	none	consonantal_structure_mismatch	manual	syllable_specific_analysis	ངན་སྲོང་བུ་ nan spoh bu Bez. für Venus bzw.	Proposed target omits explicit Tibetan subjoined r; requires a syllable-specific analysis.
wts_1_34	769	151	2	སྲོང	spon	spo<FINAL_NASAL>	spoṅ	2		sroṅ:1	3	syllable_structure_mismatch	source_compatible_structure_mismatch	none	consonantal_structure_mismatch	manual	syllable_specific_analysis	ཉལ་སྲོང་ nal spon Bez. für Weisheit.	Proposed target omits explicit Tibetan subjoined r; requires a syllable-specific analysis.
wts_1_34	77	104	3	སྲང	srun	sru<FINAL_NASAL>	sruṅ	1		ssdaṅ:1; seruṅ:1; sriṅ:1	4	competing_latin_forms	source_compatible_insufficient_evidence	none	exact_same_tibetan_syllable	low	defer	ན་ཏུ་སྲང་བ kun tu srun ba sc > 3	Fewer than two case-sensitive compatible dotted anchors are available.
wts_1_34	128	89	2	སྲང	srun	sru<FINAL_NASAL>	sruṅ	1		ssdaṅ:1; seruṅ:1; sriṅ:1	4	competing_latin_forms	source_compatible_insufficient_evidence	none	exact_same_tibetan_syllable	low	defer	དཀོར་སྲང་རྒྱལ་པོ་ dkor srun rgyal po Beiname der	Fewer than two case-sensitive compatible dotted anchors are available.
wts_1_34	988	91	1	ཐྲང	than	tha<FINAL_NASAL>	thaṅ	1			1	syllable_structure_mismatch	source_compatible_structure_mismatch	none	consonantal_structure_mismatch	manual	syllable_specific_analysis	ཐྲང་དཀར་ than dkar auch than kar.	Proposed target omits explicit Tibetan subjoined r; requires a syllable-specific analysis.
wts_1_34	277	188	2	ཏིང	tin	ti<FINAL_NASAL>	tiṅ	1		dziṅ:1	2	competing_latin_forms	source_compatible_insufficient_evidence	none	exact_same_tibetan_syllable	low	defer	ཁོམ་ཏིང་ khom tin tiefsitzend.	Fewer than two case-sensitive compatible dotted anchors are available.
wts_1_34	874	140	1	ཏིང	tin	ti<FINAL_NASAL>	tiṅ	1		dziṅ:1	2	competing_latin_forms	source_compatible_insufficient_evidence	none	exact_same_tibetan_syllable	low	defer	ཏིང་ tin ein Gefäß, Schale; vgl. chin, SH ting	Fewer than two case-sensitive compatible dotted anchors are available.
wts_1_34	874	152	1	ཏིང	tin	ti<FINAL_NASAL>	tiṅ	1		dziṅ:1	2	competing_latin_forms	source_compatible_insufficient_evidence	none	exact_same_tibetan_syllable	low	defer	ཏིང་ཀྲས་ tin kras cin Vogel.	Fewer than two case-sensitive compatible dotted anchors are available.
wts_1_34	874	157	1	ཏིང	tin	ti<FINAL_NASAL>	tiṅ	1		dziṅ:1	2	competing_latin_forms	source_compatible_insufficient_evidence	none	exact_same_tibetan_syllable	low	defer	ཏིང་ཁྲོལ་ tin khrol ein Laut.	Fewer than two case-sensitive compatible dotted anchors are available.
wts_1_34	874	169	1	ཏིང	tin	ti<FINAL_NASAL>	tiṅ	1		dziṅ:1	2	competing_latin_forms	source_compatible_insufficient_evidence	none	exact_same_tibetan_syllable	low	defer	ཏིང་ ངེ་ འཛིན་ tin he ’dzin	Fewer than two case-sensitive compatible dotted anchors are available.
wts_1_34	874	171	1	ཏིང	tin	ti<FINAL_NASAL>	tiṅ	1		dziṅ:1	2	competing_latin_forms	source_compatible_insufficient_evidence	none	exact_same_tibetan_syllable	low	defer	ཏིང་ངེ་འཛིན་ tin ne ’dzin auch tin ’dzin.	Fewer than two case-sensitive compatible dotted anchors are available.
wts_1_34	875	1	1	ཏིང	tin	ti<FINAL_NASAL>	tiṅ	1		dziṅ:1	2	competing_latin_forms	source_compatible_insufficient_evidence	none	exact_same_tibetan_syllable	low	defer	ཏིང་ངེ་འཛིན་་ tin ne ’dzin ...	Fewer than two case-sensitive compatible dotted anchors are available.
wts_1_34	875	111	1	ཏིང	tin	ti<FINAL_NASAL>	tiṅ	1		dziṅ:1	2	competing_latin_forms	source_compatible_insufficient_evidence	none	exact_same_tibetan_syllable	low	defer	ཏིང་ངེ་འཛིན་་”་ tin ne ’dzin ...	Fewer than two case-sensitive compatible dotted anchors are available.
wts_1_34	875	146	1	ཏིང	tin	ti<FINAL_NASAL>	tiṅ	1		dziṅ:1	2	competing_latin_forms	source_compatible_insufficient_evidence	none	exact_same_tibetan_syllable	low	defer	ཏིང་མཐའ་ tin imtha’ finites Verb, skt. tinanta.	Fewer than two case-sensitive compatible dotted anchors are available.
wts_1_34	875	149	1	ཏིང	tin	ti<FINAL_NASAL>	tiṅ	1		dziṅ:1	2	competing_latin_forms	source_compatible_insufficient_evidence	none	exact_same_tibetan_syllable	low	defer	ཏིང་མཐོའི་ཚིག་ tin mtho’i tshig irrt. für tin	Fewer than two case-sensitive compatible dotted anchors are available.
wts_1_34	875	177	1	ཏིང	tin	ti<FINAL_NASAL>	tiṅ	1		dziṅ:1	2	competing_latin_forms	source_compatible_insufficient_evidence	later_gloss_or_commentary	exact_same_tibetan_syllable	low	defer	ཏིང་ཞི་ tin Zi 72. Silber oder Türkis.	Fewer than two case-sensitive compatible dotted anchors are available.
wts_1_34	875	194	1	ཏིང	tin	ti<FINAL_NASAL>	tiṅ	1		dziṅ:1	2	competing_latin_forms	source_compatible_insufficient_evidence	none	exact_same_tibetan_syllable	low	defer	ཏིང་ལོ་ tin lo winzige Schalen aus Teig, vgl.	Fewer than two case-sensitive compatible dotted anchors are available.
wts_1_34	875	205	1	ཏིང	tin	ti<FINAL_NASAL>	tiṅ	1		dziṅ:1	2	competing_latin_forms	source_compatible_insufficient_evidence	none	exact_same_tibetan_syllable	low	defer	ཏིང་ལོ་ཏིང་སྨན་ tin lo tin sman ein gäi bdag in	Fewer than two case-sensitive compatible dotted anchors are available.
wts_1_34	875	205	3	ཏིང	tin	ti<FINAL_NASAL>	tiṅ	1		dziṅ:1	2	competing_latin_forms	source_compatible_insufficient_evidence	none	exact_same_tibetan_syllable	low	defer	ཏིང་ལོ་ཏིང་སྨན་ tin lo tin sman ein gäi bdag in	Fewer than two case-sensitive compatible dotted anchors are available.
wts_1_34	876	11	1	ཏིང	tin	ti<FINAL_NASAL>	tiṅ	1		dziṅ:1	2	competing_latin_forms	source_compatible_insufficient_evidence	none	exact_same_tibetan_syllable	low	defer	ཏིང་ཤོ་ tin so ZZ. Fluß.	Fewer than two case-sensitive compatible dotted anchors are available.
wts_1_34	1100	1	2	འཚང	tshan	tsha<FINAL_NASAL>	tshaṅ	1		shaṅ:1	2	competing_latin_forms	source_compatible_insufficient_evidence	none	exact_same_tibetan_syllable	low	defer	དག་འཚང་བྱས་ dag ’tshan byas	Fewer than two case-sensitive compatible dotted anchors are available.
wts_1_34	1100	3	2	འཚང	tshan	tsha<FINAL_NASAL>	tshaṅ	1		shaṅ:1	2	competing_latin_forms	source_compatible_insufficient_evidence	none	exact_same_tibetan_syllable	low	defer	དག་འཚང་བྱས་ dag ’tshan byas pf. bereinigen.	Fewer than two case-sensitive compatible dotted anchors are available.
wts_35_51	499	11	2	དགུང	dgun	dgu<FINAL_NASAL>	dguṅ	1			1	insufficient_consensus	source_compatible_insufficient_evidence	none	exact_same_tibetan_syllable	low	defer	གནམ་དགུང་ gnam dgun.	Fewer than two case-sensitive compatible dotted anchors are available.
wts_35_51	1050	12	2	གཡང	g.yan	g.ya<FINAL_NASAL>	g.yaṅ	1			1	insufficient_consensus	source_compatible_insufficient_evidence	none	exact_same_tibetan_syllable	low	defer	ཕྱུ་གཡང་ phywa g.yan auch phya g.yari Glück;	Fewer than two case-sensitive compatible dotted anchors are available.
wts_35_51	1111	15	1	འཕྲང	phran	phra<FINAL_NASAL>	phraṅ	3		phaṅ:2; plraṅ:1; siṅ:1	7	competing_latin_forms	source_compatible_marker_attached	none	exact_same_tibetan_syllable	manual	separate_marker_and_final_ng_review	འཕྲང་འཕྲེང་ /phran phreṅ Verlangen.	Reference-marker reconstruction requires independent evidence.
wts_35_51	1108	42	1	འཕྱོང	phyon	phyo<FINAL_NASAL>	phyoṅ	1			1	insufficient_consensus	source_compatible_insufficient_evidence	none	exact_same_tibetan_syllable	low	defer	"འཕྱོང་ ""phyon"	Fewer than two case-sensitive compatible dotted anchors are available.
wts_35_51	1108	76	1	འཕྱོང	phyon	phyo<FINAL_NASAL>	phyoṅ	1			1	insufficient_consensus	source_compatible_insufficient_evidence	none	exact_same_tibetan_syllable	low	defer	"འཕྱོང་ ""phyon auch 'phyons aufhängen, vgl."	Fewer than two case-sensitive compatible dotted anchors are available.
wts_35_51	756	63	2	སྡིང	sdih	sdi<FINAL_NASAL>	sdiṅ	1			1	insufficient_consensus	source_compatible_insufficient_evidence	none	exact_same_tibetan_syllable	low	defer	དཔྱད་སྡིང་བཅུ་གསུམ་ dpyad sdih ben gsum eine	Fewer than two case-sensitive compatible dotted anchors are available.
wts_8_b	330	74	1	བློང	blon	blo<FINAL_NASAL>	bloṅ	1			1	insufficient_consensus	source_compatible_insufficient_evidence	none	exact_same_tibetan_syllable	low	defer	བློང་ 'blon.	Fewer than two case-sensitive compatible dotted anchors are available.
wts_8_b	331	13	2	བློང	blon	blo<FINAL_NASAL>	bloṅ	1			1	insufficient_consensus	source_compatible_insufficient_evidence	none	exact_same_tibetan_syllable	low	defer	བྲོང་བློང་ bloṅ blon.	Fewer than two case-sensitive compatible dotted anchors are available.
wts_8_b	102	59	2	ཏིང	tin	ti<FINAL_NASAL>	tiṅ	1		dziṅ:1	2	competing_latin_forms	source_compatible_insufficient_evidence	none	exact_same_tibetan_syllable	low	defer	བུར་ཏིང་ bur tin.	Fewer than two case-sensitive compatible dotted anchors are available.
wts_9_m	330	13	2	གཡང	g.yan	g.ya<FINAL_NASAL>	g.yaṅ	1			1	insufficient_consensus	source_compatible_insufficient_evidence	none	exact_same_tibetan_syllable	low	defer	རྨ་གཡང་ནོར་ rma g.yan nor npr. eine Gegend.	Fewer than two case-sensitive compatible dotted anchors are available.
