tibetan_syllable	baseline_target	current_target	baseline_status	current_status	migration_disposition	rationale
གནག	gnag	gnag	canonical_feature_composed	feature_complete_unique	retained	Current strict composition matches the baseline target.
གནུབ	gnub	gnub	canonical_feature_composed	feature_complete_target_support_insufficient	downgraded	nonadmissible_observation
གནོག	gnog	gnog	canonical_feature_composed	feature_complete_target_support_insufficient	downgraded	nonadmissible_observation
གནོང	gnoṅ	gnoṅ	canonical_feature_composed	feature_complete_unique	retained	Current strict composition matches the baseline target.
གཞག	gźag	gźag	canonical_feature_composed	feature_complete_unique	retained	Current strict composition matches the baseline target.
གཞོན	gźon	gźon	canonical_feature_composed	feature_complete_unique	retained	Current strict composition matches the baseline target.
གཞོམ	gźom	gźom	canonical_feature_composed	feature_complete_unique	retained	Current strict composition matches the baseline target.
གྱག	gyag	gyag	canonical_feature_composed	feature_complete_target_support_insufficient	downgraded	nonadmissible_observation
གྱད	gyad	gyad	canonical_feature_composed	feature_complete_unique	retained	Current strict composition matches the baseline target.
གྱམ	gyam	gyam	canonical_feature_composed	feature_complete_target_support_insufficient	downgraded	nonadmissible_observation
གྱིག	gyig	gyig	canonical_feature_composed	feature_complete_target_support_insufficient	downgraded	nonadmissible_observation
གྱིང	gyiṅ	gyiṅ	canonical_feature_composed	feature_complete_target_support_insufficient	downgraded	alternate_witness_only
གྱིན	gyin	gyin	canonical_feature_composed	feature_complete_unique	retained	Current strict composition matches the baseline target.
གྱོ	gyo	gyo	canonical_feature_composed	feature_complete_target_support_insufficient	downgraded	nonadmissible_observation
གྱོག	gyog	gyog	canonical_feature_composed	feature_complete_target_support_insufficient	downgraded	nonadmissible_observation
གྱོགས	gyogs	gyogs	canonical_feature_composed	feature_complete_target_support_insufficient	downgraded	nonadmissible_observation
གྱོང	gyoṅ	gyoṅ	canonical_feature_composed	feature_complete_unique	retained	Current strict composition matches the baseline target.
གྱོད	gyod	gyod	canonical_feature_composed	feature_complete_unique	retained	Current strict composition matches the baseline target.
གྱོན	gyon	gyon	canonical_feature_composed	feature_complete_unique	retained	Current strict composition matches the baseline target.
གྱོས	gyos	gyos	canonical_feature_composed	feature_complete_target_support_insufficient	downgraded	nonadmissible_observation
གྲག	grag	grag	canonical_feature_composed	feature_complete_unique	retained	Current strict composition matches the baseline target.
གྲགས	grags	grags	canonical_feature_composed	feature_complete_unique	retained	Current strict composition matches the baseline target.
གྲངས	graṅs	graṅs	canonical_feature_composed	feature_complete_target_support_insufficient	downgraded	nonadmissible_observation
གྲབས	grabs	grabs	canonical_feature_composed	feature_complete_unique	retained	Current strict composition matches the baseline target.
གྲམ	gram	gram	canonical_feature_composed	feature_complete_unique	retained	Current strict composition matches the baseline target.
གྲིབ	grib	grib	canonical_feature_composed	feature_complete_unique	retained	Current strict composition matches the baseline target.
གྲིབས	gribs	gribs	canonical_feature_composed	feature_complete_target_support_insufficient	downgraded	nonadmissible_observation
གྲིམ	grim	grim	canonical_feature_composed	feature_complete_target_support_insufficient	downgraded	nonadmissible_observation
གྲིམས	grims	grims	canonical_feature_composed	feature_complete_unique	retained	Current strict composition matches the baseline target.
གྲུགས	grugs	grugs	canonical_feature_composed	feature_complete_target_support_insufficient	downgraded	nonadmissible_observation
གྲུང	gruṅ	gruṅ	canonical_feature_composed	feature_complete_unique	retained	Current strict composition matches the baseline target.
གྲུམ	grum	grum	canonical_feature_composed	feature_complete_unique	retained	Current strict composition matches the baseline target.
གྲུས	grus	grus	canonical_feature_composed	feature_complete_target_support_insufficient	downgraded	nonadmissible_observation
གྲོག	grog	grog	canonical_feature_composed	feature_complete_unique	retained	Current strict composition matches the baseline target.
གྲོང	groṅ	groṅ	canonical_feature_composed	feature_complete_unique	retained	Current strict composition matches the baseline target.
གྲོངས	groṅs	groṅs	canonical_feature_composed	feature_complete_target_support_insufficient	downgraded	nonadmissible_observation
གྲོན	gron	gron	canonical_feature_composed	feature_complete_target_support_insufficient	downgraded	nonadmissible_observation
གྲོམ	grom	grom	canonical_feature_composed	feature_complete_target_support_insufficient	downgraded	nonadmissible_observation
གླག	glag	glag	canonical_feature_composed	feature_complete_unique	retained	Current strict composition matches the baseline target.
གླགས	glags	glags	canonical_feature_composed	feature_complete_unique	retained	Current strict composition matches the baseline target.
གླན	glan	glan	canonical_feature_composed	feature_complete_unique	retained	Current strict composition matches the baseline target.
གླམ	glam	glam	canonical_feature_composed	feature_complete_target_support_insufficient	downgraded	nonadmissible_observation
གླས	glas	glas	canonical_feature_composed	feature_complete_unique	retained	Current strict composition matches the baseline target.
གླུད	glud	glud	canonical_feature_composed	feature_complete_unique	retained	Current strict composition matches the baseline target.
གླུམ	glum	glum	canonical_feature_composed	feature_complete_unique	retained	Current strict composition matches the baseline target.
གློ	glo	glo	canonical_feature_composed	feature_complete_unique	retained	Current strict composition matches the baseline target.
གློག	glog	glog	canonical_feature_composed	feature_complete_unique	retained	Current strict composition matches the baseline target.
གློད	glod	glod	canonical_feature_composed	feature_complete_unique	retained	Current strict composition matches the baseline target.
གློན	glon	glon	canonical_feature_composed	feature_complete_target_support_insufficient	downgraded	nonadmissible_observation
གློས	glos	glos	canonical_feature_composed	feature_complete_target_support_insufficient	downgraded	nonadmissible_observation
ནངས	naṅs	naṅs	canonical_feature_composed	feature_complete_target_support_insufficient	downgraded	nonadmissible_observation
ནབ	nab	nab	canonical_feature_composed	feature_complete_target_support_insufficient	downgraded	nonadmissible_observation
ནམས	nams	nams	canonical_feature_composed	feature_complete_unique	retained	Current strict composition matches the baseline target.
ནི	ni	ni	canonical_feature_composed	feature_complete_target_support_insufficient	downgraded	nonadmissible_observation
ནིང	niṅ	niṅ	canonical_feature_composed	feature_complete_unique	retained	Current strict composition matches the baseline target.
ནིམ	nim	nim	canonical_feature_composed	feature_complete_target_support_insufficient	downgraded	nonadmissible_observation
ནིར	nir	nir	canonical_feature_composed	feature_complete_target_support_insufficient	downgraded	nonadmissible_observation
ནུབ	nub	nub	canonical_feature_composed	feature_complete_unique	retained	Current strict composition matches the baseline target.
ནུར	nur	nur	canonical_feature_composed	feature_complete_target_support_insufficient	downgraded	nonadmissible_observation
ནོ	no	no	canonical_feature_composed	feature_complete_target_support_insufficient	downgraded	nonadmissible_observation
ནོག	nog	nog	canonical_feature_composed	feature_complete_unique	retained	Current strict composition matches the baseline target.
ནོངས	noṅs	noṅs	canonical_feature_composed	feature_complete_target_support_insufficient	downgraded	nonadmissible_observation
ནོད	nod	nod	canonical_feature_composed	feature_complete_unique	retained	Current strict composition matches the baseline target.
ནོམ	nom	nom	canonical_feature_composed	feature_complete_unique	retained	Current strict composition matches the baseline target.
ནོས	nos	nos	canonical_feature_composed	feature_complete_target_support_insufficient	downgraded	nonadmissible_observation
བགག	bgag	bgag	canonical_feature_composed	feature_complete_target_support_insufficient	downgraded	nonadmissible_observation
བགགས	bgags	bgags	canonical_feature_composed	feature_complete_target_support_insufficient	downgraded	nonadmissible_observation
བགམ	bgam	bgam	canonical_feature_composed	feature_complete_target_support_insufficient	downgraded	nonadmissible_observation
བགོར	bgor	bgor	canonical_feature_composed	feature_complete_target_support_insufficient	downgraded	nonadmissible_observation
བགྱི	bgyi	bgyi	canonical_feature_composed	feature_complete_target_support_insufficient	downgraded	nonadmissible_observation
བགྱིད	bgyid	bgyid	canonical_feature_composed	feature_complete_unique	retained	Current strict composition matches the baseline target.
བགྱིས	bgyis	bgyis	canonical_feature_composed	feature_complete_target_support_insufficient	downgraded	nonadmissible_observation
བགྲང	bgraṅ	bgraṅ	canonical_feature_composed	feature_complete_unique	retained	Current strict composition matches the baseline target.
བགྲོས	bgros	bgros	canonical_feature_composed	feature_complete_target_support_insufficient	downgraded	nonadmissible_observation
བཞག	bźag	bźag	canonical_feature_composed	feature_complete_unique	retained	Current strict composition matches the baseline target.
བཞོན	bźon	bźon	canonical_feature_composed	feature_complete_target_support_insufficient	downgraded	alternate_witness_only
བརྒད	brgad	brgad	canonical_feature_composed	feature_complete_unique	retained	Current strict composition matches the baseline target.
བརྒྱན	brgyan	brgyan	canonical_feature_composed	feature_complete_unique	retained	Current strict composition matches the baseline target.
བརྒྱབ	brgyab	brgyab	canonical_feature_composed	feature_complete_unique	retained	Current strict composition matches the baseline target.
བརྒྱར	brgyar	brgyar	canonical_feature_composed	feature_complete_unique	retained	Current strict composition matches the baseline target.
བརྣགས	brnags	brnags	canonical_feature_composed	feature_complete_target_support_insufficient	downgraded	nonadmissible_observation
བརྣང	brnaṅ	brnaṅ	canonical_feature_composed	feature_complete_unique	retained	Current strict composition matches the baseline target.
བརྣན	brnan	brnan	canonical_feature_composed	feature_complete_target_support_insufficient	downgraded	nonadmissible_observation
བརྣོག	brnog	brnog	canonical_feature_composed	feature_complete_target_support_insufficient	downgraded	nonadmissible_observation
བརླག	brlag	brlag	canonical_feature_composed	feature_complete_unique	retained	Current strict composition matches the baseline target.
བརླབ	brlab	brlab	canonical_feature_composed	feature_complete_target_support_insufficient	downgraded	nonadmissible_observation
བརླབས	brlabs	brlabs	canonical_feature_composed	feature_complete_target_support_insufficient	downgraded	nonadmissible_observation
བརླུག	brlug	brlug	canonical_feature_composed	feature_complete_target_support_insufficient	downgraded	nonadmissible_observation
བསྒགས	bsgags	bsgags	canonical_feature_composed	feature_complete_target_support_insufficient	downgraded	nonadmissible_observation
བསྒབ	bsgab	bsgab	canonical_feature_composed	feature_complete_target_support_insufficient	downgraded	nonadmissible_observation
བསྒར	bsgar	bsgar	canonical_feature_composed	feature_complete_target_support_insufficient	downgraded	nonadmissible_observation
བསྒུགས	bsgugs	bsgugs	canonical_feature_composed	feature_complete_target_support_insufficient	downgraded	nonadmissible_observation
བསྒོ	bsgo	bsgo	canonical_feature_composed	feature_complete_unique	retained	Current strict composition matches the baseline target.
བསྒོམ	bsgom	bsgom	canonical_feature_composed	feature_complete_target_support_insufficient	downgraded	nonadmissible_observation
བསྒོམས	bsgoms	bsgoms	canonical_feature_composed	feature_complete_target_support_insufficient	downgraded	nonadmissible_observation
བསྒོས	bsgos	bsgos	canonical_feature_composed	feature_complete_unique	retained	Current strict composition matches the baseline target.
བསྒྱིངས	bsgyiṅs	bsgyiṅs	canonical_feature_composed	feature_complete_target_support_insufficient	downgraded	nonadmissible_observation
བསྒྲགས	bsgrags	bsgrags	canonical_feature_composed	feature_complete_unique	retained	Current strict composition matches the baseline target.
བསྒྲད	bsgrad	bsgrad	canonical_feature_composed	feature_complete_target_support_insufficient	downgraded	nonadmissible_observation
བསྒྲིག	bsgrig	bsgrig	canonical_feature_composed	feature_complete_target_support_insufficient	downgraded	nonadmissible_observation
བསྒྲིགས	bsgrigs	bsgrigs	canonical_feature_composed	feature_complete_target_support_insufficient	downgraded	nonadmissible_observation
བསྒྲིན	bsgrin	bsgrin	canonical_feature_composed	feature_complete_target_support_insufficient	downgraded	nonadmissible_observation
བསྒྲིམས	bsgrims	bsgrims	canonical_feature_composed	feature_complete_unique	retained	Current strict composition matches the baseline target.
བསྒྲུགས	bsgrugs	bsgrugs	canonical_feature_composed	feature_complete_target_support_insufficient	downgraded	nonadmissible_observation
བསྒྲུབ	bsgrub	bsgrub	canonical_feature_composed	feature_complete_target_support_insufficient	downgraded	nonadmissible_observation
བསྒྲུབས	bsgrubs	bsgrubs	canonical_feature_composed	feature_complete_target_support_insufficient	downgraded	nonadmissible_observation
བསྣངས	bsnaṅs	bsnaṅs	canonical_feature_composed	feature_complete_target_support_insufficient	downgraded	nonadmissible_observation
བསྣད	bsnad	bsnad	canonical_feature_composed	feature_complete_target_support_insufficient	downgraded	nonadmissible_observation
བསྣམ	bsnam	bsnam	canonical_feature_composed	feature_complete_target_support_insufficient	downgraded	nonadmissible_observation
བསྣམས	bsnams	bsnams	canonical_feature_composed	feature_complete_unique	retained	Current strict composition matches the baseline target.
བསྣར	bsnar	bsnar	canonical_feature_composed	feature_complete_target_support_insufficient	downgraded	nonadmissible_observation
བསྣུད	bsnud	bsnud	canonical_feature_composed	feature_complete_target_support_insufficient	downgraded	nonadmissible_observation
བསྣུན	bsnun	bsnun	canonical_feature_composed	feature_complete_target_support_insufficient	downgraded	nonadmissible_observation
བསྣུབ	bsnub	bsnub	canonical_feature_composed	feature_complete_target_support_insufficient	downgraded	nonadmissible_observation
བསྣུར	bsnur	bsnur	canonical_feature_composed	feature_complete_unique	retained	Current strict composition matches the baseline target.
བསྣོག	bsnog	bsnog	canonical_feature_composed	feature_complete_target_support_insufficient	downgraded	nonadmissible_observation
བསྣོན	bsnon	bsnon	canonical_feature_composed	feature_complete_target_support_insufficient	downgraded	nonadmissible_observation
བསྣོར	bsnor	bsnor	canonical_feature_composed	feature_complete_target_support_insufficient	downgraded	nonadmissible_observation
བསྣོས	bsnos	bsnos	canonical_feature_composed	feature_complete_target_support_insufficient	downgraded	nonadmissible_observation
བཱ	ba		canonical_feature_composed	role_parse_unresolved	downgraded	unsupported_orthographic_sign
བྱག	byag	byag	canonical_feature_composed	feature_complete_unique	retained	Current strict composition matches the baseline target.
བྱབ	byab	byab	canonical_feature_composed	feature_complete_target_support_insufficient	downgraded	nonadmissible_observation
བྱབས	byabs	byabs	canonical_feature_composed	feature_complete_unique	retained	Current strict composition matches the baseline target.
བྱམ	byam	byam	canonical_feature_composed	feature_complete_unique	retained	Current strict composition matches the baseline target.
བྱམས	byams	byams	canonical_feature_composed	feature_complete_unique	retained	Current strict composition matches the baseline target.
བྱར	byar	byar	canonical_feature_composed	feature_complete_target_support_insufficient	downgraded	nonadmissible_observation
བྱིང	byiṅ	byiṅ	canonical_feature_composed	feature_complete_unique	retained	Current strict composition matches the baseline target.
བྱིངས	byiṅs	byiṅs	canonical_feature_composed	feature_complete_target_support_insufficient	downgraded	nonadmissible_observation
བྱིད	byid	byid	canonical_feature_composed	feature_complete_target_support_insufficient	downgraded	nonadmissible_observation
བྱིབས	byibs	byibs	canonical_feature_composed	feature_complete_target_support_insufficient	downgraded	nonadmissible_observation
བྱིམ	byim	byim	canonical_feature_composed	feature_complete_target_support_insufficient	downgraded	nonadmissible_observation
བྱིས	byis	byis	canonical_feature_composed	feature_complete_unique	retained	Current strict composition matches the baseline target.
བྱུག	byug	byug	canonical_feature_composed	feature_complete_unique	retained	Current strict composition matches the baseline target.
བྱུགས	byugs	byugs	canonical_feature_composed	feature_complete_target_support_insufficient	downgraded	nonadmissible_observation
བྱུར	byur	byur	canonical_feature_composed	feature_complete_unique	retained	Current strict composition matches the baseline target.
བྱུས	byus	byus	canonical_feature_composed	feature_complete_unique	retained	Current strict composition matches the baseline target.
བྱོ	byo	byo	canonical_feature_composed	feature_complete_target_support_insufficient	downgraded	nonadmissible_observation
བྱོག	byog	byog	canonical_feature_composed	feature_complete_target_support_insufficient	downgraded	nonadmissible_observation
བྱོན	byon	byon	canonical_feature_composed	feature_complete_unique	retained	Current strict composition matches the baseline target.
བྱོབས	byobs	byobs	canonical_feature_composed	feature_complete_target_support_insufficient	downgraded	nonadmissible_observation
བྱོར	byor	byor	canonical_feature_composed	feature_complete_target_support_insufficient	downgraded	nonadmissible_observation
བྲད	brad	brad	canonical_feature_composed	feature_complete_target_support_insufficient	downgraded	nonadmissible_observation
བྲབ	brab	brab	canonical_feature_composed	feature_complete_unique	retained	Current strict composition matches the baseline target.
བྲམ	bram	bram	canonical_feature_composed	feature_complete_unique	retained	Current strict composition matches the baseline target.
བྲི	bri	bri	canonical_feature_composed	feature_complete_unique	retained	Current strict composition matches the baseline target.
བྲིད	brid	brid	canonical_feature_composed	feature_complete_unique	retained	Current strict composition matches the baseline target.
བྲིན	brin	brin	canonical_feature_composed	feature_complete_unique	retained	Current strict composition matches the baseline target.
བྲིམས	brims	brims	canonical_feature_composed	feature_complete_target_support_insufficient	downgraded	nonadmissible_observation
བྲུ	bru	bru	canonical_feature_composed	feature_complete_target_support_insufficient	downgraded	nonadmissible_observation
བྲུག	brug	brug	canonical_feature_composed	feature_complete_target_support_insufficient	downgraded	nonadmissible_observation
བྲུངས	bruṅs	bruṅs	canonical_feature_composed	feature_complete_target_support_insufficient	downgraded	nonadmissible_observation
བྲུད	brud	brud	canonical_feature_composed	feature_complete_target_support_insufficient	downgraded	nonadmissible_observation
བྲུན	brun	brun	canonical_feature_composed	feature_complete_target_support_insufficient	downgraded	nonadmissible_observation
བྲུབ	brub	brub	canonical_feature_composed	feature_complete_target_support_insufficient	downgraded	nonadmissible_observation
བྲུབས	brubs	brubs	canonical_feature_composed	feature_complete_target_support_insufficient	downgraded	nonadmissible_observation
བྲུས	brus	brus	canonical_feature_composed	feature_complete_target_support_insufficient	downgraded	nonadmissible_observation
བྲོག	brog	brog	canonical_feature_composed	feature_complete_unique	retained	Current strict composition matches the baseline target.
བྲོང	broṅ	broṅ	canonical_feature_composed	feature_complete_unique	retained	Current strict composition matches the baseline target.
བྲོབ	brob	brob	canonical_feature_composed	feature_complete_target_support_insufficient	downgraded	nonadmissible_observation
བྲོས	bros	bros	canonical_feature_composed	feature_complete_target_support_insufficient	downgraded	nonadmissible_observation
བླངས	blaṅs	blaṅs	canonical_feature_composed	feature_complete_target_support_insufficient	downgraded	nonadmissible_observation
བླད	blad	blad	canonical_feature_composed	feature_complete_target_support_insufficient	downgraded	nonadmissible_observation
བླན	blan	blan	canonical_feature_composed	feature_complete_target_support_insufficient	downgraded	nonadmissible_observation
བླར	blar	blar	canonical_feature_composed	feature_complete_target_support_insufficient	downgraded	nonadmissible_observation
བླས	blas	blas	canonical_feature_composed	feature_complete_unique	retained	Current strict composition matches the baseline target.
བླུ	blu	blu	canonical_feature_composed	feature_complete_target_support_insufficient	downgraded	nonadmissible_observation
བླུག	blug	blug	canonical_feature_composed	feature_complete_target_support_insufficient	downgraded	nonadmissible_observation
བླུགས	blugs	blugs	canonical_feature_composed	feature_complete_target_support_insufficient	downgraded	nonadmissible_observation
བླུན	blun	blun	canonical_feature_composed	feature_complete_unique	retained	Current strict composition matches the baseline target.
བློད	blod	blod	canonical_feature_composed	feature_complete_target_support_insufficient	downgraded	nonadmissible_observation
བློས	blos	blos	canonical_feature_composed	feature_complete_unique	retained	Current strict composition matches the baseline target.
མགུར	mgur	mgur	canonical_feature_composed	feature_complete_target_support_insufficient	downgraded	nonadmissible_observation
མགྱོགས	mgyogs	mgyogs	canonical_feature_composed	feature_complete_unique	retained	Current strict composition matches the baseline target.
མནག	mnag	mnag	canonical_feature_composed	feature_complete_target_support_insufficient	downgraded	nonadmissible_observation
མནགས	mnags	mnags	canonical_feature_composed	feature_complete_target_support_insufficient	downgraded	nonadmissible_observation
མནངས	mnaṅs	mnaṅs	canonical_feature_composed	feature_complete_target_support_insufficient	downgraded	nonadmissible_observation
མནན	mnan	mnan	canonical_feature_composed	feature_complete_target_support_insufficient	downgraded	nonadmissible_observation
མནབ	mnab	mnab	canonical_feature_composed	feature_complete_unique	retained	Current strict composition matches the baseline target.
མནབས	mnabs	mnabs	canonical_feature_composed	feature_complete_target_support_insufficient	downgraded	nonadmissible_observation
མནམ	mnam	mnam	canonical_feature_composed	feature_complete_target_support_insufficient	downgraded	nonadmissible_observation
མནམས	mnams	mnams	canonical_feature_composed	feature_complete_target_support_insufficient	downgraded	nonadmissible_observation
མནར	mnar	mnar	canonical_feature_composed	feature_complete_unique	retained	Current strict composition matches the baseline target.
མནུན	mnun	mnun	canonical_feature_composed	feature_complete_target_support_insufficient	downgraded	nonadmissible_observation
མནོག	mnog	mnog	canonical_feature_composed	feature_complete_unique	retained	Current strict composition matches the baseline target.
མཱ	ma		canonical_feature_composed	role_parse_unresolved	downgraded	unsupported_orthographic_sign
མྱ	mya	mya	canonical_feature_composed	feature_complete_unique	retained	Current strict composition matches the baseline target.
མྱང	myaṅ	myaṅ	canonical_feature_composed	feature_complete_unique	retained	Current strict composition matches the baseline target.
མྱི	myi	myi	canonical_feature_composed	feature_complete_unique	retained	Current strict composition matches the baseline target.
མྱིག	myig	myig	canonical_feature_composed	feature_complete_unique	retained	Current strict composition matches the baseline target.
མྱུ	myu	myu	canonical_feature_composed	feature_complete_target_support_insufficient	downgraded	nonadmissible_observation
མྱུར	myur	myur	canonical_feature_composed	feature_complete_target_support_insufficient	downgraded	nonadmissible_observation
མྱོག	myog	myog	canonical_feature_composed	feature_complete_target_support_insufficient	downgraded	nonadmissible_observation
མྱོན	myon	myon	canonical_feature_composed	feature_complete_target_support_insufficient	downgraded	nonadmissible_observation
མྱོས	myos	myos	canonical_feature_composed	feature_complete_unique	retained	Current strict composition matches the baseline target.
མྲ	mra	mra	canonical_feature_composed	feature_complete_target_support_insufficient	downgraded	nonadmissible_observation
ཞ	źa	źa	canonical_feature_composed	feature_complete_unique	retained	Current strict composition matches the baseline target.
ཞིག	źig	źig	canonical_feature_composed	feature_complete_unique	retained	Current strict composition matches the baseline target.
ཞིང	źiṅ	źiṅ	canonical_feature_composed	feature_complete_unique	retained	Current strict composition matches the baseline target.
ཞིམ	źim	źim	canonical_feature_composed	feature_complete_target_support_insufficient	downgraded	nonadmissible_observation
འགག	gag	gag	canonical_feature_composed	feature_complete_target_support_insufficient	downgraded	nonadmissible_observation
འགགས	gags	gags	canonical_feature_composed	feature_complete_target_support_insufficient	downgraded	nonadmissible_observation
འགན	gan	gan	canonical_feature_composed	feature_complete_unique	retained	Current strict composition matches the baseline target.
འགབ	gab	gab	canonical_feature_composed	feature_complete_target_support_insufficient	downgraded	nonadmissible_observation
འགོགས	gogs	gogs	canonical_feature_composed	feature_complete_target_support_insufficient	downgraded	nonadmissible_observation
འགྱངས	gyaṅs	gyaṅs	canonical_feature_composed	feature_complete_target_support_insufficient	downgraded	nonadmissible_observation
འགྱོགས	gyogs	gyogs	canonical_feature_composed	feature_complete_unique	retained	Current strict composition matches the baseline target.
འགྱོད	gyod	gyod	canonical_feature_composed	feature_complete_unique	retained	Current strict composition matches the baseline target.
འགྲམ	gram	gram	canonical_feature_composed	feature_complete_target_support_insufficient	downgraded	nonadmissible_observation
འགྲིབ	grib	grib	canonical_feature_composed	feature_complete_unique	retained	Current strict composition matches the baseline target.
འགྲིམ	grim	grim	canonical_feature_composed	feature_complete_target_support_insufficient	downgraded	nonadmissible_observation
འགྲོགས	grogs	grogs	canonical_feature_composed	feature_complete_unique	retained	Current strict composition matches the baseline target.
འབག	bag	bag	canonical_feature_composed	feature_complete_target_support_insufficient	downgraded	nonadmissible_observation
འབགས	bags	bags	canonical_feature_composed	feature_complete_target_support_insufficient	downgraded	nonadmissible_observation
འབངས	baṅs	baṅs	canonical_feature_composed	feature_complete_target_support_insufficient	downgraded	nonadmissible_observation
འབིགས	bigs	bigs	canonical_feature_composed	feature_complete_target_support_insufficient	downgraded	nonadmissible_observation
འབིབས	bibs	bibs	canonical_feature_composed	feature_complete_target_support_insufficient	downgraded	nonadmissible_observation
འབུགས	bugs	bugs	canonical_feature_composed	feature_complete_target_support_insufficient	downgraded	nonadmissible_observation
འབུབས	bubs	bubs	canonical_feature_composed	feature_complete_target_support_insufficient	downgraded	nonadmissible_observation
འབུར	bur	bur	canonical_feature_composed	feature_complete_target_support_insufficient	downgraded	nonadmissible_observation
འབོག	bog	bog	canonical_feature_composed	feature_complete_unique	retained	Current strict composition matches the baseline target.
འབོགས	bogs	bogs	canonical_feature_composed	feature_complete_unique	retained	Current strict composition matches the baseline target.
འབོར	bor	bor	canonical_feature_composed	feature_complete_target_support_insufficient	downgraded	nonadmissible_observation
འབྱམས	byams	byams	canonical_feature_composed	feature_complete_unique	retained	Current strict composition matches the baseline target.
འབྱར	byar	byar	canonical_feature_composed	feature_complete_unique	retained	Current strict composition matches the baseline target.
འབྱིད	byid	byid	canonical_feature_composed	feature_complete_unique	retained	Current strict composition matches the baseline target.
འབྱིན	byin	byin	canonical_feature_composed	feature_complete_target_support_insufficient	downgraded	nonadmissible_observation
འབྱོང	byoṅ	byoṅ	canonical_feature_composed	feature_complete_unique	retained	Current strict composition matches the baseline target.
འབྱོན	byon	byon	canonical_feature_composed	feature_complete_target_support_insufficient	downgraded	nonadmissible_observation
འབྲང	braṅ	braṅ	canonical_feature_composed	feature_complete_target_support_insufficient	downgraded	nonadmissible_observation
འབྲི	bri	bri	canonical_feature_composed	feature_complete_target_support_insufficient	downgraded	nonadmissible_observation
འབྲིང	briṅ	briṅ	canonical_feature_composed	feature_complete_unique	retained	Current strict composition matches the baseline target.
འབྲིད	brid	brid	canonical_feature_composed	feature_complete_target_support_insufficient	downgraded	nonadmissible_observation
འབྲིམ	brim	brim	canonical_feature_composed	feature_complete_unique	retained	Current strict composition matches the baseline target.
འབྲུ	bru	bru	canonical_feature_composed	feature_complete_unique	retained	Current strict composition matches the baseline target.
འབྲུག	brug	brug	canonical_feature_composed	feature_complete_unique	retained	Current strict composition matches the baseline target.
འབྲུབ	brub	brub	canonical_feature_composed	feature_complete_target_support_insufficient	downgraded	nonadmissible_observation
འབྲུམ	brum	brum	canonical_feature_composed	feature_complete_target_support_insufficient	downgraded	nonadmissible_observation
འབྲོག	brog	brog	canonical_feature_composed	feature_complete_unique	retained	Current strict composition matches the baseline target.
འབྲོང	broṅ	broṅ	canonical_feature_composed	feature_complete_target_support_insufficient	downgraded	nonadmissible_observation
འབྲོངས	broṅs	broṅs	canonical_feature_composed	feature_complete_target_support_insufficient	downgraded	nonadmissible_observation
འབྲོམ	brom	brom	canonical_feature_composed	feature_complete_target_support_insufficient	downgraded	nonadmissible_observation
ཡ	ya	ya	canonical_feature_composed	feature_complete_unique	retained	Current strict composition matches the baseline target.
ཡག	yag	yag	canonical_feature_composed	feature_complete_unique	retained	Current strict composition matches the baseline target.
ཡངས	yaṅs	yaṅs	canonical_feature_composed	feature_complete_target_support_insufficient	downgraded	nonadmissible_observation
ཡད	yad	yad	canonical_feature_composed	feature_complete_target_support_insufficient	downgraded	nonadmissible_observation
ཡམ	yam	yam	canonical_feature_composed	feature_complete_target_support_insufficient	downgraded	nonadmissible_observation
ཡམས	yams	yams	canonical_feature_composed	feature_complete_unique	retained	Current strict composition matches the baseline target.
ཡིད	yid	yid	canonical_feature_composed	feature_complete_unique	retained	Current strict composition matches the baseline target.
ཡིབ	yib	yib	canonical_feature_composed	feature_complete_target_support_insufficient	downgraded	nonadmissible_observation
ཡིར	yir	yir	canonical_feature_composed	feature_complete_target_support_insufficient	downgraded	nonadmissible_observation
ཡིས	yis	yis	canonical_feature_composed	feature_complete_unique	retained	Current strict composition matches the baseline target.
ཡུ	yu	yu	canonical_feature_composed	feature_complete_unique	retained	Current strict composition matches the baseline target.
ཡུག	yug	yug	canonical_feature_composed	feature_complete_unique	retained	Current strict composition matches the baseline target.
ཡུན	yun	yun	canonical_feature_composed	feature_complete_target_support_insufficient	downgraded	nonadmissible_observation
ཡུར	yur	yur	canonical_feature_composed	feature_complete_target_support_insufficient	downgraded	nonadmissible_observation
ཡོ	yo	yo	canonical_feature_composed	feature_complete_target_support_insufficient	downgraded	nonadmissible_observation
ཡོག	yog	yog	canonical_feature_composed	feature_complete_unique	retained	Current strict composition matches the baseline target.
ཡོགས	yogs	yogs	canonical_feature_composed	feature_complete_target_support_insufficient	downgraded	nonadmissible_observation
ཡོང	yoṅ	yoṅ	canonical_feature_composed	feature_complete_unique	retained	Current strict composition matches the baseline target.
ཡོམ	yom	yom	canonical_feature_composed	feature_complete_target_support_insufficient	downgraded	nonadmissible_observation
ཡོར	yor	yor	canonical_feature_composed	feature_complete_unique	retained	Current strict composition matches the baseline target.
ཡོས	yos	yos	canonical_feature_composed	feature_complete_target_support_insufficient	downgraded	nonadmissible_observation
ཡཾ	ya		canonical_feature_composed	role_parse_unresolved	downgraded	unsupported_orthographic_sign
རག	rag	rag	canonical_feature_composed	feature_complete_unique	retained	Current strict composition matches the baseline target.
རགས	rags	rags	canonical_feature_composed	feature_complete_unique	retained	Current strict composition matches the baseline target.
རང	raṅ	raṅ	canonical_feature_composed	feature_complete_unique	retained	Current strict composition matches the baseline target.
རངས	raṅs	raṅs	canonical_feature_composed	feature_complete_target_support_insufficient	downgraded	nonadmissible_observation
རན	ran	ran	canonical_feature_composed	feature_complete_unique	retained	Current strict composition matches the baseline target.
རམ	ram	ram	canonical_feature_composed	feature_complete_unique	retained	Current strict composition matches the baseline target.
རམས	rams	rams	canonical_feature_composed	feature_complete_unique	retained	Current strict composition matches the baseline target.
རཱ	ra		canonical_feature_composed	role_parse_unresolved	downgraded	unsupported_orthographic_sign
རཱི	ri		canonical_feature_composed	role_parse_unresolved	downgraded	unsupported_orthographic_sign
རིན	rin	rin	canonical_feature_composed	feature_complete_unique	retained	Current strict composition matches the baseline target.
རིབ	rib	rib	canonical_feature_composed	feature_complete_target_support_insufficient	downgraded	nonadmissible_observation
རིར	rir	rir	canonical_feature_composed	feature_complete_unique	retained	Current strict composition matches the baseline target.
རུང	ruṅ	ruṅ	canonical_feature_composed	feature_complete_unique	retained	Current strict composition matches the baseline target.
རུམ	rum	rum	canonical_feature_composed	feature_complete_unique	retained	Current strict composition matches the baseline target.
རོགས	rogs	rogs	canonical_feature_composed	feature_complete_unique	retained	Current strict composition matches the baseline target.
རོང	roṅ	roṅ	canonical_feature_composed	feature_complete_unique	retained	Current strict composition matches the baseline target.
རོན	ron	ron	canonical_feature_composed	feature_complete_unique	retained	Current strict composition matches the baseline target.
རོམ	rom	rom	canonical_feature_composed	feature_complete_unique	retained	Current strict composition matches the baseline target.
རོས	ros	ros	canonical_feature_composed	feature_complete_unique	retained	Current strict composition matches the baseline target.
རྒ	rga	rga	canonical_feature_composed	feature_complete_unique	retained	Current strict composition matches the baseline target.
རྒས	rgas	rgas	canonical_feature_composed	feature_complete_unique	retained	Current strict composition matches the baseline target.
རྒུ	rgu	rgu	canonical_feature_composed	feature_complete_unique	retained	Current strict composition matches the baseline target.
རྒུད	rgud	rgud	canonical_feature_composed	feature_complete_unique	retained	Current strict composition matches the baseline target.
རྒུན	rgun	rgun	canonical_feature_composed	feature_complete_unique	retained	Current strict composition matches the baseline target.
རྒོ	rgo	rgo	canonical_feature_composed	feature_complete_unique	retained	Current strict composition matches the baseline target.
རྒོན	rgon	rgon	canonical_feature_composed	feature_complete_unique	retained	Current strict composition matches the baseline target.
རྒྱང	rgyaṅ	rgyaṅ	canonical_feature_composed	feature_complete_unique	retained	Current strict composition matches the baseline target.
རྒྱམ	rgyam	rgyam	canonical_feature_composed	feature_complete_unique	retained	Current strict composition matches the baseline target.
རྒྱུས	rgyus	rgyus	canonical_feature_composed	feature_complete_unique	retained	Current strict composition matches the baseline target.
རྣག	rnag	rnag	canonical_feature_composed	feature_complete_target_support_insufficient	downgraded	nonadmissible_observation
རྣགས	rnags	rnags	canonical_feature_composed	feature_complete_target_support_insufficient	downgraded	nonadmissible_observation
རྣང	rnaṅ	rnaṅ	canonical_feature_composed	feature_complete_unique	retained	Current strict composition matches the baseline target.
རྣམས	rnams	rnams	canonical_feature_composed	feature_complete_target_support_insufficient	downgraded	nonadmissible_observation
རྣོགས	rnogs	rnogs	canonical_feature_composed	feature_complete_target_support_insufficient	downgraded	nonadmissible_observation
རྣོན	rnon	rnon	canonical_feature_composed	feature_complete_unique	retained	Current strict composition matches the baseline target.
རྣོར	rnor	rnor	canonical_feature_composed	feature_complete_target_support_insufficient	downgraded	nonadmissible_observation
རྦ	rba	rba	canonical_feature_composed	feature_complete_unique	retained	Current strict composition matches the baseline target.
རྦད	rbad	rbad	canonical_feature_composed	feature_complete_unique	retained	Current strict composition matches the baseline target.
རྦབ	rbab	rbab	canonical_feature_composed	feature_complete_unique	retained	Current strict composition matches the baseline target.
རྦས	rbas	rbas	canonical_feature_composed	feature_complete_target_support_insufficient	downgraded	nonadmissible_observation
རྦོད	rbod	rbod	canonical_feature_composed	feature_complete_unique	retained	Current strict composition matches the baseline target.
རྨག	rmag	rmag	canonical_feature_composed	feature_complete_target_support_insufficient	downgraded	nonadmissible_observation
རྨད	rmad	rmad	canonical_feature_composed	feature_complete_unique	retained	Current strict composition matches the baseline target.
རྨན	rman	rman	canonical_feature_composed	feature_complete_target_support_insufficient	downgraded	nonadmissible_observation
རྨས	rmas	rmas	canonical_feature_composed	feature_complete_target_support_insufficient	downgraded	nonadmissible_observation
རྨི	rmi	rmi	canonical_feature_composed	feature_complete_unique	retained	Current strict composition matches the baseline target.
རྨིག	rmig	rmig	canonical_feature_composed	feature_complete_unique	retained	Current strict composition matches the baseline target.
རྨུ	rmu	rmu	canonical_feature_composed	feature_complete_target_support_insufficient	downgraded	nonadmissible_observation
རྨུག	rmug	rmug	canonical_feature_composed	feature_complete_unique	retained	Current strict composition matches the baseline target.
རྨུགས	rmugs	rmugs	canonical_feature_composed	feature_complete_target_support_insufficient	downgraded	nonadmissible_observation
རྨུར	rmur	rmur	canonical_feature_composed	feature_complete_target_support_insufficient	downgraded	nonadmissible_observation
རྨུས	rmus	rmus	canonical_feature_composed	feature_complete_target_support_insufficient	downgraded	nonadmissible_observation
རྨོ	rmo	rmo	canonical_feature_composed	feature_complete_unique	retained	Current strict composition matches the baseline target.
རྨོག	rmog	rmog	canonical_feature_composed	feature_complete_unique	retained	Current strict composition matches the baseline target.
རྨོངས	rmoṅs	rmoṅs	canonical_feature_composed	feature_complete_target_support_insufficient	downgraded	nonadmissible_observation
རྨོད	rmod	rmod	canonical_feature_composed	feature_complete_target_support_insufficient	downgraded	nonadmissible_observation
རྨོན	rmon	rmon	canonical_feature_composed	feature_complete_target_support_insufficient	downgraded	nonadmissible_observation
རྨཾ	rma		canonical_feature_composed	role_parse_unresolved	downgraded	unsupported_orthographic_sign
རླག	rlag	rlag	canonical_feature_composed	feature_complete_unique	retained	Current strict composition matches the baseline target.
རླབས	rlabs	rlabs	canonical_feature_composed	feature_complete_unique	retained	Current strict composition matches the baseline target.
རླུང	rluṅ	rluṅ	canonical_feature_composed	feature_complete_unique	retained	Current strict composition matches the baseline target.
རློབས	rlobs	rlobs	canonical_feature_composed	feature_complete_target_support_insufficient	downgraded	nonadmissible_observation
རློམས	rloms	rloms	canonical_feature_composed	feature_complete_unique	retained	Current strict composition matches the baseline target.
ལགས	lags	lags	canonical_feature_composed	feature_complete_unique	retained	Current strict composition matches the baseline target.
ལངས	laṅs	laṅs	canonical_feature_composed	feature_complete_target_support_insufficient	downgraded	nonadmissible_observation
ལད	lad	lad	canonical_feature_composed	feature_complete_target_support_insufficient	downgraded	nonadmissible_observation
ལབ	lab	lab	canonical_feature_composed	feature_complete_unique	retained	Current strict composition matches the baseline target.
ལར	lar	lar	canonical_feature_composed	feature_complete_target_support_insufficient	downgraded	nonadmissible_observation
ལཱ	la		canonical_feature_composed	role_parse_unresolved	downgraded	unsupported_orthographic_sign
ལཱི	li		canonical_feature_composed	role_parse_unresolved	downgraded	unsupported_orthographic_sign
ལིན	lin	lin	canonical_feature_composed	feature_complete_unique	retained	Current strict composition matches the baseline target.
ལུགས	lugs	lugs	canonical_feature_composed	feature_complete_unique	retained	Current strict composition matches the baseline target.
ལུད	lud	lud	canonical_feature_composed	feature_complete_target_support_insufficient	downgraded	nonadmissible_observation
ལུམ	lum	lum	canonical_feature_composed	feature_complete_target_support_insufficient	downgraded	nonadmissible_observation
ལོགས	logs	logs	canonical_feature_composed	feature_complete_unique	retained	Current strict composition matches the baseline target.
ལོངས	loṅs	loṅs	canonical_feature_composed	feature_complete_target_support_insufficient	downgraded	nonadmissible_observation
ལོད	lod	lod	canonical_feature_composed	feature_complete_unique	retained	Current strict composition matches the baseline target.
ལོན	lon	lon	canonical_feature_composed	feature_complete_unique	retained	Current strict composition matches the baseline target.
ལོབ	lob	lob	canonical_feature_composed	feature_complete_target_support_insufficient	downgraded	nonadmissible_observation
ལོས	los	los	canonical_feature_composed	feature_complete_unique	retained	Current strict composition matches the baseline target.
སྒ	sga	sga	canonical_feature_composed	feature_complete_unique	retained	Current strict composition matches the baseline target.
སྒང	sgaṅ	sgaṅ	canonical_feature_composed	feature_complete_unique	retained	Current strict composition matches the baseline target.
སྒབ	sgab	sgab	canonical_feature_composed	feature_complete_unique	retained	Current strict composition matches the baseline target.
སྒམ	sgam	sgam	canonical_feature_composed	feature_complete_unique	retained	Current strict composition matches the baseline target.
སྒར	sgar	sgar	canonical_feature_composed	feature_complete_unique	retained	Current strict composition matches the baseline target.
སྒུ	sgu	sgu	canonical_feature_composed	feature_complete_target_support_insufficient	downgraded	nonadmissible_observation
སྒུད	sgud	sgud	canonical_feature_composed	feature_complete_target_support_insufficient	downgraded	nonadmissible_observation
སྒུམ	sgum	sgum	canonical_feature_composed	feature_complete_unique	retained	Current strict composition matches the baseline target.
སྒུར	sgur	sgur	canonical_feature_composed	feature_complete_target_support_insufficient	downgraded	nonadmissible_observation
སྒོག	sgog	sgog	canonical_feature_composed	feature_complete_target_support_insufficient	downgraded	nonadmissible_observation
སྒོང	sgoṅ	sgoṅ	canonical_feature_composed	feature_complete_unique	retained	Current strict composition matches the baseline target.
སྒོམ	sgom	sgom	canonical_feature_composed	feature_complete_unique	retained	Current strict composition matches the baseline target.
སྒོམས	sgoms	sgoms	canonical_feature_composed	feature_complete_unique	retained	Current strict composition matches the baseline target.
སྒོར	sgor	sgor	canonical_feature_composed	feature_complete_unique	retained	Current strict composition matches the baseline target.
སྒོས	sgos	sgos	canonical_feature_composed	feature_complete_target_support_insufficient	downgraded	nonadmissible_observation
སྒྱིད	sgyid	sgyid	canonical_feature_composed	feature_complete_unique	retained	Current strict composition matches the baseline target.
སྒྱུ	sgyu	sgyu	canonical_feature_composed	feature_complete_unique	retained	Current strict composition matches the baseline target.
སྒྱུག	sgyug	sgyug	canonical_feature_composed	feature_complete_unique	retained	Current strict composition matches the baseline target.
སྒྱོ	sgyo	sgyo	canonical_feature_composed	feature_complete_target_support_insufficient	downgraded	nonadmissible_observation
སྒྱོགས	sgyogs	sgyogs	canonical_feature_composed	feature_complete_unique	retained	Current strict composition matches the baseline target.
སྒྲགས	sgrags	sgrags	canonical_feature_composed	feature_complete_unique	retained	Current strict composition matches the baseline target.
སྒྲིག	sgrig	sgrig	canonical_feature_composed	feature_complete_unique	retained	Current strict composition matches the baseline target.
སྒྲིགས	sgrigs	sgrigs	canonical_feature_composed	feature_complete_unique	retained	Current strict composition matches the baseline target.
སྒྲིན	sgrin	sgrin	canonical_feature_composed	feature_complete_target_support_insufficient	downgraded	nonadmissible_observation
སྒྲིབ	sgrib	sgrib	canonical_feature_composed	feature_complete_unique	retained	Current strict composition matches the baseline target.
སྒྲིབས	sgribs	sgribs	canonical_feature_composed	feature_complete_target_support_insufficient	downgraded	nonadmissible_observation
སྒྲིམ	sgrim	sgrim	canonical_feature_composed	feature_complete_unique	retained	Current strict composition matches the baseline target.
སྒྲིམས	sgrims	sgrims	canonical_feature_composed	feature_complete_target_support_insufficient	downgraded	nonadmissible_observation
སྒྲུགས	sgrugs	sgrugs	canonical_feature_composed	feature_complete_target_support_insufficient	downgraded	nonadmissible_observation
སྒྲུང	sgruṅ	sgruṅ	canonical_feature_composed	feature_complete_unique	retained	Current strict composition matches the baseline target.
སྒྲུབས	sgrubs	sgrubs	canonical_feature_composed	feature_complete_target_support_insufficient	downgraded	nonadmissible_observation
སྒྲོ	sgro	sgro	canonical_feature_composed	feature_complete_unique	retained	Current strict composition matches the baseline target.
སྒྲོགས	sgrogs	sgrogs	canonical_feature_composed	feature_complete_unique	retained	Current strict composition matches the baseline target.
སྒྲོན	sgron	sgron	canonical_feature_composed	feature_complete_unique	retained	Current strict composition matches the baseline target.
སྒྲོབ	sgrob	sgrob	canonical_feature_composed	feature_complete_target_support_insufficient	downgraded	nonadmissible_observation
སྒྲོམ	sgrom	sgrom	canonical_feature_composed	feature_complete_unique	retained	Current strict composition matches the baseline target.
སྒྲོས	sgros	sgros	canonical_feature_composed	feature_complete_target_support_insufficient	downgraded	nonadmissible_observation
སྣག	snag	snag	canonical_feature_composed	feature_complete_unique	retained	Current strict composition matches the baseline target.
སྣབས	snabs	snabs	canonical_feature_composed	feature_complete_unique	retained	Current strict composition matches the baseline target.
སྣར	snar	snar	canonical_feature_composed	feature_complete_unique	retained	Current strict composition matches the baseline target.
སྣུན	snun	snun	canonical_feature_composed	feature_complete_unique	retained	Current strict composition matches the baseline target.
སྣུམ	snum	snum	canonical_feature_composed	feature_complete_unique	retained	Current strict composition matches the baseline target.
སྣུར	snur	snur	canonical_feature_composed	feature_complete_target_support_insufficient	downgraded	nonadmissible_observation
སྣོག	snog	snog	canonical_feature_composed	feature_complete_target_support_insufficient	downgraded	nonadmissible_observation
སྣོན	snon	snon	canonical_feature_composed	feature_complete_target_support_insufficient	downgraded	nonadmissible_observation
སྣོམ	snom	snom	canonical_feature_composed	feature_complete_target_support_insufficient	downgraded	nonadmissible_observation
སྦ	sba	sba	canonical_feature_composed	feature_complete_target_support_insufficient	downgraded	nonadmissible_observation
སྦག	sbag	sbag	canonical_feature_composed	feature_complete_unique	retained	Current strict composition matches the baseline target.
སྦས	sbas	sbas	canonical_feature_composed	feature_complete_unique	retained	Current strict composition matches the baseline target.
སྦུ	sbu	sbu	canonical_feature_composed	feature_complete_target_support_insufficient	downgraded	nonadmissible_observation
སྦུབས	sbubs	sbubs	canonical_feature_composed	feature_complete_target_support_insufficient	downgraded	nonadmissible_observation
སྦུར	sbur	sbur	canonical_feature_composed	feature_complete_target_support_insufficient	downgraded	nonadmissible_observation
སྦོ	sbo	sbo	canonical_feature_composed	feature_complete_target_support_insufficient	downgraded	nonadmissible_observation
སྦོངས	sboṅs	sboṅs	canonical_feature_composed	feature_complete_target_support_insufficient	downgraded	nonadmissible_observation
སྦོས	sbos	sbos	canonical_feature_composed	feature_complete_target_support_insufficient	downgraded	nonadmissible_observation
སྦྱངས	sbyaṅs	sbyaṅs	canonical_feature_composed	feature_complete_target_support_insufficient	downgraded	nonadmissible_observation
སྦྱོངས	sbyoṅs	sbyoṅs	canonical_feature_composed	feature_complete_target_support_insufficient	downgraded	nonadmissible_observation
སྦྲགས	sbrags	sbrags	canonical_feature_composed	feature_complete_target_support_insufficient	downgraded	nonadmissible_observation
སྦྲངས	sbraṅs	sbraṅs	canonical_feature_composed	feature_complete_target_support_insufficient	downgraded	nonadmissible_observation
སྦྲན	sbran	sbran	canonical_feature_composed	feature_complete_target_support_insufficient	downgraded	nonadmissible_observation
སྦྲབ	sbrab	sbrab	canonical_feature_composed	feature_complete_target_support_insufficient	downgraded	nonadmissible_observation
སྦྲབས	sbrabs	sbrabs	canonical_feature_composed	feature_complete_target_support_insufficient	downgraded	nonadmissible_observation
སྦྲས	sbras	sbras	canonical_feature_composed	feature_complete_unique	retained	Current strict composition matches the baseline target.
སྦྲིད	sbrid	sbrid	canonical_feature_composed	feature_complete_target_support_insufficient	downgraded	nonadmissible_observation
སྦྲུག	sbrug	sbrug	canonical_feature_composed	feature_complete_target_support_insufficient	downgraded	nonadmissible_observation
སྦྲུབ	sbrub	sbrub	canonical_feature_composed	feature_complete_target_support_insufficient	downgraded	nonadmissible_observation
སྦྲུམ	sbrum	sbrum	canonical_feature_composed	feature_complete_target_support_insufficient	downgraded	nonadmissible_observation
སྨ	sma	sma	canonical_feature_composed	feature_complete_target_support_insufficient	downgraded	nonadmissible_observation
སྨགས	smags	smags	canonical_feature_composed	feature_complete_unique	retained	Current strict composition matches the baseline target.
སྨར	smar	smar	canonical_feature_composed	feature_complete_unique	retained	Current strict composition matches the baseline target.
སྨིག	smig	smig	canonical_feature_composed	feature_complete_unique	retained	Current strict composition matches the baseline target.
སྨིན	smin	smin	canonical_feature_composed	feature_complete_unique	retained	Current strict composition matches the baseline target.
སྨུ	smu	smu	canonical_feature_composed	feature_complete_unique	retained	Current strict composition matches the baseline target.
སྨུག	smug	smug	canonical_feature_composed	feature_complete_unique	retained	Current strict composition matches the baseline target.
སྨུགས	smugs	smugs	canonical_feature_composed	feature_complete_target_support_insufficient	downgraded	nonadmissible_observation
སྨོད	smod	smod	canonical_feature_composed	feature_complete_target_support_insufficient	downgraded	nonadmissible_observation
སྨོན	smon	smon	canonical_feature_composed	feature_complete_unique	retained	Current strict composition matches the baseline target.
སྨོས	smos	smos	canonical_feature_composed	feature_complete_unique	retained	Current strict composition matches the baseline target.
སྨྱག	smyag	smyag	canonical_feature_composed	feature_complete_target_support_insufficient	downgraded	nonadmissible_observation
སྨྱགས	smyags	smyags	canonical_feature_composed	feature_complete_target_support_insufficient	downgraded	nonadmissible_observation
སྨྱིག	smyig	smyig	canonical_feature_composed	feature_complete_unique	retained	Current strict composition matches the baseline target.
སྨྱུག	smyug	smyug	canonical_feature_composed	feature_complete_unique	retained	Current strict composition matches the baseline target.
སྨྱུང	smyuṅ	smyuṅ	canonical_feature_composed	feature_complete_unique	retained	Current strict composition matches the baseline target.
སྨྱུན	smyun	smyun	canonical_feature_composed	feature_complete_target_support_insufficient	downgraded	nonadmissible_observation
སྨྲས	smras	smras	canonical_feature_composed	feature_complete_unique	retained	Current strict composition matches the baseline target.
སྨྲིག	smrig	smrig	canonical_feature_composed	feature_complete_target_support_insufficient	downgraded	nonadmissible_observation
