tibetan_syllable	normalized_source_variant	source_variants_and_counts	proposed_target	candidate_count	dominant_count	damaged_count	insufficient_count	competing_count	structure_mismatch_count	marker_attached_count	accepted_form_evidence	volumes
ཤིང	sin	sin:36; Sin:20; sih:2	siṅ	58	0	0	0	58	0	0	30	wts_1_34;wts_35_51;wts_8_b
ཁོང	khon	khon:28; Khon:1	khoṅ	29	0	1	0	28	0	0	1	wts_1_34
ཀང	kan	kan:21	kaṅ	21	0	1	20	0	0	0	1	wts_1_34
ཀློང	klon	klon:20	kloṅ	20	0	1	0	19	0	0	3	wts_1_34
ཏིང	tin	tin:16	tiṅ	16	0	0	0	16	0	0	1	wts_1_34;wts_8_b
ལུང	lun	lun:14; luh:1	luṅ	15	0	0	0	15	0	0	12	wts_1_34;wts_35_51
སློང	slon	slon:15	sloṅ	15	0	0	0	15	0	0	1	wts_1_34
ཅང	can	can:13	caṅ	13	0	2	11	0	0	0	1	wts_1_34
སྙིང	sin	sin:13	siṅ	13	0	0	0	13	0	0	3	wts_1_34
གླེང	glen	glen:12	gleṅ	12	0	1	0	11	0	0	1	wts_1_34
གློང	gron	gron:11	groṅ	11	0	0	0	0	11	0	1	wts_1_34
གཏང	gtan	gtan:10	gtaṅ	10	0	1	9	0	0	0	1	wts_1_34
དགུང	dgun	dgun:10	dguṅ	10	0	1	9	0	0	0	1	wts_1_34;wts_35_51
གྱོང	gyon	gyon:8	gyoṅ	8	0	0	8	0	0	0	1	wts_1_34
བགྲང	bgran	bgran:8	bgraṅ	8	0	0	8	0	0	0	1	wts_1_34
ཀྱོང	gyon	gyon:7	gyoṅ	7	0	0	7	0	0	0	1	wts_1_34
འཆེང	chin	chin:7	chiṅ	7	0	0	7	0	0	0	1	wts_1_34
རྟིང	rtin	rtin:7	rtiṅ	7	0	0	7	0	0	0	1	wts_1_34
རུང	run	run:6	ruṅ	6	0	0	6	0	0	0	1	wts_1_34
སང	san	san:6	saṅ	6	0	0	0	6	0	0	3	wts_1_34
ཀྱང	kyan	kyan:4	kyaṅ	4	0	0	0	4	0	0	3	wts_1_34
ཀྲོང	kron	kron:4	kroṅ	4	0	0	4	0	0	0	1	wts_1_34
ཞེང	zen	Zen:4	zeṅ	4	0	0	0	4	0	0	1	wts_1_34
རོང	ron	ron:4	roṅ	4	0	0	0	4	0	0	2	wts_1_34
ཕྱུང	phyun	phyun:3	phyuṅ	3	0	0	0	3	0	0	4	wts_1_34
ཁྱུང	khyun	khyun:2	khyuṅ	2	2	0	0	0	0	0	2	wts_1_34
གདང	gdan	gdan:2	gdaṅ	2	0	0	0	2	0	0	9	wts_1_34
གདུང	gdun	gdun:2	gduṅ	2	2	0	0	0	0	0	28	wts_1_34
གཡང	g.yan	g.yan:2	g.yaṅ	2	0	0	2	0	0	0	1	wts_35_51;wts_9_m
ཏང	tan	tan:2	taṅ	2	2	0	0	0	0	0	3	wts_1_34
དབྱུང	dbyun	dbyun:2	dbyuṅ	2	2	0	0	0	0	0	8	wts_1_34
བང	ban	ban:2	baṅ	2	0	0	0	2	0	0	12	wts_1_34
བསྲུང	bsrun	bsrun:2	bsruṅ	2	2	0	0	0	0	0	4	wts_1_34
བློང	blon	blon:2	bloṅ	2	0	0	2	0	0	0	1	wts_8_b
མཇིང	mjin	mjin:2	mjiṅ	2	0	0	2	0	0	0	1	wts_1_34
མདོང	mdon	mdon:2	mdoṅ	2	0	0	2	0	0	0	1	wts_1_34
ཞང	zan	Zan:2	Zaṅ	2	0	0	2	0	0	0	1	wts_1_34
འདིང	din	din:2	diṅ	2	0	0	2	0	0	0	1	wts_1_34
འཕྱོང	phyon	phyon:2	phyoṅ	2	0	0	2	0	0	0	1	wts_35_51
འབྱོང	byon	byon:2	byoṅ	2	2	0	0	0	0	0	2	wts_8_b
འཚང	tshan	tshan:2	tshaṅ	2	0	0	0	2	0	0	1	wts_1_34
ཡོང	yon	yon:2	yoṅ	2	2	0	0	0	0	0	2	wts_1_34
ལྡིང	ldin	ldin:2	ldiṅ	2	2	0	0	0	0	0	8	wts_1_34
ལྷུང	lhun	lhun:2	lhuṅ	2	2	0	0	0	0	0	3	wts_1_34
ཤང	san	San:2	Saṅ	2	0	0	0	2	0	0	1	wts_1_34
སྟང	stan	stan:2	staṅ	2	0	0	0	2	0	0	2	wts_1_34
སྡང	sdan	sdan:2	sdaṅ	2	2	0	0	0	0	0	5	wts_1_34
སྦྱང	sbyan	sbyan:2	sbyaṅ	2	2	0	0	0	0	0	7	wts_1_34
སྲང	srun	srun:2	sruṅ	2	0	0	0	2	0	0	1	wts_1_34
སྲོང	spon	spoh:1; spon:1	spoṅ	2	0	0	0	0	2	0	2	wts_1_34
ཧང	han	han:2	haṅ	2	0	0	2	0	0	0	1	wts_1_34
གཅུང	gcun	gcun:1	gcuṅ	1	0	0	1	0	0	0	1	wts_1_34
གདེང	gden	gden:1	gdeṅ	1	1	0	0	0	0	0	8	wts_1_34
གཞུང	gzun	gzun:1	gZuṅ	1	0	0	1	0	0	0	1	wts_1_34
ཐྲང	than	than:1	thaṅ	1	0	0	0	0	1	0	1	wts_1_34
དཔང	dpan	dpan:1	dpaṅ	1	1	0	0	0	0	0	9	wts_1_34
ནིང	nin	nin:1	niṅ	1	0	0	0	1	0	0	1	wts_1_34
པྲང	bran	bran:1	braṅ	1	0	0	1	0	0	0	1	wts_1_34
ཕང	phan	phan:1	phaṅ	1	0	0	0	1	0	0	6	wts_1_34
བབཟུང	bzun	bzun:1	bzuṅ	1	0	0	1	0	0	0	1	wts_1_34
བསྐྱེང	bskyen	bskyen:1	bskyeṅ	1	0	0	1	0	0	0	1	wts_1_34
བུང	bun	bun:1	buṅ	1	0	0	0	1	0	0	5	wts_1_34
མཐང	mthon	mthon:1	mthoṅ	1	0	0	1	0	0	0	1	wts_1_34
མདུང	mdun	mdun:1	mduṅ	1	1	0	0	0	0	0	15	wts_1_34
མེང	min	min:1	miṅ	1	0	0	0	1	0	0	2	wts_1_34
མྐྱོང	myon	myon:1	myoṅ	1	0	0	1	0	0	0	1	wts_1_34
ཚོང	tshon	tshon:1	tshoṅ	1	0	0	0	1	0	0	2	wts_8_b
འགང	gon	gon:1	goṅ	1	0	0	1	0	0	0	1	wts_1_34
འཕོང	phon	phon:1	phoṅ	1	0	0	0	1	0	0	4	wts_1_34
འཕྲང	phran	phran:1	phraṅ	1	0	0	0	1	0	0	3	wts_35_51
རྐྱོང	rkyon	rkyon:1	rkyoṅ	1	0	0	1	0	0	0	1	wts_1_34
རྡུང	rdun	rdun:1	rduṅ	1	1	0	0	0	0	0	2	wts_1_34
རྨང	rman	rman:1	rmaṅ	1	1	0	0	0	0	0	4	wts_1_34
རྫིང	rdzin	rdzin:1	rdziṅ	1	1	0	0	0	0	0	3	wts_9_m
རྱོང	myon	myon:1	myoṅ	1	0	0	0	1	0	0	2	wts_1_34
ལྗང	dan	Dan:1	daṅ	1	0	0	0	1	0	0	1	wts_1_34
སིང	sin	sin:1	siṅ	1	0	0	1	0	0	0	1	wts_1_34
སྡིང	sdin	sdih:1	sdiṅ	1	0	0	1	0	0	0	1	wts_35_51
སྡེང	sden	sden:1	sdeṅ	1	0	0	1	0	0	0	1	wts_1_34
སྦྲང	sbran	sbran:1	sbraṅ	1	1	0	0	0	0	0	35	wts_1_34
